[03Aug2025 02:07:41.953] [main/INFO] [cpw.mods.modlauncher.Launcher/MODLAUNCHER]: ModLauncher running: args [--launchTarget, forgeserver, --fml.forgeVersion, 47.3.7, --fml.mcVersion, 1.20.1, --fml.forgeGroup, net.minecraftforge, --fml.mcpVersion, 20230612.114412, nogui]
[03Aug2025 02:07:41.958] [main/INFO] [cpw.mods.modlauncher.Launcher/MODLAUNCHER]: ModLauncher 10.0.9+10.0.9+main.dcd20f30 starting: java version 17.0.15 by Ubuntu; OS Linux arch amd64 version 6.8.0-1030-azure
[03Aug2025 02:07:56.450] [main/INFO] [net.minecraftforge.fml.loading.ImmediateWindowHandler/]: ImmediateWindowProvider not loading because launch target is forgeserver
[03Aug2025 02:07:56.635] [main/INFO] [mixin/]: SpongePowered MIXIN Subsystem Version=0.8.5 Source=union:/workspaces/KarmaCalde/servidor_minecraft/libraries/org/spongepowered/mixin/0.8.5/mixin-0.8.5.jar%2365!/ Service=ModLauncher Env=SERVER
[03Aug2025 02:07:57.468] [main/WARN] [net.minecraftforge.fml.loading.moddiscovery.ModFileParser/LOADING]: Mod file /workspaces/KarmaCalde/servidor_minecraft/libraries/net/minecraftforge/fmlcore/1.20.1-47.3.7/fmlcore-1.20.1-47.3.7.jar is missing mods.toml file
[03Aug2025 02:07:57.469] [main/WARN] [net.minecraftforge.fml.loading.moddiscovery.ModFileParser/LOADING]: Mod file /workspaces/KarmaCalde/servidor_minecraft/libraries/net/minecraftforge/javafmllanguage/1.20.1-47.3.7/javafmllanguage-1.20.1-47.3.7.jar is missing mods.toml file
[03Aug2025 02:07:57.470] [main/WARN] [net.minecraftforge.fml.loading.moddiscovery.ModFileParser/LOADING]: Mod file /workspaces/KarmaCalde/servidor_minecraft/libraries/net/minecraftforge/lowcodelanguage/1.20.1-47.3.7/lowcodelanguage-1.20.1-47.3.7.jar is missing mods.toml file
[03Aug2025 02:07:57.471] [main/WARN] [net.minecraftforge.fml.loading.moddiscovery.ModFileParser/LOADING]: Mod file /workspaces/KarmaCalde/servidor_minecraft/libraries/net/minecraftforge/mclanguage/1.20.1-47.3.7/mclanguage-1.20.1-47.3.7.jar is missing mods.toml file
[03Aug2025 02:07:58.545] [main/WARN] [net.minecraftforge.jarjar.selection.JarSelector/]: Attempted to select two dependency jars from JarJar which have the same identification: Mod File:  and Mod File: . Using Mod File: 
[03Aug2025 02:07:58.547] [main/WARN] [net.minecraftforge.jarjar.selection.JarSelector/]: Attempted to select a dependency jar for JarJar which was passed in as source: fabric_api. Using Mod File: /workspaces/KarmaCalde/servidor_minecraft/mods/fabric-api-0.92.2+1.11.12+1.20.1.jar
[03Aug2025 02:07:58.547] [main/WARN] [net.minecraftforge.jarjar.selection.JarSelector/]: Attempted to select a dependency jar for JarJar which was passed in as source: resourcefullib. Using Mod File: /workspaces/KarmaCalde/servidor_minecraft/mods/resourcefullib-forge-1.20.1-2.1.29.jar
[03Aug2025 02:07:58.547] [main/WARN] [net.minecraftforge.jarjar.selection.JarSelector/]: Attempted to select a dependency jar for JarJar which was passed in as source: expandability. Using Mod File: /workspaces/KarmaCalde/servidor_minecraft/mods/expandability-9.0.4.jar
[03Aug2025 02:07:58.547] [main/INFO] [net.minecraftforge.fml.loading.moddiscovery.JarInJarDependencyLocator/]: Found 71 dependencies adding them to mods collection
[03Aug2025 02:08:04.794] [main/INFO] [mixin/]: Compatibility level set to JAVA_17
[03Aug2025 02:08:05.176] [main/ERROR] [mixin/]: Mixin config fabric-item-group-api-v1.mixins.json does not specify "minVersion" property
[03Aug2025 02:08:05.180] [main/ERROR] [mixin/]: Mixin config fabric-item-group-api-v1.client.mixins.json does not specify "minVersion" property
[03Aug2025 02:08:05.290] [main/ERROR] [mixin/]: Mixin config fabric-item-api-v1.client.mixins.json does not specify "minVersion" property
[03Aug2025 02:08:05.369] [main/ERROR] [mixin/]: Mixin config fabric-data-attachment-api-v1.mixins.json does not specify "minVersion" property
[03Aug2025 02:08:05.373] [main/ERROR] [mixin/]: Mixin config fabric-data-attachment-api-v1.client.mixins.json does not specify "minVersion" property
[03Aug2025 02:08:05.952] [main/INFO] [mixin/]: Successfully loaded Mixin Connector [shetiphian.core.mixins.MixinConnector]
[03Aug2025 02:08:05.954] [main/INFO] [mixin/]: Successfully loaded Mixin Connector [shetiphian.multibeds.mixins.MixinConnector]
[03Aug2025 02:08:05.955] [main/INFO] [mixin/]: Successfully loaded Mixin Connector [de.maxhenkel.camera.MixinConnector]
[03Aug2025 02:08:05.962] [main/INFO] [net.fabricmc.loader.impl.bootstrap.FabricLoaderBootstrap/]: Propagating FML mod list to Fabric Loader
[03Aug2025 02:08:05.982] [main/INFO] [cpw.mods.modlauncher.LaunchServiceHandler/MODLAUNCHER]: Launching target 'forgeserver' with arguments [nogui]
[03Aug2025 02:08:06.141] [main/WARN] [mixin/]: Reference map 'yungsextras.refmap.json' for yungsextras.mixins.json could not be read. If this is a development environment you can ignore this message
[03Aug2025 02:08:06.145] [main/WARN] [mixin/]: Reference map 'yungsextras.refmap.json' for yungsextras_forge.mixins.json could not be read. If this is a development environment you can ignore this message
[03Aug2025 02:08:06.408] [main/INFO] [Radium Config/]: Loaded configuration file for Radium: 125 options available, 1 override(s) found
[03Aug2025 02:08:06.464] [main/WARN] [mixin/]: Reference map 'EpheroLib-refmap.json' for epherolib.mixins.json could not be read. If this is a development environment you can ignore this message
[03Aug2025 02:08:06.468] [main/WARN] [mixin/]: Reference map 'untamedwilds.refmap.json' for mixins.untamedwilds.json could not be read. If this is a development environment you can ignore this message
[03Aug2025 02:08:06.501] [main/WARN] [mixin/]: Reference map 'puzzlesaccessapi.common.refmap.json' for puzzlesaccessapi.common.mixins.json could not be read. If this is a development environment you can ignore this message
[03Aug2025 02:08:06.518] [main/WARN] [mixin/]: Reference map 'mixins.netherskeletons.refmap.json' for mixins.netherskeletons.json could not be read. If this is a development environment you can ignore this message
[03Aug2025 02:08:06.556] [main/WARN] [mixin/]: Reference map 'fastpaintings-forge-refmap.json' for fastpaintings-forge.mixins.json could not be read. If this is a development environment you can ignore this message
[03Aug2025 02:08:06.639] [main/INFO] [Puzzles Lib/]: Loading 284 mods:
	- additional_lights 2.1.7
	- addonslib 1.20.1-1.4
	- adorable_eggs 1.0.1
	- advancementplaques 1.6.9
	- alexsmobs 1.22.9
	- alltheleaks 0.1.4-beta+1.20.1-forge
		\-- mixinsquared 0.2.0
	- alternate_current 1.7.0
	- amendments 1.20-1.2.19
	- animal_armor_trims 2.0.1
	- aquaculture 2.5.5
	- aquamirae 6.API15
	- architectury 9.2.14
	- artifacts 9.5.16
	- athena 3.1.2
	- attributefix 21.0.4
	- automessage 2.2.0
	- backpacked 2.2.5
	- badpackets 0.4.3
	- bagus_lib 1.20.1-5.3.0
	- balm 7.3.31
		\-- kuma_api 20.1.10
	- beb 4.0.0
	- betterdeserttemples 1.20-Forge-3.0.3
	- betterdungeons 1.20-Forge-4.0.4
	- betterendisland 1.20-Forge-2.0.6
	- betterfortresses 1.20-Forge-2.0.6
	- betterfpsdist 1.20.1-6.0
	- betterjungletemples 1.20-Forge-2.0.5
	- bettermineshafts 1.20-Forge-4.0.4
	- betteroceanmonuments 1.20-Forge-3.0.4
	- betterstrongholds 1.20-Forge-4.0.3
	- betterwitchhuts 1.20-Forge-3.0.3
	- biomesoplenty 19.0.0.96
	- bookshelf 20.2.13
	- brutalbosses 1.20.1-8.1
	- butchersdelight 1.20.12.1.0
	- bygonenether 1.3.2
	- camera 1.20.1-1.0.20
	- carryon 2.1.2.7
	- cataclysm 2.65
	- cerbons_api 1.0.0
	- cfm 7.0.0-pre36
	- chipped 3.0.7
	- chiselsandbits 1.4.148
		\-- scena 1.0.103
	- chunkloaders 1.2.8a
	- chunksending 1.20.1-2.8
	- citadel 2.6.1
	- cleanswing 1.8
	- clickadv 1.20.1-3.8
	- clientcrafting 1.20.1-1.8
	- cloth_config 11.1.136
	- collective 8.3
	- colourfulearth 1.20.1-2.1
	- comforts 6.4.0+1.20.1
	- connectedglass 1.1.13
	- connectivity 1.20.1-7.1
	- cookingforblockheads 16.0.13
	- coroutil 1.20.1-1.3.7
	- cosmeticarmorreworked 1.20.1-v1a
	- crabclaws 1.2.0
	- craftingtweaks 18.2.5
	- crashutilities 8.1.4
	- create 6.0.4
		|-- flywheel 1.0.2
		\-- ponder 1.0.52
	- creativecore 2.12.32
	- creeperoverhaul 3.0.2
	- croptopia 3.0.4
	- cupboard 1.20.1-2.7
	- curios 5.14.1+1.20.1
	- darkutils 17.0.5
	- decorative_blocks 4.0.2
	- deeperdarker 1.3.3
	- deuf 1.20.1-1.3
	- dimensionalsycnfixes 1.20.1-0.0.1
	- disenchanting_table 5.0.2
	- doggytalents 1.18.57
	- dramaticdoors 1.20.1-3.3.1
	- duckling 3.0.0
	- dungeoncrawl 2.3.15
	- dungeons_arise 2.1.58-1.20.x
	- eat_an_omelette 1.5.0
	- elevatorid 1.20.1-lex-1.9
	- emotecraft 2.2.7-b.build.50
	- ender_pack 2.2.0
	- epherolib 0.1.2
	- epicpowerbracelets 1.1.0
	- exclusive_weapons_armor_and_tools 3.0.0
	- expandability 9.0.4
	- fabric_api 0.92.2+1.11.12+1.20.1
		|-- fabric_api_lookup_api_v1 1.6.36+67f9824077
		|-- fabric_biome_api_v1 13.0.13+dc36698e77
		|-- fabric_block_api_v1 1.0.11+0e6cb7f777
		|-- fabric_block_view_api_v2 1.0.1+0767707077
		|-- fabric_blockrenderlayer_v1 1.1.41+1d0da21e77
		|-- fabric_client_tags_api_v1 1.1.2+5d6761b877
		|-- fabric_command_api_v1 1.2.34+f71b366f77
		|-- fabric_command_api_v2 2.2.13+561530ec77
		|-- fabric_content_registries_v0 4.0.11+a670df1e77
		|-- fabric_convention_tags_v1 1.5.5+fa3d1c0177
		|-- fabric_data_attachment_api_v1 1.0.0+30ef839e77
		|-- fabric_data_generation_api_v1 12.3.4+369cb3a477
		|-- fabric_dimensions_v1 2.1.54+8005d10d77
		|-- fabric_entity_events_v1 1.6.0+4ca7515277
		|-- fabric_events_interaction_v0 0.6.2+0d0bd5a777
		|-- fabric_game_rule_api_v1 1.0.40+683d4da877
		|-- fabric_item_api_v1 2.1.28+4d0bbcfa77
		|-- fabric_item_group_api_v1 4.0.12+c9161c2d77
		|-- fabric_key_binding_api_v1 1.0.37+561530ec77
		|-- fabric_lifecycle_events_v1 2.2.22+afab492177
		|-- fabric_loot_api_v2 1.2.1+eb28f93e77
		|-- fabric_message_api_v1 5.1.9+52cc178c77
		|-- fabric_mining_level_api_v1 2.1.50+561530ec77
		|-- fabric_model_loading_api_v1 1.0.3+6274ab9d77
		|-- fabric_models_v0 0.4.2+7c3892a477
		|-- fabric_networking_api_v1 1.3.11+503a202477
		|-- fabric_object_builder_api_v1 11.1.3+4bd998fa77
		|-- fabric_particles_v1 1.1.2+78e1ecb877
		|-- fabric_recipe_api_v1 1.0.21+514a076577
		|-- fabric_registry_sync_v0 2.3.3+1c0ea72177
		|-- fabric_renderer_api_v1 3.2.1+cf68abbe77
		|-- fabric_rendering_data_attachment_v1 0.3.37+a6081afc77
		|-- fabric_rendering_fluids_v1 3.0.28+4ac5e37a77
		|-- fabric_rendering_v1 3.0.8+66e9a48f77
		|-- fabric_resource_conditions_api_v1 2.3.8+9e342fc177
		|-- fabric_resource_loader_v0 0.11.10+bcd08ed377
		|-- fabric_screen_api_v1 2.0.8+45a670a577
		|-- fabric_screen_handler_api_v1 1.3.30+561530ec77
		|-- fabric_sound_api_v1 1.0.13+4f23bd8477
		|-- fabric_transfer_api_v1 3.3.5+631c9cd677
		\-- fabric_transitive_access_wideners_v1 4.3.1+1880499877
	- farmersdelight 1.20.1-1.2.8
	- fastasyncworldsave 1.20.1-2.4
	- fastpaintings 1.20-1.2.7
	- ferritecore 6.0.1
	- forge 47.3.7
	- framedblocks 9.4.1
	- framework 0.7.15
	- friendsandfoes 3.0.9
	- ftblibrary 2001.2.9
	- fusion 1.2.7+b
	- geckolib 4.7.3
	- glitchcore 0.0.1.1
	- goblintraders 1.9.3
	- golden_foods 2.4.0
	- healthy_water 1.0.1
	- hiddennames 1.20.1-1.0.6
	- highlighter 1.1.9
	- iceberg 1.1.25
	- incapacitated 1.20.1-1.4.4.2
	- infernalmobs 1.20.1.10
	- ironchest 1.20.1-14.4.4
	- jade 11.13.1+forge
	- jearchaeology 1.20.1-1.0.4
	- jei 15.20.0.112
	- jeresources 1.4.0.247
	- journeymap 5.10.3
	- k_turrets 3.0.39-1.20.1
	- kiwi 11.8.31+forge
	- konkrete 1.8.0
	- kotlinforforge 4.11.0
	- krypton 0.2.3
	- limitedchunks 1.8
	- lionfishapi 2.4-Fix
	- loadingbackgrounds 1.8.0
	- longer_following_time 1.0.0
	- lootintegrations 1.20.1-4.4
	- lootintegrations_yungs 1
	- luckytntlib 47.2.32.0
	- luckytntmod 2.4
	- magistuarmory 9.23
	- mca 7.6.7+1.20.1
	- mcwbiomesoplenty 1.20.1-1.2.1
	- mcwbridges 3.1.0
	- mcwdoors 1.1.2
	- mcwfences 1.2.0
	- mcwfurnitures 3.3.0
	- mcwlights 1.1.2
	- mcwpaintings 1.0.5
	- mcwpaths 1.1.0
	- mcwroofs 2.3.2
	- mcwtrpdoors 1.1.4
	- mcwwindows 2.3.0
	- medieval_buildings 1.1.1
	- medieval_nether 1.0.0
		\-- mixinextras 0.4.1
	- medievalend 1.0.1
	- melody 1.0.2
	- memorysettings 1.20.1-5.9
	- minecraft 1.20.1
	- minetraps 2.3.0a
	- mob_drops_recipes_nether 2.1.1
	- mobdropsrecipes_end 1.0.1
	- mobdropsrecipes_overworld 2.0.0
	- mobtimizations 1.20.1-1.0.0
	- modernlife 1.20.1-1.75
	- modonomicon 1.77.6
	- monolib 2.1.0
	- moonlight 1.20-2.14.4
	- more_beautiful_torches 3.0.0
	- more_bows_and_arrows 4.0.0
	- more_useful_copper 2.0.0
	- morevanillaarmor 1.20.1-5.1.2
	- moyai 1.20-2.1.4
	- multibeds 1.20.1-1.2
	- netherportalfix 13.0.1
	- netherskeletons 5.0
	- new_shield_variants 2.0.0
	- new_slab_variants 3.0.1
	- noisium 2.3.0+mc1.20-1.20.1
	- obscure_api 15
	- obsidianboat 3.1.4
	- occultism 1.141.4
	- overclocked_watches 1.1.0
	- overweight_farming 1.20.1-2.1.0-forge
	- paraglider 20.1.3
	- patchouli 1.20.1-84.1-FORGE
	- pickaxetrims 1.0.1
	- pigpen 15.0.2
	- placebo 8.6.3
	- playeranimator 1.0.2-rc1+1.20
	- plushies 1.4.0
	- polymorph 0.49.10+1.20.1
		\-- spectrelib 0.13.17+1.20.1
	- prism 1.0.5
	- puzzleslib 8.1.32
		\-- puzzlesaccessapi 20.1.1
	- radium 0.12.4+git.26c9d8e
	- reap 1.20.1-1.0.2
	- recipeessentials 1.20.1-4.0
	- redirected 1.0.0
	- repurposed_structures 7.1.17+1.20.1-forge
	- resourcefulconfig 2.1.3
	- resourcefullib 2.1.29
	- runelic 18.0.2
	- satako 7.0.33-1.20.1
	- searchables 1.0.3
	- searchlight 1.1.11
	- securitycraft 1.10.0.1
	- shetiphiancore 1.20.1-1.4
	- signpost 2.02.0
	- skinnedlanterns 1.20.1-1.3.5
	- smartbrainlib 1.15
	- smoothchunk 1.20.1-4.1
	- snowrealmagic 10.6.2
		|-- fabric_api_base 0.4.31+ef105b4977
		\-- fabric_renderer_indigo 1.5.2+b5b2da4177
	- snowundertrees 1.4.10
	- sophisticatedbackpacks 3.23.19.1251
	- sophisticatedcore 1.2.69.1005
	- spark 1.10.53
	- sparsestructuresreforged 1.20.1-0.0.1
	- stackable_stew_and_soup 2.0.1
	- startinv 1.0.0
	- structureessentials 1.20.1-4.7
	- super_ore_block 6.0.0
	- supermartijn642configlib 1.1.8
	- supermartijn642corelib 1.1.18
	- supplementaries 1.20-3.1.31
	- terrablender 3.0.1.10
	- theurgy 1.23.4
	- timeondisplay 2.0.0
	- tombstone 8.9.6
	- toolbelt 1.20.02
	- torchmaster 20.1.9
	- trapcraft 2.10.2
	- trashslot 15.1.2
	- trenzalore 3.3.10
	- trimeffects 2.1.2
	- tropicraft 9.6.3
	- txnilib 1.0.24
	- untamedwilds 4.0.4
	- usefulbackpacks 2.0.1.124
	- uteamcore 5.1.4.382
	- voicechat 1.20.1-2.5.30
	- wider_ender_chests 1.0.3
	- witherstormmod 4.2.1
		\-- crackerslib 1.20.1-0.4.1
	- xercamod 1.20.1-1.0.0
	- yungsapi 1.20-Forge-4.0.6
	- yungsbridges 1.20-Forge-4.0.3
	- yungsextras 1.20-Forge-4.0.3
[03Aug2025 02:08:06.780] [main/WARN] [mixin/]: Reference map 'Aquamirae.refmap.json' for aquamirae.mixins.json could not be read. If this is a development environment you can ignore this message
[03Aug2025 02:08:06.860] [main/WARN] [mixin/]: Reference map 'cookingforblockheads.refmap.json' for cookingforblockheads.mixins.json could not be read. If this is a development environment you can ignore this message
[03Aug2025 02:08:07.161] [main/WARN] [mixin/]: Reference map 'trashslot.refmap.json' for trashslot.mixins.json could not be read. If this is a development environment you can ignore this message
[03Aug2025 02:08:07.180] [main/WARN] [mixin/]: Reference map 'limitedchunks.refmap.json' for limitedchunks.mixins.json could not be read. If this is a development environment you can ignore this message
[03Aug2025 02:08:07.395] [main/WARN] [mixin/]: Reference map 'moyai-forge-refmap.json' for moyai.mixins.json could not be read. If this is a development environment you can ignore this message
[03Aug2025 02:08:07.459] [main/WARN] [mixin/]: Reference map 'more_beautiful_torches.refmap.json' for forge-more_beautiful_torches.forge.mixins.json could not be read. If this is a development environment you can ignore this message
[03Aug2025 02:08:07.467] [main/WARN] [mixin/]: Reference map 'modonomicon.refmap.json' for modonomicon.mixins.json could not be read. If this is a development environment you can ignore this message
[03Aug2025 02:08:07.471] [main/WARN] [mixin/]: Reference map 'modonomicon.refmap.json' for modonomicon.forge.mixins.json could not be read. If this is a development environment you can ignore this message
[03Aug2025 02:08:07.476] [main/WARN] [mixin/]: Reference map 'coroutil.refmap.json' for coroutil.mixins.json could not be read. If this is a development environment you can ignore this message
[03Aug2025 02:08:07.550] [main/WARN] [mixin/]: Reference map 'chiselsandbits.refmap.json' for chisels-and-bits.mixins.json could not be read. If this is a development environment you can ignore this message
[03Aug2025 02:08:08.121] [main/WARN] [mixin/]: Error loading class: sereneseasons/season/RandomUpdateHandler (java.lang.ClassNotFoundException: sereneseasons.season.RandomUpdateHandler)
[03Aug2025 02:08:08.121] [main/WARN] [mixin/]: @Mixin target sereneseasons.season.RandomUpdateHandler was not found snowrealmagic.mixins.json:sereneseasons.RandomUpdateHandlerMixin
[03Aug2025 02:08:08.123] [main/ERROR] [net.minecraftforge.fml.loading.RuntimeDistCleaner/DISTXFORM]: Attempted to load class net/minecraft/client/MouseHandler for invalid dist DEDICATED_SERVER
[03Aug2025 02:08:08.124] [main/WARN] [mixin/]: Error loading class: net/minecraft/client/MouseHandler (java.lang.RuntimeException: Attempted to load class net/minecraft/client/MouseHandler for invalid dist DEDICATED_SERVER)
[03Aug2025 02:08:08.124] [main/WARN] [mixin/]: @Mixin target net.minecraft.client.MouseHandler was not found fabric-screen-api-v1.mixins.json:MouseMixin
[03Aug2025 02:08:08.126] [main/ERROR] [net.minecraftforge.fml.loading.RuntimeDistCleaner/DISTXFORM]: Attempted to load class net/minecraft/client/gui/screens/Screen for invalid dist DEDICATED_SERVER
[03Aug2025 02:08:08.126] [main/WARN] [mixin/]: Error loading class: net/minecraft/client/gui/screens/Screen (java.lang.RuntimeException: Attempted to load class net/minecraft/client/gui/screens/Screen for invalid dist DEDICATED_SERVER)
[03Aug2025 02:08:08.126] [main/WARN] [mixin/]: @Mixin target net.minecraft.client.gui.screens.Screen was not found fabric-screen-api-v1.mixins.json:ScreenAccessor
[03Aug2025 02:08:08.423] [main/INFO] [net.minecraftforge.coremod.CoreMod.placebo/COREMODLOG]: Patching IForgeItemStack#getEnchantmentLevel
[03Aug2025 02:08:08.439] [main/INFO] [net.minecraftforge.coremod.CoreMod.placebo/COREMODLOG]: Patching IForgeItemStack#getEnchantmentLevel
[03Aug2025 02:08:08.758] [main/WARN] [Radium Config/]: Force-disabling mixin 'alloc.blockstate.StateMixin' as option 'mixin.alloc.blockstate' (added by mods [ferritecore]) disables it and children
[03Aug2025 02:08:09.101] [main/INFO] [dev.uncandango.alltheleaks.AllTheLeaks/]: Skipping issue ItemStackCreationStatistics from mod jei as it's dev only!
[03Aug2025 02:08:09.102] [main/INFO] [dev.uncandango.alltheleaks.AllTheLeaks/]: Class dev.uncandango.alltheleaks.leaks.common.mods.travelersbackpack.UntrackedIssue002 will NOT be loaded as mod travelersbackpack is not present
[03Aug2025 02:08:09.102] [main/INFO] [dev.uncandango.alltheleaks.AllTheLeaks/]: Class dev.uncandango.alltheleaks.leaks.common.mods.travelersbackpack.UntrackedIssue001 will NOT be loaded as mod travelersbackpack is not present
[03Aug2025 02:08:09.103] [main/INFO] [dev.uncandango.alltheleaks.AllTheLeaks/]: Class dev.uncandango.alltheleaks.leaks.common.mods.toolbelt.UntrackedIssue001 will be loaded as it matches versions: 1.20.02 in [1.20.0,)
[03Aug2025 02:08:09.103] [main/INFO] [dev.uncandango.alltheleaks.AllTheLeaks/]: Mixins added to allowed list: [main.EventHandlersMixin]
[03Aug2025 02:08:09.103] [main/INFO] [dev.uncandango.alltheleaks.AllTheLeaks/]: Class dev.uncandango.alltheleaks.leaks.common.mods.tfcthermaldeposits.UntrackedIssue001 will NOT be loaded as mod tfcthermaldeposits is not present
[03Aug2025 02:08:09.103] [main/INFO] [dev.uncandango.alltheleaks.AllTheLeaks/]: Class dev.uncandango.alltheleaks.leaks.common.mods.smallships.UntrackedIssue001 will NOT be loaded as mod smallships is not present
[03Aug2025 02:08:09.104] [main/INFO] [dev.uncandango.alltheleaks.AllTheLeaks/]: Class dev.uncandango.alltheleaks.leaks.common.mods.sereneseasons.UntrackedIssue001 will NOT be loaded as mod sereneseasons is not present
[03Aug2025 02:08:09.104] [main/INFO] [dev.uncandango.alltheleaks.AllTheLeaks/]: Class dev.uncandango.alltheleaks.leaks.common.mods.railcraft.UntrackedIssue001 will NOT be loaded as mod railcraft is not present
[03Aug2025 02:08:09.104] [main/INFO] [dev.uncandango.alltheleaks.AllTheLeaks/]: Class dev.uncandango.alltheleaks.leaks.common.mods.pneumaticcraft.UntrackedIssue001 will NOT be loaded as mod pneumaticcraft is not present
[03Aug2025 02:08:09.105] [main/INFO] [dev.uncandango.alltheleaks.AllTheLeaks/]: Class dev.uncandango.alltheleaks.leaks.common.mods.phosphophyllite.UntrackedIssue001 will NOT be loaded as mod phosphophyllite is not present
[03Aug2025 02:08:09.105] [main/INFO] [dev.uncandango.alltheleaks.AllTheLeaks/]: Class dev.uncandango.alltheleaks.leaks.common.mods.occultism.UntrackedIssue001 will be loaded as it matches versions: 1.141.4 in [1.80.7,)
[03Aug2025 02:08:09.106] [main/INFO] [dev.uncandango.alltheleaks.AllTheLeaks/]: Mixins added to allowed list: [main.OccultismCapabilitiesMixin]
[03Aug2025 02:08:09.106] [main/INFO] [dev.uncandango.alltheleaks.AllTheLeaks/]: Class dev.uncandango.alltheleaks.leaks.common.mods.moonlight.UntrackedIssue001 will be loaded as it matches versions: 1.20-2.14.4 in [1.20-2.13.32,)
[03Aug2025 02:08:09.106] [main/INFO] [dev.uncandango.alltheleaks.AllTheLeaks/]: Mixins added to allowed list: [main.FakeLevelManagerMixin]
[03Aug2025 02:08:09.107] [main/INFO] [dev.uncandango.alltheleaks.AllTheLeaks/]: Class dev.uncandango.alltheleaks.leaks.common.mods.minecraft.UntrackedIssue002 will be loaded as it matches versions: 1.20.1 in 1.20.1
[03Aug2025 02:08:09.107] [main/INFO] [dev.uncandango.alltheleaks.AllTheLeaks/]: Mixins added to allowed list: [main.EntityTickListMixin]
[03Aug2025 02:08:09.107] [main/INFO] [dev.uncandango.alltheleaks.AllTheLeaks/]: Class dev.uncandango.alltheleaks.leaks.common.mods.minecraft.UntrackedIssue001 will be loaded as it matches versions: 1.20.1 in 1.20.1
[03Aug2025 02:08:09.107] [main/INFO] [dev.uncandango.alltheleaks.AllTheLeaks/]: Class dev.uncandango.alltheleaks.leaks.common.mods.irons_spellbooks.UntrackedIssue001 will NOT be loaded as mod irons_spellbooks is not present
[03Aug2025 02:08:09.107] [main/INFO] [dev.uncandango.alltheleaks.AllTheLeaks/]: Class dev.uncandango.alltheleaks.leaks.common.mods.forge.UntrackedIssue003 will be loaded as it matches versions: 47.3.7 in [47.2,)
[03Aug2025 02:08:09.108] [main/INFO] [dev.uncandango.alltheleaks.AllTheLeaks/]: Class dev.uncandango.alltheleaks.leaks.common.mods.forge.UntrackedIssue002 will be loaded as it matches versions: 47.3.7 in [47.2,)
[03Aug2025 02:08:09.108] [main/INFO] [dev.uncandango.alltheleaks.AllTheLeaks/]: Mixins added to allowed list: [accessor.FakePlayerNetHandlerAccessor, accessor.ConnectionAccessor]
[03Aug2025 02:08:09.108] [main/INFO] [dev.uncandango.alltheleaks.AllTheLeaks/]: Class dev.uncandango.alltheleaks.leaks.common.mods.forge.UntrackedIssue001 will be loaded as it matches versions: 47.3.7 in [47.2,)
[03Aug2025 02:08:09.108] [main/INFO] [dev.uncandango.alltheleaks.AllTheLeaks/]: Mixins added to allowed list: [main.ServerPlayerMixin, main.PlayerListMixin]
[03Aug2025 02:08:09.108] [main/INFO] [dev.uncandango.alltheleaks.AllTheLeaks/]: Class dev.uncandango.alltheleaks.leaks.common.mods.forbidden_arcanus.UntrackedIssue001 will NOT be loaded as mod forbidden_arcanus is not present
[03Aug2025 02:08:09.108] [main/INFO] [dev.uncandango.alltheleaks.AllTheLeaks/]: Class dev.uncandango.alltheleaks.leaks.common.mods.domesticationinnovation.UntrackedIssue001 will NOT be loaded as mod domesticationinnovation is not present
[03Aug2025 02:08:09.109] [main/INFO] [dev.uncandango.alltheleaks.AllTheLeaks/]: Class dev.uncandango.alltheleaks.leaks.common.mods.curios.UntrackedIssue001 will be loaded as it matches versions: 5.14.1+1.20.1 in [5.9.1,)
[03Aug2025 02:08:09.109] [main/INFO] [dev.uncandango.alltheleaks.AllTheLeaks/]: Mixins added to allowed list: [main.CuriosEventHandlerMixin]
[03Aug2025 02:08:09.109] [main/INFO] [dev.uncandango.alltheleaks.AllTheLeaks/]: Class dev.uncandango.alltheleaks.leaks.common.mods.createaddition.UntrackedIssue001 will NOT be loaded as mod createaddition is not present
[03Aug2025 02:08:09.109] [main/INFO] [dev.uncandango.alltheleaks.AllTheLeaks/]: Class dev.uncandango.alltheleaks.leaks.common.mods.create.UntrackedIssue001 will be loaded as it matches versions: 6.0.4 in [0.5.1.c,)
[03Aug2025 02:08:09.109] [main/INFO] [dev.uncandango.alltheleaks.AllTheLeaks/]: Mixins added to allowed list: [accessor.ExtendoGripItemAccessor]
[03Aug2025 02:08:09.110] [main/INFO] [dev.uncandango.alltheleaks.AllTheLeaks/]: Class dev.uncandango.alltheleaks.leaks.common.mods.citadel.UntrackedIssue001 will be loaded as it matches versions: 2.6.1 in [2.5.4,)
[03Aug2025 02:08:09.110] [main/INFO] [dev.uncandango.alltheleaks.AllTheLeaks/]: Class dev.uncandango.alltheleaks.leaks.common.mods.betterf3.UntrackedIssue001 will NOT be loaded as mod betterf3 is not present
[03Aug2025 02:08:09.110] [main/INFO] [dev.uncandango.alltheleaks.AllTheLeaks/]: Class dev.uncandango.alltheleaks.leaks.common.mods.badpackets.UntrackedIssue001 will be loaded as it matches versions: 0.4.3 in [0.4.1,)
[03Aug2025 02:08:09.110] [main/INFO] [dev.uncandango.alltheleaks.AllTheLeaks/]: Class dev.uncandango.alltheleaks.leaks.common.mods.ars_nouveau.UntrackedIssue002 will NOT be loaded as mod ars_nouveau is not present
[03Aug2025 02:08:09.110] [main/INFO] [dev.uncandango.alltheleaks.AllTheLeaks/]: Class dev.uncandango.alltheleaks.leaks.common.mods.ars_nouveau.UntrackedIssue001 will NOT be loaded as mod ars_nouveau is not present
[03Aug2025 02:08:09.110] [main/INFO] [dev.uncandango.alltheleaks.AllTheLeaks/]: Class dev.uncandango.alltheleaks.leaks.common.mods.architectury.UntrackedIssue001 will be loaded as it matches versions: 9.2.14 in [9.0.8,)
[03Aug2025 02:08:09.111] [main/INFO] [dev.uncandango.alltheleaks.AllTheLeaks/]: Class dev.uncandango.alltheleaks.leaks.common.mods.alexsmobs.Issue2165 will be loaded as it matches versions: 1.22.9 in [1.22.5,)
[03Aug2025 02:08:09.111] [main/INFO] [dev.uncandango.alltheleaks.AllTheLeaks/]: Class dev.uncandango.alltheleaks.leaks.common.mods.aether.UntrackedIssue001 will NOT be loaded as mod aether is not present
[03Aug2025 02:08:09.112] [main/INFO] [dev.uncandango.alltheleaks.AllTheLeaks/]: Class dev.uncandango.alltheleaks.leaks.common.mods.ae2wtlib.UntrackedIssue001 will NOT be loaded as mod ae2wtlib is not present
[03Aug2025 02:08:09.112] [main/INFO] [dev.uncandango.alltheleaks.AllTheLeaks/]: Skipping issue [untracked] from mod twilightforest as it is client side only!
[03Aug2025 02:08:09.112] [main/INFO] [dev.uncandango.alltheleaks.AllTheLeaks/]: Skipping issue [untracked] from mod travelersbackpack as it is client side only!
[03Aug2025 02:08:09.112] [main/INFO] [dev.uncandango.alltheleaks.AllTheLeaks/]: Skipping issue [untracked] from mod tombstone as it is client side only!
[03Aug2025 02:08:09.112] [main/INFO] [dev.uncandango.alltheleaks.AllTheLeaks/]: Skipping issue [untracked] from mod sereneseasons as it is client side only!
[03Aug2025 02:08:09.112] [main/INFO] [dev.uncandango.alltheleaks.AllTheLeaks/]: Skipping issue [untracked] from mod pneumaticcraft as it is client side only!
[03Aug2025 02:08:09.113] [main/INFO] [dev.uncandango.alltheleaks.AllTheLeaks/]: Skipping issue [untracked] from mod nuclearcraft as it is client side only!
[03Aug2025 02:08:09.113] [main/INFO] [dev.uncandango.alltheleaks.AllTheLeaks/]: Skipping issue [untracked] from mod mowziesmobs as it is client side only!
[03Aug2025 02:08:09.113] [main/INFO] [dev.uncandango.alltheleaks.AllTheLeaks/]: Skipping issue [untracked] from mod mowziesmobs as it is client side only!
[03Aug2025 02:08:09.113] [main/INFO] [dev.uncandango.alltheleaks.AllTheLeaks/]: Skipping issue [untracked] from mod mousetweaks as it is client side only!
[03Aug2025 02:08:09.113] [main/INFO] [dev.uncandango.alltheleaks.AllTheLeaks/]: Skipping issue [untracked] from mod mna as it is client side only!
[03Aug2025 02:08:09.113] [main/INFO] [dev.uncandango.alltheleaks.AllTheLeaks/]: Skipping issue [untracked] from mod minecraft as it is client side only!
[03Aug2025 02:08:09.113] [main/INFO] [dev.uncandango.alltheleaks.AllTheLeaks/]: Skipping issue [untracked] from mod minecraft as it is client side only!
[03Aug2025 02:08:09.114] [main/INFO] [dev.uncandango.alltheleaks.AllTheLeaks/]: Skipping issue [untracked] from mod minecolonies as it is client side only!
[03Aug2025 02:08:09.114] [main/INFO] [dev.uncandango.alltheleaks.AllTheLeaks/]: Skipping issue [untracked] from mod minecolonies as it is client side only!
[03Aug2025 02:08:09.114] [main/INFO] [dev.uncandango.alltheleaks.AllTheLeaks/]: Skipping issue [untracked] from mod ldlib as it is client side only!
[03Aug2025 02:08:09.114] [main/INFO] [dev.uncandango.alltheleaks.AllTheLeaks/]: Skipping issue [untracked] from mod journeymap as it is client side only!
[03Aug2025 02:08:09.114] [main/INFO] [dev.uncandango.alltheleaks.AllTheLeaks/]: Skipping issue [untracked] from mod jeresources as it is client side only!
[03Aug2025 02:08:09.114] [main/INFO] [dev.uncandango.alltheleaks.AllTheLeaks/]: Skipping issue [untracked] from mod jei as it is client side only!
[03Aug2025 02:08:09.114] [main/INFO] [dev.uncandango.alltheleaks.AllTheLeaks/]: Skipping issue [untracked] from mod jei as it is client side only!
[03Aug2025 02:08:09.114] [main/INFO] [dev.uncandango.alltheleaks.AllTheLeaks/]: Skipping issue [untracked] from mod irons_spellbooks as it is client side only!
[03Aug2025 02:08:09.115] [main/INFO] [dev.uncandango.alltheleaks.AllTheLeaks/]: Skipping issue [untracked] from mod irons_spellbooks as it is client side only!
[03Aug2025 02:08:09.115] [main/INFO] [dev.uncandango.alltheleaks.AllTheLeaks/]: Skipping issue [untracked] from mod iceberg as it is client side only!
[03Aug2025 02:08:09.115] [main/INFO] [dev.uncandango.alltheleaks.AllTheLeaks/]: Skipping issue [untracked] from mod iceberg as it is client side only!
[03Aug2025 02:08:09.115] [main/INFO] [dev.uncandango.alltheleaks.AllTheLeaks/]: Skipping issue [untracked] from mod iceberg as it is client side only!
[03Aug2025 02:08:09.115] [main/INFO] [dev.uncandango.alltheleaks.AllTheLeaks/]: Skipping issue [untracked] from mod geckolib as it is client side only!
[03Aug2025 02:08:09.115] [main/INFO] [dev.uncandango.alltheleaks.AllTheLeaks/]: Skipping issue [untracked] from mod ftblibrary as it is client side only!
[03Aug2025 02:08:09.115] [main/INFO] [dev.uncandango.alltheleaks.AllTheLeaks/]: Skipping issue [untracked] from mod flywheel as it is client side only!
[03Aug2025 02:08:09.116] [main/INFO] [dev.uncandango.alltheleaks.AllTheLeaks/]: Skipping issue [untracked] from mod findme as it is client side only!
[03Aug2025 02:08:09.116] [main/INFO] [dev.uncandango.alltheleaks.AllTheLeaks/]: Skipping issue [untracked] from mod entity_texture_features as it is client side only!
[03Aug2025 02:08:09.116] [main/INFO] [dev.uncandango.alltheleaks.AllTheLeaks/]: Skipping issue [untracked] from mod entity_model_features as it is client side only!
[03Aug2025 02:08:09.116] [main/INFO] [dev.uncandango.alltheleaks.AllTheLeaks/]: Skipping issue [untracked] from mod emi_loot as it is client side only!
[03Aug2025 02:08:09.116] [main/INFO] [dev.uncandango.alltheleaks.AllTheLeaks/]: Skipping issue [untracked] from mod emi as it is client side only!
[03Aug2025 02:08:09.116] [main/INFO] [dev.uncandango.alltheleaks.AllTheLeaks/]: Skipping issue [untracked] from mod easy_villagers as it is client side only!
[03Aug2025 02:08:09.116] [main/INFO] [dev.uncandango.alltheleaks.AllTheLeaks/]: Skipping issue [untracked] from mod difficultylock as it is client side only!
[03Aug2025 02:08:09.117] [main/INFO] [dev.uncandango.alltheleaks.AllTheLeaks/]: Skipping issue [untracked] from mod cyclopscore as it is client side only!
[03Aug2025 02:08:09.117] [main/INFO] [dev.uncandango.alltheleaks.AllTheLeaks/]: Skipping issue [untracked] from mod corpse as it is client side only!
[03Aug2025 02:08:09.117] [main/INFO] [dev.uncandango.alltheleaks.AllTheLeaks/]: Skipping issue [untracked] from mod citadel as it is client side only!
[03Aug2025 02:08:09.117] [main/INFO] [dev.uncandango.alltheleaks.AllTheLeaks/]: Skipping issue [untracked] from mod blue_skies as it is client side only!
[03Aug2025 02:08:09.117] [main/INFO] [dev.uncandango.alltheleaks.AllTheLeaks/]: Skipping issue [untracked] from mod beansbackpacks as it is client side only!
[03Aug2025 02:08:09.117] [main/INFO] [dev.uncandango.alltheleaks.AllTheLeaks/]: Skipping issue [untracked] from mod badpackets as it is client side only!
[03Aug2025 02:08:09.118] [main/INFO] [dev.uncandango.alltheleaks.AllTheLeaks/]: Skipping issue [untracked] from mod ae2wtlib as it is client side only!
[03Aug2025 02:08:09.118] [main/INFO] [dev.uncandango.alltheleaks.AllTheLeaks/]: Skipping issue [untracked] from mod ae2wtlib as it is client side only!
[03Aug2025 02:08:09.118] [main/INFO] [dev.uncandango.alltheleaks.AllTheLeaks/]: Class dev.uncandango.alltheleaks.fix.common.mods.modernfix.CancelRLMixin will NOT be loaded as mod modernfix is not present
[03Aug2025 02:08:09.123] [main/INFO] [dev.uncandango.alltheleaks.AllTheLeaks/]: Skipping feature ResourceLocation Deduplication from mod minecraft as it's feature flag is not activated!
[03Aug2025 02:08:09.123] [main/INFO] [dev.uncandango.alltheleaks.AllTheLeaks/]: Skipping feature Ingredient Deduplication from mod minecraft as it's feature flag is not activated!
[03Aug2025 02:08:09.123] [main/INFO] [dev.uncandango.alltheleaks.AllTheLeaks/]: Skipping feature Prevent Search Ignored Items from mod jei as it's feature flag is not activated!
[03Aug2025 02:08:09.343] [main/INFO] [com.cupboard.Cupboard/]: Loaded config for: recipeessentials.json
[03Aug2025 02:08:09.366] [main/INFO] [com.cupboard.Cupboard/]: Loaded config for: structureessentials.json
[03Aug2025 02:08:09.697] [main/WARN] [mixin/]: Error loading class: net/minecraft/client/renderer/entity/PhantomRenderer (java.lang.ClassNotFoundException: net.minecraft.client.renderer.entity.PhantomRenderer)
[03Aug2025 02:08:09.697] [main/WARN] [mixin/]: @Mixin target net.minecraft.client.renderer.entity.PhantomRenderer was not found mixins.deeperdarker.json:PhantomRendererMixin
[03Aug2025 02:08:10.965] [main/INFO] [MixinExtras|Service/]: Initializing MixinExtras via com.llamalad7.mixinextras.service.MixinExtrasServiceImpl(version=0.4.1).
[03Aug2025 02:08:12.348] [main/INFO] [net.minecraftforge.coremod.CoreMod.placebo/COREMODLOG]: Patching IForgeItemStack#getEnchantmentLevel
[03Aug2025 02:08:12.350] [main/INFO] [net.minecraftforge.coremod.CoreMod.placebo/COREMODLOG]: Patching IForgeItemStack#getEnchantmentLevel
[03Aug2025 02:08:15.542] [main/WARN] [mixin/]: @Redirect conflict. Skipping mixins.redirected_forge_1.20.1.json:net.minecraft.world.level.block.piston.PistonBaseBlockMixin->@Redirect::redirectDirections()[Lnet/minecraft/core/Direction; with priority 10, already redirected by lithium.mixins.json:alloc.enum_values.piston_block.PistonBlockMixin->@Redirect::removeAllocation()[Lnet/minecraft/core/Direction; with priority 1000
[03Aug2025 02:08:15.542] [main/WARN] [mixin/]: @Redirect conflict. Skipping mixins.redirected_forge_1.20.1.json:net.minecraft.world.level.block.piston.PistonBaseBlockMixin->@Redirect::redirectDirections()[Lnet/minecraft/core/Direction; with priority 10, already redirected by lithium.mixins.json:alloc.enum_values.piston_block.PistonBlockMixin->@Redirect::removeAllocation()[Lnet/minecraft/core/Direction; with priority 1000
[03Aug2025 02:08:15.663] [main/WARN] [mixin/]: @Redirect conflict. Skipping mixins.redirected_forge_1.20.1.json:net.minecraft.world.level.block.RedStoneWireBlockMixin->@Redirect::redirectDirections()[Lnet/minecraft/core/Direction; with priority 10, already redirected by lithium.mixins.json:alloc.enum_values.redstone_wire.RedstoneWireBlockMixin->@Redirect::removeAllocation1()[Lnet/minecraft/core/Direction; with priority 1000
[03Aug2025 02:08:15.664] [main/WARN] [mixin/]: @Redirect conflict. Skipping mixins.redirected_forge_1.20.1.json:net.minecraft.world.level.block.RedStoneWireBlockMixin->@Redirect::redirectDirections()[Lnet/minecraft/core/Direction; with priority 10, already redirected by lithium.mixins.json:alloc.enum_values.redstone_wire.RedstoneWireBlockMixin->@Redirect::removeAllocation2()[Lnet/minecraft/core/Direction; with priority 1000
[03Aug2025 02:08:16.401] [main/INFO] [net.minecraftforge.coremod.CoreMod.placebo/COREMODLOG]: Patching IForgeItemStack#getEnchantmentLevel
[03Aug2025 02:08:16.402] [main/INFO] [net.minecraftforge.coremod.CoreMod.placebo/COREMODLOG]: Patching IForgeItemStack#getEnchantmentLevel
[03Aug2025 02:08:18.557] [main/WARN] [mixin/]: @Inject(@At("INVOKE")) Shift.BY=2 on witherstormmod.mixins.json:MixinSwellGoal::handler$cdg000$canUseInvoke exceeds the maximum allowed value: 0. Increase the value of maxShiftBy to suppress this warning.
[03Aug2025 02:08:20.522] [modloading-worker-0/INFO] [scena-forge/]: Initialized scena-forge
[03Aug2025 02:08:20.544] [modloading-worker-0/INFO] [satako/]: Satako loaded
[03Aug2025 02:08:21.348] [modloading-worker-0/INFO] [net.xalcon.torchmaster.Torchmaster/]: MCA Reborn detected, applying compat
[03Aug2025 02:08:21.569] [modloading-worker-0/INFO] [noisium/]: Loading Noisium.
[03Aug2025 02:08:22.011] [modloading-worker-0/INFO] [coroutil/]: forge loader environment detected
[03Aug2025 02:08:22.035] [modloading-worker-0/INFO] [TimeOnDisplay/]: Hello Forge world!
[03Aug2025 02:08:22.041] [modloading-worker-0/INFO] [TimeOnDisplay/]: Hello from TimeOnDisplay Common init on Forge! we are currently in a production environment!
[03Aug2025 02:08:22.045] [modloading-worker-0/INFO] [TimeOnDisplay/]: The ID for diamonds is minecraft:diamond
[03Aug2025 02:08:22.045] [modloading-worker-0/INFO] [TimeOnDisplay/]: Hello to TimeOnDisplay
[03Aug2025 02:08:22.296] [modloading-worker-0/INFO] [net.minecraftforge.common.ForgeMod/FORGEMOD]: Forge mod loading, version 47.3.7, for MC 1.20.1 with MCP 20230612.114412
[03Aug2025 02:08:22.296] [modloading-worker-0/INFO] [net.minecraftforge.common.MinecraftForge/FORGE]: MinecraftForge v47.3.7 Initialized
[03Aug2025 02:08:22.649] [modloading-worker-0/INFO] [untamedwilds.UntamedWilds/]: Loading compatibility module with Patchouli
[03Aug2025 02:08:22.985] [modloading-worker-0/INFO] [com.epherical.epherolib.config.CommonConfig/]: Creating default config file: croptopia_v3.conf
[03Aug2025 02:08:23.073] [modloading-worker-0/INFO] [snownee.kiwi.Kiwi/INIT]: Processing 6 KiwiModule annotations
[03Aug2025 02:08:23.333] [modloading-worker-0/INFO] [thedarkcolour.kotlinforforge.test.KotlinForForge/]: Kotlin For Forge Enabled!
[03Aug2025 02:08:23.359] [modloading-worker-0/INFO] [Puzzles Lib/]: Constructing common components for puzzleslib:main
[03Aug2025 02:08:23.996] [modloading-worker-0/INFO] [Bookshelf/]: Fixing MC-151457. Crafting remainder for minecraft:pufferfish_bucket is now minecraft:bucket.
[03Aug2025 02:08:23.996] [modloading-worker-0/INFO] [Bookshelf/]: Fixing MC-151457. Crafting remainder for minecraft:salmon_bucket is now minecraft:bucket.
[03Aug2025 02:08:23.997] [modloading-worker-0/INFO] [Bookshelf/]: Fixing MC-151457. Crafting remainder for minecraft:cod_bucket is now minecraft:bucket.
[03Aug2025 02:08:23.997] [modloading-worker-0/INFO] [Bookshelf/]: Fixing MC-151457. Crafting remainder for minecraft:tropical_fish_bucket is now minecraft:bucket.
[03Aug2025 02:08:23.997] [modloading-worker-0/INFO] [Bookshelf/]: Fixing MC-151457. Crafting remainder for minecraft:axolotl_bucket is now minecraft:bucket.
[03Aug2025 02:08:23.997] [modloading-worker-0/INFO] [Bookshelf/]: Fixing MC-151457. Crafting remainder for minecraft:powder_snow_bucket is now minecraft:bucket.
[03Aug2025 02:08:23.997] [modloading-worker-0/INFO] [Bookshelf/]: Fixing MC-151457. Crafting remainder for minecraft:tadpole_bucket is now minecraft:bucket.
[03Aug2025 02:08:24.238] [modloading-worker-0/INFO] [info.u_team.u_team_core.util.verify.JarSignVerifier/]: Mod uteamcore is signed with a valid certificate.
[03Aug2025 02:08:24.394] [modloading-worker-0/INFO] [de.keksuccino.melody.Melody/]: [MELODY] Disabling Melody since it's loaded server-side.
[03Aug2025 02:08:24.398] [modloading-worker-0/INFO] [de.keksuccino.konkrete.Konkrete/]: [KONKRETE] Successfully initialized!
[03Aug2025 02:08:24.398] [modloading-worker-0/INFO] [de.keksuccino.konkrete.Konkrete/]: [KONKRETE] Server-side libs ready to use!
[03Aug2025 02:08:24.522] [modloading-worker-0/INFO] [info.u_team.u_team_core.util.verify.JarSignVerifier/]: Mod usefulbackpacks is signed with a valid certificate.
[03Aug2025 02:08:24.959] [modloading-worker-0/INFO] [com.cupboard.Cupboard/]: Loaded config for: memorysettings.json
[03Aug2025 02:08:24.967] [modloading-worker-0/WARN] [com.memorysettings.config.CommonConfiguration/]: You have more memory allocated(12288mb) than recommended for this pack, the maximum is: 8500mb.
The recommended amount for your system is: 6998 mb.

[03Aug2025 02:08:24.972] [modloading-worker-0/INFO] [fr.samlegamer.mcwbiomesoplenty.McwBOP/]: Macaw's Biomes O' Plenty Loading...
[03Aug2025 02:08:25.098] [modloading-worker-0/INFO] [fr.samlegamer.mcwbiomesoplenty.McwBOP/]: Macaw's Biomes O' Plenty Is Charged !
[03Aug2025 02:08:25.120] [modloading-worker-0/INFO] [MobDropsRecipes End/]: Hello Forge world!
[03Aug2025 02:08:25.128] [modloading-worker-0/INFO] [MobDropsRecipes End/]: Hello from MobDropsRecipes End Common init on Forge! we are currently in a production environment!
[03Aug2025 02:08:25.128] [modloading-worker-0/INFO] [MobDropsRecipes End/]: The ID for diamonds is minecraft:diamond
[03Aug2025 02:08:25.129] [modloading-worker-0/INFO] [MobDropsRecipes End/]: Hello to MobDropsRecipes End
[03Aug2025 02:08:25.137] [modloading-worker-0/INFO] [Collective/]: Loading Collective version 8.3.
[03Aug2025 02:08:25.263] [modloading-worker-0/WARN] [yungsapi/]: WARNING: block Block{minecraft:coal_ore} added to BlockStateRandomizer exceeds max probabiltiy of 1!
[03Aug2025 02:08:25.436] [modloading-worker-0/INFO] [dev.architectury.networking.forge.NetworkManagerImpl/]: Registering C2S receiver with id architectury:sync_ids
[03Aug2025 02:08:25.501] [modloading-worker-0/INFO] [dev.architectury.networking.forge.NetworkManagerImpl/]: Registering C2S receiver with id ftblibrary:edit_nbt_response
[03Aug2025 02:08:25.535] [modloading-worker-0/INFO] [com.cupboard.Cupboard/]: Loaded config for: cupboard.json
[03Aug2025 02:08:25.799] [modloading-worker-0/INFO] [MobDropsRecipes Overworld/]: Hello Forge world!
[03Aug2025 02:08:25.803] [modloading-worker-0/INFO] [MobDropsRecipes Overworld/]: Hello from MobDropsRecipes Overworld Common init on Forge! we are currently in a production environment!
[03Aug2025 02:08:25.803] [modloading-worker-0/INFO] [MobDropsRecipes Overworld/]: The ID for diamonds is minecraft:diamond
[03Aug2025 02:08:25.804] [modloading-worker-0/INFO] [MobDropsRecipes Overworld/]: Hello to MobDropsRecipes Overworld
[03Aug2025 02:08:25.822] [modloading-worker-0/ERROR] [net.minecraftforge.eventbus.EventSubclassTransformer/EVENTBUS]: Could not find parent net/minecraft/client/renderer/entity/layers/RenderLayer for class com/obscuria/obscureapi/client/renderer/PatreonLayer in classloader cpw.mods.modlauncher.TransformingClassLoader@27ec0d06 on thread Thread[modloading-worker-0,5,main]
[03Aug2025 02:08:25.825] [modloading-worker-0/ERROR] [net.minecraftforge.eventbus.EventSubclassTransformer/EVENTBUS]: An error occurred building event handler
java.lang.ClassNotFoundException: net.minecraft.client.renderer.entity.layers.RenderLayer
	at cpw.mods.cl.ModuleClassLoader.loadClass(ModuleClassLoader.java:141) ~[securejarhandler-2.1.10.jar:?]
	at java.lang.ClassLoader.loadClass(ClassLoader.java:525) ~[?:?]
	at net.minecraftforge.eventbus.EventSubclassTransformer.buildEvents(EventSubclassTransformer.java:97) ~[eventbus-6.0.5.jar%2352!/:?]
	at net.minecraftforge.eventbus.EventSubclassTransformer.transform(EventSubclassTransformer.java:48) ~[eventbus-6.0.5.jar%2352!/:?]
	at net.minecraftforge.eventbus.EventBusEngine.processClass(EventBusEngine.java:26) ~[eventbus-6.0.5.jar%2352!/:?]
	at net.minecraftforge.eventbus.service.ModLauncherService.processClassWithFlags(ModLauncherService.java:32) ~[eventbus-6.0.5.jar%2352!/:6.0.5+6.0.5+master.eb8e549b]
	at cpw.mods.modlauncher.LaunchPluginHandler.offerClassNodeToPlugins(LaunchPluginHandler.java:88) ~[modlauncher-10.0.9.jar%2355!/:?]
	at cpw.mods.modlauncher.ClassTransformer.transform(ClassTransformer.java:120) ~[modlauncher-10.0.9.jar%2355!/:?]
	at cpw.mods.modlauncher.TransformingClassLoader.maybeTransformClassBytes(TransformingClassLoader.java:50) ~[modlauncher-10.0.9.jar%2355!/:?]
	at cpw.mods.cl.ModuleClassLoader.readerToClass(ModuleClassLoader.java:113) ~[securejarhandler-2.1.10.jar:?]
	at cpw.mods.cl.ModuleClassLoader.lambda$findClass$15(ModuleClassLoader.java:219) ~[securejarhandler-2.1.10.jar:?]
	at cpw.mods.cl.ModuleClassLoader.loadFromModule(ModuleClassLoader.java:229) ~[securejarhandler-2.1.10.jar:?]
	at cpw.mods.cl.ModuleClassLoader.findClass(ModuleClassLoader.java:219) ~[securejarhandler-2.1.10.jar:?]
	at cpw.mods.cl.ModuleClassLoader.loadClass(ModuleClassLoader.java:135) ~[securejarhandler-2.1.10.jar:?]
	at java.lang.ClassLoader.loadClass(ClassLoader.java:525) ~[?:?]
	at java.lang.ClassLoader.defineClass0(Native Method) ~[?:?]
	at java.lang.System$2.defineClass(System.java:2324) ~[?:?]
	at java.lang.invoke.MethodHandles$Lookup$ClassDefiner.defineClass(MethodHandles.java:2439) ~[?:?]
	at java.lang.invoke.MethodHandles$Lookup$ClassDefiner.defineClassAsLookup(MethodHandles.java:2420) ~[?:?]
	at java.lang.invoke.MethodHandles$Lookup.defineHiddenClass(MethodHandles.java:2127) ~[?:?]
	at java.lang.invoke.InnerClassLambdaMetafactory.generateInnerClass(InnerClassLambdaMetafactory.java:407) ~[?:?]
	at java.lang.invoke.InnerClassLambdaMetafactory.spinInnerClass(InnerClassLambdaMetafactory.java:315) ~[?:?]
	at java.lang.invoke.InnerClassLambdaMetafactory.buildCallSite(InnerClassLambdaMetafactory.java:228) ~[?:?]
	at java.lang.invoke.LambdaMetafactory.metafactory(LambdaMetafactory.java:341) ~[?:?]
	at java.lang.invoke.BootstrapMethodInvoker.invoke(BootstrapMethodInvoker.java:134) ~[?:?]
	at java.lang.invoke.CallSite.makeSite(CallSite.java:315) ~[?:?]
	at java.lang.invoke.MethodHandleNatives.linkCallSiteImpl(MethodHandleNatives.java:281) ~[?:?]
	at java.lang.invoke.MethodHandleNatives.linkCallSite(MethodHandleNatives.java:271) ~[?:?]
	at com.obscuria.obscureapi.client.renderer.PatreonLayer$Mode.<clinit>(PatreonLayer.java:55) ~[obscure_api-15.jar%23492!/:com.obscuria]
	at com.obscuria.obscureapi.ObscureAPIConfig$Client.<clinit>(ObscureAPIConfig.java:28) ~[obscure_api-15.jar%23492!/:com.obscuria]
	at com.obscuria.obscureapi.ObscureAPIConfig.register(ObscureAPIConfig.java:46) ~[obscure_api-15.jar%23492!/:com.obscuria]
	at com.obscuria.obscureapi.ObscureAPI.<init>(ObscureAPI.java:69) ~[obscure_api-15.jar%23492!/:com.obscuria]
	at jdk.internal.reflect.NativeConstructorAccessorImpl.newInstance0(Native Method) ~[?:?]
	at jdk.internal.reflect.NativeConstructorAccessorImpl.newInstance(NativeConstructorAccessorImpl.java:77) ~[?:?]
	at jdk.internal.reflect.DelegatingConstructorAccessorImpl.newInstance(DelegatingConstructorAccessorImpl.java:45) ~[?:?]
	at java.lang.reflect.Constructor.newInstanceWithCaller(Constructor.java:500) ~[?:?]
	at java.lang.reflect.Constructor.newInstance(Constructor.java:481) ~[?:?]
	at net.minecraftforge.fml.javafmlmod.FMLModContainer.constructMod(FMLModContainer.java:70) ~[javafmllanguage-1.20.1-47.3.7.jar%23565!/:?]
	at net.minecraftforge.fml.ModContainer.lambda$buildTransitionHandler$4(ModContainer.java:124) ~[fmlcore-1.20.1-47.3.7.jar%23564!/:?]
	at java.util.concurrent.CompletableFuture$AsyncRun.run(CompletableFuture.java:1804) ~[?:?]
	at java.util.concurrent.CompletableFuture$AsyncRun.exec(CompletableFuture.java:1796) ~[?:?]
	at java.util.concurrent.ForkJoinTask.doExec(ForkJoinTask.java:373) ~[?:?]
	at java.util.concurrent.ForkJoinPool$WorkQueue.topLevelExec(ForkJoinPool.java:1182) ~[?:?]
	at java.util.concurrent.ForkJoinPool.scan(ForkJoinPool.java:1655) ~[?:?]
	at java.util.concurrent.ForkJoinPool.runWorker(ForkJoinPool.java:1622) ~[?:?]
	at java.util.concurrent.ForkJoinWorkerThread.run(ForkJoinWorkerThread.java:165) ~[?:?]
[03Aug2025 02:08:25.831] [modloading-worker-0/ERROR] [net.minecraftforge.fml.loading.RuntimeDistCleaner/DISTXFORM]: Attempted to load class com/obscuria/obscureapi/client/renderer/PatreonLayer for invalid dist DEDICATED_SERVER
[03Aug2025 02:08:25.909] [modloading-worker-0/INFO] [com.simibubi.create.Create/]: Create 6.0.4 initializing! Commit hash: 254bb816aee1c056c74b2ad4beb88222a499da78
[03Aug2025 02:08:26.675] [modloading-worker-0/INFO] [dev.architectury.networking.forge.NetworkManagerImpl/]: Registering C2S receiver with id artifacts:networking_channel/42a7ad70b1cc371599a0eff744096b8a
[03Aug2025 02:08:26.676] [modloading-worker-0/INFO] [dev.architectury.networking.forge.NetworkManagerImpl/]: Registering C2S receiver with id artifacts:networking_channel/74a5e841822a3a87854ae896a33430d6
[03Aug2025 02:08:26.686] [modloading-worker-0/INFO] [dev.architectury.networking.forge.NetworkManagerImpl/]: Registering C2S receiver with id artifacts:networking_channel/eb3d1e2748533430848cadf0f37c7e9c
[03Aug2025 02:08:26.699] [modloading-worker-0/INFO] [dev.architectury.networking.forge.NetworkManagerImpl/]: Registering C2S receiver with id artifacts:networking_channel/91c8520f19f93b3e8b6a727568e194ab
[03Aug2025 02:08:26.700] [modloading-worker-0/INFO] [dev.architectury.networking.forge.NetworkManagerImpl/]: Registering C2S receiver with id artifacts:networking_channel/8c2784d778293fd482ed84b8aa5fedb9
[03Aug2025 02:08:26.705] [modloading-worker-0/INFO] [dev.architectury.networking.forge.NetworkManagerImpl/]: Registering C2S receiver with id artifacts:networking_channel/ea038224ea783d40b2863f52239e2604
[03Aug2025 02:08:26.710] [modloading-worker-0/INFO] [dev.architectury.networking.forge.NetworkManagerImpl/]: Registering C2S receiver with id artifacts:networking_channel/97ad64b7ecaf33209991c4f031501a58
[03Aug2025 02:08:27.349] [modloading-worker-0/INFO] [dev.architectury.networking.forge.NetworkManagerImpl/]: Registering C2S receiver with id magistuarmory:packet_long_reach_attack
[03Aug2025 02:08:27.353] [modloading-worker-0/INFO] [dev.architectury.networking.forge.NetworkManagerImpl/]: Registering C2S receiver with id magistuarmory:packet_lance_collision
[03Aug2025 02:08:27.548] [modloading-worker-0/INFO] [Dungeon Crawl/]: Here we go! Launching Dungeon Crawl 2.3.15...
[03Aug2025 02:08:27.584] [modloading-worker-0/INFO] [AutoMessage/]: Hello Forge world!
[03Aug2025 02:08:27.588] [modloading-worker-0/INFO] [AutoMessage/]: Hello from AutoMessage Common init on Forge! we are currently in a production environment!
[03Aug2025 02:08:27.589] [modloading-worker-0/INFO] [AutoMessage/]: The ID for diamonds is minecraft:diamond
[03Aug2025 02:08:27.590] [modloading-worker-0/INFO] [AutoMessage/]: Hello to AutoMessage
[03Aug2025 02:08:28.074] [modloading-worker-0/INFO] [be.florens.expandability.ExpandAbility/]: ExpandAbility here, who dis?
[03Aug2025 02:08:28.077] [modloading-worker-0/INFO] [mod.chiselsandbits.forge.Forge/]: Initialized Chisels&Bits - Forge
[03Aug2025 02:08:28.198] [modloading-worker-0/INFO] [mod.chiselsandbits.registrars.ModBlockEntityTypes/]: Loaded block entity configuration.
[03Aug2025 02:08:28.212] [modloading-worker-0/INFO] [mod.chiselsandbits.registrars.ModBlocks/]: Loaded block configuration.
[03Aug2025 02:08:28.221] [modloading-worker-0/INFO] [mod.chiselsandbits.registrars.ModChiselModeGroups/]: Loaded chisel mode group configuration.
[03Aug2025 02:08:28.952] [modloading-worker-0/INFO] [mod.chiselsandbits.registrars.ModChiselModes/]: Loaded chisel mode configuration.
[03Aug2025 02:08:28.954] [modloading-worker-0/INFO] [mod.chiselsandbits.registrars.ModContainerTypes/]: Loaded container type configuration.
[03Aug2025 02:08:28.956] [modloading-worker-0/INFO] [mod.chiselsandbits.registrars.ModCreativeTabs/]: Loaded item group configuration.
[03Aug2025 02:08:28.982] [modloading-worker-0/INFO] [mod.chiselsandbits.registrars.ModItems/]: Loaded item configuration.
[03Aug2025 02:08:28.988] [modloading-worker-0/INFO] [mod.chiselsandbits.registrars.ModMetadataKeys/]: Loaded metadata key configuration.
[03Aug2025 02:08:28.993] [modloading-worker-0/INFO] [mod.chiselsandbits.registrars.ModModelProperties/]: Loaded model property configuration.
[03Aug2025 02:08:28.997] [modloading-worker-0/INFO] [mod.chiselsandbits.registrars.ModModificationOperation/]: Loaded modification operation configuration.
[03Aug2025 02:08:28.999] [modloading-worker-0/INFO] [mod.chiselsandbits.registrars.ModModificationOperationGroups/]: Loaded modification operation group configuration.
[03Aug2025 02:08:29.008] [modloading-worker-0/INFO] [mod.chiselsandbits.registrars.ModPatternPlacementTypes/]: Loaded pattern placement type configuration.
[03Aug2025 02:08:29.010] [modloading-worker-0/INFO] [mod.chiselsandbits.registrars.ModRecipeSerializers/]: Loaded recipe serializer configuration.
[03Aug2025 02:08:29.012] [modloading-worker-0/INFO] [mod.chiselsandbits.registrars.ModTags/]: Loaded tag configuration.
[03Aug2025 02:08:29.014] [modloading-worker-0/INFO] [mod.chiselsandbits.registrars.ModRecipeTypes/]: Registering recipe types.
[03Aug2025 02:08:29.015] [modloading-worker-0/INFO] [mod.chiselsandbits.registrars.ModEventHandler/]: Registering event handlers
[03Aug2025 02:08:29.063] [modloading-worker-0/ERROR] [mod.chiselsandbits.api.util.ClassUtils/]: Failed to load: mod.chiselsandbits.forge.compat.create.CreateCandBPlugin
java.lang.NoClassDefFoundError: com/simibubi/create/content/contraptions/behaviour/MovementBehaviour
	at java.lang.Class.forName0(Native Method) ~[?:?]
	at java.lang.Class.forName(Class.java:375) ~[?:?]
	at mod.chiselsandbits.api.util.ClassUtils.createOrGetInstance(ClassUtils.java:45) ~[chisels-and-bits-forge-1.4.148.jar%23367!/:1.4.148]
	at mod.chiselsandbits.forge.platform.ForgePluginDiscoverer.createPluginFrom(ForgePluginDiscoverer.java:95) ~[chisels-and-bits-forge-1.4.148.jar%23367!/:1.4.148]
	at mod.chiselsandbits.forge.platform.ForgePluginDiscoverer.loadPlugins(ForgePluginDiscoverer.java:58) ~[chisels-and-bits-forge-1.4.148.jar%23367!/:1.4.148]
	at mod.chiselsandbits.plugin.PluginManger.detect(PluginManger.java:35) ~[chisels-and-bits-forge-1.4.148.jar%23367!/:1.4.148]
	at mod.chiselsandbits.ChiselsAndBits.<init>(ChiselsAndBits.java:62) ~[chisels-and-bits-forge-1.4.148.jar%23367!/:1.4.148]
	at mod.chiselsandbits.forge.Forge.lambda$new$1(Forge.java:42) ~[chisels-and-bits-forge-1.4.148.jar%23367!/:1.4.148]
	at com.communi.suggestu.scena.core.init.PlatformInitializationHandler.onInit(PlatformInitializationHandler.java:29) ~[scena-forge-1.0.103.jar%23784!/:1.0.103]
	at mod.chiselsandbits.forge.Forge.<init>(Forge.java:37) ~[chisels-and-bits-forge-1.4.148.jar%23367!/:1.4.148]
	at jdk.internal.reflect.NativeConstructorAccessorImpl.newInstance0(Native Method) ~[?:?]
	at jdk.internal.reflect.NativeConstructorAccessorImpl.newInstance(NativeConstructorAccessorImpl.java:77) ~[?:?]
	at jdk.internal.reflect.DelegatingConstructorAccessorImpl.newInstance(DelegatingConstructorAccessorImpl.java:45) ~[?:?]
	at java.lang.reflect.Constructor.newInstanceWithCaller(Constructor.java:500) ~[?:?]
	at java.lang.reflect.Constructor.newInstance(Constructor.java:481) ~[?:?]
	at net.minecraftforge.fml.javafmlmod.FMLModContainer.constructMod(FMLModContainer.java:70) ~[javafmllanguage-1.20.1-47.3.7.jar%23565!/:?]
	at net.minecraftforge.fml.ModContainer.lambda$buildTransitionHandler$4(ModContainer.java:124) ~[fmlcore-1.20.1-47.3.7.jar%23564!/:?]
	at java.util.concurrent.CompletableFuture$AsyncRun.run(CompletableFuture.java:1804) ~[?:?]
	at java.util.concurrent.CompletableFuture$AsyncRun.exec(CompletableFuture.java:1796) ~[?:?]
	at java.util.concurrent.ForkJoinTask.doExec(ForkJoinTask.java:373) ~[?:?]
	at java.util.concurrent.ForkJoinPool$WorkQueue.topLevelExec(ForkJoinPool.java:1182) ~[?:?]
	at java.util.concurrent.ForkJoinPool.scan(ForkJoinPool.java:1655) ~[?:?]
	at java.util.concurrent.ForkJoinPool.runWorker(ForkJoinPool.java:1622) ~[?:?]
	at java.util.concurrent.ForkJoinWorkerThread.run(ForkJoinWorkerThread.java:165) ~[?:?]
Caused by: java.lang.ClassNotFoundException: com.simibubi.create.content.contraptions.behaviour.MovementBehaviour
	at cpw.mods.cl.ModuleClassLoader.loadClass(ModuleClassLoader.java:141) ~[securejarhandler-2.1.10.jar:?]
	at java.lang.ClassLoader.loadClass(ClassLoader.java:525) ~[?:?]
	... 24 more
[03Aug2025 02:08:29.523] [main/INFO] [snownee.kiwi.Kiwi/INIT]: Module [snowrealmagic:core] initialized
[03Aug2025 02:08:29.524] [main/INFO] [snownee.kiwi.Kiwi/INIT]: 		block: 7, block_entity_type: 2, entity_type: 1, loot_pool_entry_type: 1
[03Aug2025 02:08:29.525] [main/INFO] [snownee.kiwi.Kiwi/INIT]: Module [kiwi:block_templates] initialized
[03Aug2025 02:08:29.525] [main/INFO] [snownee.kiwi.Kiwi/INIT]: Module [kiwi:block_components] initialized
[03Aug2025 02:08:29.525] [main/INFO] [snownee.kiwi.Kiwi/INIT]: Module [kiwi:data] initialized
[03Aug2025 02:08:29.526] [main/INFO] [snownee.kiwi.Kiwi/INIT]: 		recipe_serializer: 3
[03Aug2025 02:08:29.526] [main/INFO] [snownee.kiwi.Kiwi/INIT]: Module [kiwi:item_templates] initialized
[03Aug2025 02:08:30.332] [main/ERROR] [net.minecraftforge.fml.loading.RuntimeDistCleaner/DISTXFORM]: Attempted to load class net/minecraft/client/renderer/RenderType for invalid dist DEDICATED_SERVER
[03Aug2025 02:08:30.333] [main/WARN] [Radium Class Analysis/]: Radium Class Analysis Error: Class net.darkhax.darkutilities.features.filters.BlockEntityFilter cannot be analysed, because getting declared methods crashes with RuntimeException: Attempted to load class net/minecraft/client/renderer/RenderType for invalid dist DEDICATED_SERVER. This is usually caused by modded entities declaring methods that have a return type or parameter type that is annotated with @OnlyIn(Dist.CLIENT). Loading the type is not possible, because it only exists in the CLIENT environment. The recommended fix is to annotate the method with this argument or return type with the same annotation. Lithium handles this error by assuming the class cannot be included in some optimizations.
[03Aug2025 02:08:30.334] [main/ERROR] [net.minecraftforge.fml.loading.RuntimeDistCleaner/DISTXFORM]: Attempted to load class net/minecraft/client/renderer/RenderType for invalid dist DEDICATED_SERVER
[03Aug2025 02:08:30.334] [main/WARN] [Radium Class Analysis/]: Radium Class Analysis Error: Class net.darkhax.darkutilities.features.filters.BlockEntityFilter cannot be analysed, because getting declared methods crashes with RuntimeException: Attempted to load class net/minecraft/client/renderer/RenderType for invalid dist DEDICATED_SERVER. This is usually caused by modded entities declaring methods that have a return type or parameter type that is annotated with @OnlyIn(Dist.CLIENT). Loading the type is not possible, because it only exists in the CLIENT environment. The recommended fix is to annotate the method with this argument or return type with the same annotation. Lithium handles this error by assuming the class cannot be included in some optimizations.
[03Aug2025 02:08:34.483] [main/ERROR] [net.minecraftforge.fml.loading.RuntimeDistCleaner/DISTXFORM]: Attempted to load class com/mojang/blaze3d/vertex/PoseStack for invalid dist DEDICATED_SERVER
[03Aug2025 02:08:34.484] [main/WARN] [Radium Class Analysis/]: Radium Class Analysis Error: Class net.mehvahdjukaar.supplementaries.common.block.blocks.CannonBlock cannot be analysed, because getting declared methods crashes with RuntimeException: Attempted to load class com/mojang/blaze3d/vertex/PoseStack for invalid dist DEDICATED_SERVER. This is usually caused by modded entities declaring methods that have a return type or parameter type that is annotated with @OnlyIn(Dist.CLIENT). Loading the type is not possible, because it only exists in the CLIENT environment. The recommended fix is to annotate the method with this argument or return type with the same annotation. Lithium handles this error by assuming the class cannot be included in some optimizations.
[03Aug2025 02:08:34.484] [main/ERROR] [net.minecraftforge.fml.loading.RuntimeDistCleaner/DISTXFORM]: Attempted to load class com/mojang/blaze3d/vertex/PoseStack for invalid dist DEDICATED_SERVER
[03Aug2025 02:08:34.484] [main/WARN] [Radium Class Analysis/]: Radium Class Analysis Error: Class net.mehvahdjukaar.supplementaries.common.block.blocks.CannonBlock cannot be analysed, because getting declared methods crashes with RuntimeException: Attempted to load class com/mojang/blaze3d/vertex/PoseStack for invalid dist DEDICATED_SERVER. This is usually caused by modded entities declaring methods that have a return type or parameter type that is annotated with @OnlyIn(Dist.CLIENT). Loading the type is not possible, because it only exists in the CLIENT environment. The recommended fix is to annotate the method with this argument or return type with the same annotation. Lithium handles this error by assuming the class cannot be included in some optimizations.
[03Aug2025 02:08:36.668] [main/WARN] [dev.architectury.registry.registries.forge.RegistrarManagerImpl/]: Registry entry listened Registry Entry [minecraft:entity_type / mca:female_villager] was not realized!
[03Aug2025 02:08:36.668] [main/WARN] [dev.architectury.registry.registries.forge.RegistrarManagerImpl/]: Registry entry listened Registry Entry [minecraft:entity_type / mca:male_zombie_villager] was not realized!
[03Aug2025 02:08:36.668] [main/WARN] [dev.architectury.registry.registries.forge.RegistrarManagerImpl/]: Registry entry listened Registry Entry [minecraft:entity_type / mca:female_zombie_villager] was not realized!
[03Aug2025 02:08:36.668] [main/WARN] [dev.architectury.registry.registries.forge.RegistrarManagerImpl/]: Registry entry listened Registry Entry [minecraft:entity_type / mca:male_villager] was not realized!
[03Aug2025 02:08:36.668] [main/WARN] [dev.architectury.registry.registries.forge.RegistrarManagerImpl/]: Registry entry listened Registry Entry [minecraft:entity_type / mca:grim_reaper] was not realized!
[03Aug2025 02:08:36.668] [main/WARN] [dev.architectury.registry.registries.forge.RegistrarManagerImpl/]: Registry entry listened Registry Entry [minecraft:entity_type / artifacts:mimic] was not realized!
[03Aug2025 02:08:36.668] [main/WARN] [dev.architectury.registry.registries.forge.RegistrarManagerImpl/]: Registry entry listened Registry Entry [minecraft:entity_type / mca:female_villager] was not realized!
[03Aug2025 02:08:36.668] [main/WARN] [dev.architectury.registry.registries.forge.RegistrarManagerImpl/]: Registry entry listened Registry Entry [minecraft:entity_type / mca:male_zombie_villager] was not realized!
[03Aug2025 02:08:36.669] [main/WARN] [dev.architectury.registry.registries.forge.RegistrarManagerImpl/]: Registry entry listened Registry Entry [minecraft:entity_type / mca:female_zombie_villager] was not realized!
[03Aug2025 02:08:36.669] [main/WARN] [dev.architectury.registry.registries.forge.RegistrarManagerImpl/]: Registry entry listened Registry Entry [minecraft:entity_type / mca:male_villager] was not realized!
[03Aug2025 02:08:36.669] [main/WARN] [dev.architectury.registry.registries.forge.RegistrarManagerImpl/]: Registry entry listened Registry Entry [minecraft:entity_type / mca:grim_reaper] was not realized!
[03Aug2025 02:08:36.669] [main/WARN] [dev.architectury.registry.registries.forge.RegistrarManagerImpl/]: Registry entry listened Registry Entry [minecraft:entity_type / artifacts:mimic] was not realized!
[03Aug2025 02:08:36.741] [main/INFO] [Moonlight/]: Initialized block sets in 66ms
[03Aug2025 02:08:36.755] [main/WARN] [dev.architectury.registry.registries.forge.RegistrarManagerImpl/]: Registry entry listened Registry Entry [minecraft:entity_type / artifacts:mimic] was not realized!
[03Aug2025 02:08:38.259] [main/WARN] [net.minecraft.network.syncher.SynchedEntityData/]: defineId called for: class com.klikli_dev.occultism.common.entity.spirit.DjinniEntity from class com.klikli_dev.occultism.common.entity.spirit.FoliotEntity
[03Aug2025 02:08:38.314] [main/WARN] [net.minecraft.network.syncher.SynchedEntityData/]: defineId called for: class forge.net.mca.entity.VillagerEntityMCA from class forge.net.mca.util.network.datasync.CDataParameter
[03Aug2025 02:08:38.314] [main/WARN] [net.minecraft.network.syncher.SynchedEntityData/]: defineId called for: class forge.net.mca.entity.VillagerEntityMCA from class forge.net.mca.util.network.datasync.CDataParameter
[03Aug2025 02:08:38.314] [main/WARN] [net.minecraft.network.syncher.SynchedEntityData/]: defineId called for: class forge.net.mca.entity.VillagerEntityMCA from class forge.net.mca.util.network.datasync.CDataParameter
[03Aug2025 02:08:38.315] [main/WARN] [net.minecraft.network.syncher.SynchedEntityData/]: defineId called for: class forge.net.mca.entity.VillagerEntityMCA from class forge.net.mca.util.network.datasync.CDataParameter
[03Aug2025 02:08:38.315] [main/WARN] [net.minecraft.network.syncher.SynchedEntityData/]: defineId called for: class forge.net.mca.entity.VillagerEntityMCA from class forge.net.mca.util.network.datasync.CDataParameter
[03Aug2025 02:08:38.315] [main/WARN] [net.minecraft.network.syncher.SynchedEntityData/]: defineId called for: class forge.net.mca.entity.VillagerEntityMCA from class forge.net.mca.util.network.datasync.CDataParameter
[03Aug2025 02:08:38.315] [main/WARN] [net.minecraft.network.syncher.SynchedEntityData/]: defineId called for: class forge.net.mca.entity.VillagerEntityMCA from class forge.net.mca.util.network.datasync.CDataParameter
[03Aug2025 02:08:38.315] [main/WARN] [net.minecraft.network.syncher.SynchedEntityData/]: defineId called for: class forge.net.mca.entity.VillagerEntityMCA from class forge.net.mca.util.network.datasync.CEnumParameter
[03Aug2025 02:08:38.317] [main/WARN] [net.minecraft.network.syncher.SynchedEntityData/]: defineId called for: class forge.net.mca.entity.VillagerEntityMCA from class forge.net.mca.util.network.datasync.CDataParameter
[03Aug2025 02:08:38.317] [main/WARN] [net.minecraft.network.syncher.SynchedEntityData/]: defineId called for: class forge.net.mca.entity.VillagerEntityMCA from class forge.net.mca.util.network.datasync.CDataParameter
[03Aug2025 02:08:38.317] [main/WARN] [net.minecraft.network.syncher.SynchedEntityData/]: defineId called for: class forge.net.mca.entity.VillagerEntityMCA from class forge.net.mca.util.network.datasync.CDataParameter
[03Aug2025 02:08:38.318] [main/WARN] [net.minecraft.network.syncher.SynchedEntityData/]: defineId called for: class forge.net.mca.entity.VillagerEntityMCA from class forge.net.mca.util.network.datasync.CDataParameter
[03Aug2025 02:08:38.318] [main/WARN] [net.minecraft.network.syncher.SynchedEntityData/]: defineId called for: class forge.net.mca.entity.VillagerEntityMCA from class forge.net.mca.util.network.datasync.CDataParameter
[03Aug2025 02:08:38.318] [main/WARN] [net.minecraft.network.syncher.SynchedEntityData/]: defineId called for: class forge.net.mca.entity.VillagerEntityMCA from class forge.net.mca.util.network.datasync.CDataParameter
[03Aug2025 02:08:38.318] [main/WARN] [net.minecraft.network.syncher.SynchedEntityData/]: defineId called for: class forge.net.mca.entity.VillagerEntityMCA from class forge.net.mca.util.network.datasync.CDataParameter
[03Aug2025 02:08:38.318] [main/WARN] [net.minecraft.network.syncher.SynchedEntityData/]: defineId called for: class forge.net.mca.entity.VillagerEntityMCA from class forge.net.mca.util.network.datasync.CDataParameter
[03Aug2025 02:08:38.318] [main/WARN] [net.minecraft.network.syncher.SynchedEntityData/]: defineId called for: class forge.net.mca.entity.VillagerEntityMCA from class forge.net.mca.util.network.datasync.CDataParameter
[03Aug2025 02:08:38.318] [main/WARN] [net.minecraft.network.syncher.SynchedEntityData/]: defineId called for: class forge.net.mca.entity.VillagerEntityMCA from class forge.net.mca.util.network.datasync.CDataParameter
[03Aug2025 02:08:38.319] [main/WARN] [net.minecraft.network.syncher.SynchedEntityData/]: defineId called for: class forge.net.mca.entity.VillagerEntityMCA from class forge.net.mca.util.network.datasync.CDataParameter
[03Aug2025 02:08:38.319] [main/WARN] [net.minecraft.network.syncher.SynchedEntityData/]: defineId called for: class forge.net.mca.entity.VillagerEntityMCA from class forge.net.mca.util.network.datasync.CEnumParameter
[03Aug2025 02:08:38.319] [main/WARN] [net.minecraft.network.syncher.SynchedEntityData/]: defineId called for: class forge.net.mca.entity.VillagerEntityMCA from class forge.net.mca.util.network.datasync.CDataParameter
[03Aug2025 02:08:38.323] [main/WARN] [net.minecraft.network.syncher.SynchedEntityData/]: defineId called for: class forge.net.mca.entity.VillagerEntityMCA from class forge.net.mca.util.network.datasync.CDataParameter
[03Aug2025 02:08:38.323] [main/WARN] [net.minecraft.network.syncher.SynchedEntityData/]: defineId called for: class forge.net.mca.entity.VillagerEntityMCA from class forge.net.mca.util.network.datasync.CEnumParameter
[03Aug2025 02:08:38.323] [main/WARN] [net.minecraft.network.syncher.SynchedEntityData/]: defineId called for: class forge.net.mca.entity.VillagerEntityMCA from class forge.net.mca.util.network.datasync.CDataParameter
[03Aug2025 02:08:38.323] [main/WARN] [net.minecraft.network.syncher.SynchedEntityData/]: defineId called for: class forge.net.mca.entity.VillagerEntityMCA from class forge.net.mca.util.network.datasync.CEnumParameter
[03Aug2025 02:08:38.323] [main/WARN] [net.minecraft.network.syncher.SynchedEntityData/]: defineId called for: class forge.net.mca.entity.VillagerEntityMCA from class forge.net.mca.util.network.datasync.CEnumParameter
[03Aug2025 02:08:38.324] [main/WARN] [net.minecraft.network.syncher.SynchedEntityData/]: defineId called for: class forge.net.mca.entity.VillagerEntityMCA from class forge.net.mca.util.network.datasync.CDataParameter
[03Aug2025 02:08:38.324] [main/WARN] [net.minecraft.network.syncher.SynchedEntityData/]: defineId called for: class forge.net.mca.entity.VillagerEntityMCA from class forge.net.mca.util.network.datasync.CDataParameter
[03Aug2025 02:08:38.324] [main/WARN] [net.minecraft.network.syncher.SynchedEntityData/]: defineId called for: class forge.net.mca.entity.VillagerEntityMCA from class forge.net.mca.util.network.datasync.CDataParameter
[03Aug2025 02:08:38.324] [main/WARN] [net.minecraft.network.syncher.SynchedEntityData/]: defineId called for: class forge.net.mca.entity.VillagerEntityMCA from class forge.net.mca.util.network.datasync.CDataParameter
[03Aug2025 02:08:38.324] [main/WARN] [net.minecraft.network.syncher.SynchedEntityData/]: defineId called for: class forge.net.mca.entity.VillagerEntityMCA from class forge.net.mca.util.network.datasync.CDataParameter
[03Aug2025 02:08:38.326] [main/WARN] [net.minecraft.network.syncher.SynchedEntityData/]: defineId called for: class forge.net.mca.entity.VillagerEntityMCA from class forge.net.mca.util.network.datasync.CDataParameter
[03Aug2025 02:08:38.330] [main/WARN] [net.minecraft.network.syncher.SynchedEntityData/]: defineId called for: class forge.net.mca.entity.VillagerEntityMCA from class forge.net.mca.util.network.datasync.CDataParameter
[03Aug2025 02:08:38.330] [main/WARN] [net.minecraft.network.syncher.SynchedEntityData/]: defineId called for: class forge.net.mca.entity.VillagerEntityMCA from class forge.net.mca.util.network.datasync.CDataParameter
[03Aug2025 02:08:38.332] [main/WARN] [net.minecraft.network.syncher.SynchedEntityData/]: defineId called for: class forge.net.mca.entity.VillagerEntityMCA from class forge.net.mca.util.network.datasync.CDataParameter
[03Aug2025 02:08:38.332] [main/WARN] [net.minecraft.network.syncher.SynchedEntityData/]: defineId called for: class forge.net.mca.entity.VillagerEntityMCA from class forge.net.mca.util.network.datasync.CDataParameter
[03Aug2025 02:08:38.332] [main/WARN] [net.minecraft.network.syncher.SynchedEntityData/]: defineId called for: class forge.net.mca.entity.VillagerEntityMCA from class forge.net.mca.util.network.datasync.CDataParameter
[03Aug2025 02:08:38.332] [main/WARN] [net.minecraft.network.syncher.SynchedEntityData/]: defineId called for: class forge.net.mca.entity.GrimReaperEntity from class forge.net.mca.util.network.datasync.CEnumParameter
[03Aug2025 02:08:38.368] [Thread-4/INFO] [com.dairymoose.modernlife.core.ModernLifeConfig/]: Using camera extension: .png
[03Aug2025 02:08:38.368] [Thread-4/INFO] [com.dairymoose.modernlife.core.ModernLifeConfig/]: Using easel extension: .png
[03Aug2025 02:08:38.370] [Thread-4/INFO] [com.dairymoose.modernlife.core.ModernLifeConfig/]: Using camera extension: .png
[03Aug2025 02:08:38.371] [Thread-4/INFO] [com.dairymoose.modernlife.core.ModernLifeConfig/]: Using easel extension: .png
[03Aug2025 02:08:38.796] [main/WARN] [yungsapi/]: WARNING: block Block{minecraft:coal_ore} added to BlockStateRandomizer exceeds max probabiltiy of 1!
[03Aug2025 02:08:38.820] [modloading-worker-0/INFO] [com.dairymoose.modernlife.core.ModernLifeConfig/]: Using camera extension: .png
[03Aug2025 02:08:38.820] [modloading-worker-0/INFO] [com.dairymoose.modernlife.core.ModernLifeConfig/]: Using easel extension: .png
[03Aug2025 02:08:38.821] [modloading-worker-0/INFO] [com.clickadv.ClickAdvancements/]: clickadv mod initialized
[03Aug2025 02:08:38.859] [modloading-worker-0/INFO] [bagus_lib/]: Load Bagus Lib Supporter
[03Aug2025 02:08:38.895] [modloading-worker-0/INFO] [exclusive_weapons_armor_and_tools.Main/]: 通用设置测试
[03Aug2025 02:08:38.897] [modloading-worker-0/INFO] [untamedwilds.UntamedWilds/]: Registering Packets!
[03Aug2025 02:08:38.896] [modloading-worker-0/INFO] [exclusive_weapons_armor_and_tools.Main/]: 泥土方块 >> minecraft:dirt
[03Aug2025 02:08:38.913] [modloading-worker-0/INFO] [voicechat/]: [voicechat] Compatibility version 18
[03Aug2025 02:08:38.922] [modloading-worker-0/INFO] [super_ore_block.Main/]: 通用设置测试
[03Aug2025 02:08:38.923] [modloading-worker-0/INFO] [super_ore_block.Main/]: 泥土方块 >> minecraft:dirt
[03Aug2025 02:08:39.000] [modloading-worker-0/INFO] [me.steinborn.krypton.mod.shared.Krypton/]: Compression will use libdeflate (Linux x86_64), encryption will use OpenSSL 3.0.x (Linux x86_64)
[03Aug2025 02:08:39.049] [Forge Version Check/INFO] [net.minecraftforge.fml.VersionChecker/]: [mcwwindows] Starting version check at https://raw.githubusercontent.com/sketchmacaw/macawsmods/master/window.json
[03Aug2025 02:08:39.093] [modloading-worker-0/INFO] [voicechat/]: [voicechat] Loading plugins
[03Aug2025 02:08:39.116] [modloading-worker-0/INFO] [com.chunksending.ChunkSending/]: chunksending mod initialized
[03Aug2025 02:08:39.119] [modloading-worker-0/INFO] [voicechat/]: [voicechat] Loaded 0 plugin(s)
[03Aug2025 02:08:39.119] [modloading-worker-0/INFO] [voicechat/]: [voicechat] Initializing plugins
[03Aug2025 02:08:39.120] [modloading-worker-0/INFO] [voicechat/]: [voicechat] Initialized 0 plugin(s)
[03Aug2025 02:08:39.158] [modloading-worker-0/INFO] [com.recipeessentials.RecipeEssentials/]: recipeessentials mod initialized
[03Aug2025 02:08:39.178] [modloading-worker-0/INFO] [com.connectivity.Connectivity/]: Connectivity initialized
[03Aug2025 02:08:39.185] [modloading-worker-0/INFO] [com.structureessentials.StructureEssentials/]: structureessentials mod initialized
[03Aug2025 02:08:39.192] [modloading-worker-0/INFO] [com.klikli_dev.occultism.Occultism/]: Common setup complete.
[03Aug2025 02:08:39.253] [modloading-worker-0/INFO] [com.lootintegrations.LootintegrationsMod/]: lootintegrations mod initialized
[03Aug2025 02:08:39.375] [Forge Version Check/INFO] [net.minecraftforge.fml.VersionChecker/]: [mcwwindows] Found status: OUTDATED Current: 2.3.0 Target: 2.4.0
[03Aug2025 02:08:39.375] [Forge Version Check/INFO] [net.minecraftforge.fml.VersionChecker/]: [darkutils] Starting version check at https://updates.blamejared.com/get?n=darkutils&gv=1.20.1
[03Aug2025 02:08:39.417] [modloading-worker-0/INFO] [com.limitedchunks.LimitedChunks/]: Limited chunkloading initialized
[03Aug2025 02:08:39.550] [modloading-worker-0/INFO] [Dungeon Crawl/]: Common Setup
[03Aug2025 02:08:39.622] [modloading-worker-0/INFO] [com.brutalbosses.BrutalBosses/]: brutalbosses mod initialized
[03Aug2025 02:08:39.641] [modloading-worker-0/INFO] [com.klikli_dev.theurgy.Theurgy/]: Common setup complete.
[03Aug2025 02:08:39.881] [Forge Version Check/INFO] [net.minecraftforge.fml.VersionChecker/]: [darkutils] Found status: BETA Current: 17.0.5 Target: 17.0.5
[03Aug2025 02:08:39.882] [Forge Version Check/INFO] [net.minecraftforge.fml.VersionChecker/]: [minetraps] Starting version check at https://raw.githubusercontent.com/XxRexRaptorxX/Update-Checker/main/MineTraps.json
[03Aug2025 02:08:39.898] [Forge Version Check/INFO] [net.minecraftforge.fml.VersionChecker/]: [minetraps] Found status: UP_TO_DATE Current: 2.3.0a Target: null
[03Aug2025 02:08:39.900] [Forge Version Check/INFO] [net.minecraftforge.fml.VersionChecker/]: [advancementplaques] Starting version check at https://mc-update-check.anthonyhilyard.com/499826
[03Aug2025 02:08:40.080] [Forge Version Check/INFO] [net.minecraftforge.fml.VersionChecker/]: [advancementplaques] Found status: UP_TO_DATE Current: 1.6.9 Target: null
[03Aug2025 02:08:40.080] [Forge Version Check/INFO] [net.minecraftforge.fml.VersionChecker/]: [mcwtrpdoors] Starting version check at https://raw.githubusercontent.com/sketchmacaw/macawsmods/master/trapdoors.json
[03Aug2025 02:08:40.093] [Forge Version Check/INFO] [net.minecraftforge.fml.VersionChecker/]: [mcwtrpdoors] Found status: UP_TO_DATE Current: 1.1.4 Target: null
[03Aug2025 02:08:40.093] [Forge Version Check/INFO] [net.minecraftforge.fml.VersionChecker/]: [highlighter] Starting version check at https://mc-update-check.anthonyhilyard.com/521590
[03Aug2025 02:08:40.134] [Forge Version Check/INFO] [net.minecraftforge.fml.VersionChecker/]: [highlighter] Found status: UP_TO_DATE Current: 1.1.9 Target: null
[03Aug2025 02:08:40.134] [Forge Version Check/INFO] [net.minecraftforge.fml.VersionChecker/]: [trapcraft] Starting version check at https://www.dropbox.com/s/raw/pzo9jfvjlq1obvh/version-trapcraft.json
[03Aug2025 02:08:40.601] [main/INFO] [com.klikli_dev.occultism.Occultism/]: Registered compostable Items
[03Aug2025 02:08:40.633] [main/INFO] [terrablender/]: Registered region minecraft:overworld to index 0 for type OVERWORLD
[03Aug2025 02:08:40.633] [main/INFO] [terrablender/]: Registered region minecraft:nether to index 0 for type NETHER
[03Aug2025 02:08:40.633] [main/INFO] [terrablender/]: Registered region biomesoplenty:overworld_primary to index 1 for type OVERWORLD
[03Aug2025 02:08:40.633] [main/INFO] [terrablender/]: Registered region biomesoplenty:overworld_secondary to index 2 for type OVERWORLD
[03Aug2025 02:08:40.633] [main/INFO] [terrablender/]: Registered region biomesoplenty:overworld_rare to index 3 for type OVERWORLD
[03Aug2025 02:08:40.634] [main/INFO] [terrablender/]: Registered region biomesoplenty:nether_common to index 1 for type NETHER
[03Aug2025 02:08:40.634] [main/INFO] [terrablender/]: Registered region biomesoplenty:nether_rare to index 2 for type NETHER
[03Aug2025 02:08:40.749] [main/INFO] [Supplementaries/]: Finished mod setup in: [30, 5, 0, 0, 0, 0, 12, 13, 0] ms
[03Aug2025 02:08:40.808] [main/INFO] [journeymap/]: Initializing Packet Registries
[03Aug2025 02:08:40.867] [Forge Version Check/INFO] [net.minecraftforge.fml.VersionChecker/]: [trapcraft] Found status: BETA Current: 2.10.2 Target: null
[03Aug2025 02:08:40.868] [Forge Version Check/INFO] [net.minecraftforge.fml.VersionChecker/]: [searchables] Starting version check at https://updates.blamejared.com/get?n=searchables&gv=1.20.1
[03Aug2025 02:08:40.952] [main/INFO] [Moonlight/]: Initialized color sets in 110ms
[03Aug2025 02:08:40.976] [Forge Version Check/INFO] [net.minecraftforge.fml.VersionChecker/]: [searchables] Found status: BETA Current: 1.0.3 Target: 1.0.3
[03Aug2025 02:08:40.976] [Forge Version Check/INFO] [net.minecraftforge.fml.VersionChecker/]: [tombstone] Starting version check at https://raw.githubusercontent.com/Corail31/tombstone_lite/master/update.json
[03Aug2025 02:08:40.976] [modloading-worker-0/INFO] [com.klikli_dev.occultism.Occultism/]: Dedicated server setup complete.
[03Aug2025 02:08:40.978] [modloading-worker-0/INFO] [com.klikli_dev.theurgy.Theurgy/]: Dedicated server setup complete.
[03Aug2025 02:08:40.988] [Forge Version Check/INFO] [net.minecraftforge.fml.VersionChecker/]: [tombstone] Found status: OUTDATED Current: 8.9.6 Target: 9.0.6
[03Aug2025 02:08:40.988] [Forge Version Check/INFO] [net.minecraftforge.fml.VersionChecker/]: [mcwroofs] Starting version check at https://raw.githubusercontent.com/sketchmacaw/macawsmods/master/roofs.json
[03Aug2025 02:08:41.012] [Forge Version Check/INFO] [net.minecraftforge.fml.VersionChecker/]: [mcwroofs] Found status: UP_TO_DATE Current: 2.3.2 Target: null
[03Aug2025 02:08:41.012] [Forge Version Check/INFO] [net.minecraftforge.fml.VersionChecker/]: [cfm] Starting version check at https://mrcrayfish.com/modupdatejson?id=cfm
[03Aug2025 02:08:41.069] [modloading-worker-0/INFO] [net.xalcon.torchmaster.Torchmaster/]: Applying mega torch entity block list overrides...
[03Aug2025 02:08:41.070] [modloading-worker-0/INFO] [net.xalcon.torchmaster.Torchmaster/]: Applying dread lamp entity block list overrides...
[03Aug2025 02:08:41.073] [modloading-worker-0/INFO] [AttributeFix/]: Loaded values for 38 compatible attributes.
[03Aug2025 02:08:41.080] [modloading-worker-0/INFO] [AttributeFix/]: Loaded 38 values from config.
[03Aug2025 02:08:41.086] [modloading-worker-0/INFO] [AttributeFix/]: Saving config file. 38 entries.
[03Aug2025 02:08:41.091] [modloading-worker-0/INFO] [AttributeFix/]: Applying changes for 38 attributes.
[03Aug2025 02:08:41.145] [modloading-worker-0/INFO] [Jade/]: Start loading plugin at net.blay09.mods.balm.forge.compat.hudinfo.ForgeJadeModCompat
[03Aug2025 02:08:41.154] [Forge Version Check/WARN] [net.minecraftforge.fml.VersionChecker/]: Failed to process update information
com.google.gson.JsonSyntaxException: java.lang.IllegalStateException: Expected BEGIN_OBJECT but was STRING at line 1 column 1 path $
	at com.google.gson.Gson.fromJson(Gson.java:1226) ~[gson-2.10.jar%2372!/:?]
	at com.google.gson.Gson.fromJson(Gson.java:1124) ~[gson-2.10.jar%2372!/:?]
	at com.google.gson.Gson.fromJson(Gson.java:1034) ~[gson-2.10.jar%2372!/:?]
	at com.google.gson.Gson.fromJson(Gson.java:969) ~[gson-2.10.jar%2372!/:?]
	at net.minecraftforge.fml.VersionChecker$1.process(VersionChecker.java:183) ~[fmlcore-1.20.1-47.3.7.jar%23564!/:?]
	at java.lang.Iterable.forEach(Iterable.java:75) ~[?:?]
	at net.minecraftforge.fml.VersionChecker$1.run(VersionChecker.java:114) ~[fmlcore-1.20.1-47.3.7.jar%23564!/:?]
Caused by: java.lang.IllegalStateException: Expected BEGIN_OBJECT but was STRING at line 1 column 1 path $
	at com.google.gson.stream.JsonReader.beginObject(JsonReader.java:393) ~[gson-2.10.jar%2372!/:?]
	at com.google.gson.internal.bind.MapTypeAdapterFactory$Adapter.read(MapTypeAdapterFactory.java:182) ~[gson-2.10.jar%2372!/:?]
	at com.google.gson.internal.bind.MapTypeAdapterFactory$Adapter.read(MapTypeAdapterFactory.java:144) ~[gson-2.10.jar%2372!/:?]
	at com.google.gson.Gson.fromJson(Gson.java:1214) ~[gson-2.10.jar%2372!/:?]
	... 6 more
[03Aug2025 02:08:41.158] [Forge Version Check/INFO] [net.minecraftforge.fml.VersionChecker/]: [mcwfurnitures] Starting version check at https://raw.githubusercontent.com/sketchmacaw/macawsmods/master/furniture.json
[03Aug2025 02:08:41.160] [modloading-worker-0/INFO] [Jade/]: Start loading plugin at snownee.snow.compat.jade.JadeCompat
[03Aug2025 02:08:41.160] [modloading-worker-0/INFO] [Jade/]: Start loading plugin at shetiphian.core.internal.modintegration.jade.JadePlugin
[03Aug2025 02:08:41.161] [modloading-worker-0/INFO] [Jade/]: Start loading plugin at ovh.corail.tombstone.compatibility.IntegrationJade
[03Aug2025 02:08:41.164] [modloading-worker-0/INFO] [Jade/]: Start loading plugin at snownee.kiwi.customization.compat.jade.JadeCompat
[03Aug2025 02:08:41.164] [modloading-worker-0/INFO] [Jade/]: Start loading plugin at shetiphian.multibeds.modintegration.jade.JadePlugin
[03Aug2025 02:08:41.165] [modloading-worker-0/INFO] [Jade/]: Start loading plugin at net.geforcemods.securitycraft.compat.hudmods.JadeDataProvider
[03Aug2025 02:08:41.167] [Forge Version Check/INFO] [net.minecraftforge.fml.VersionChecker/]: [mcwfurnitures] Found status: UP_TO_DATE Current: 3.3.0 Target: null
[03Aug2025 02:08:41.167] [Forge Version Check/INFO] [net.minecraftforge.fml.VersionChecker/]: [mcwlights] Starting version check at https://raw.githubusercontent.com/sketchmacaw/macawsmods/master/lights.json
[03Aug2025 02:08:41.174] [modloading-worker-0/INFO] [Jade/]: Start loading plugin at net.blay09.mods.cookingforblockheads.compat.ForgeJadeCookingForBlockheadsPlugin
[03Aug2025 02:08:41.175] [modloading-worker-0/INFO] [Jade/]: Start loading plugin at de.maxhenkel.camera.integration.waila.PluginCamera
[03Aug2025 02:08:41.176] [modloading-worker-0/INFO] [Jade/]: Start loading plugin at net.mehvahdjukaar.supplementaries.integration.JadeCompat
[03Aug2025 02:08:41.178] [Forge Version Check/INFO] [net.minecraftforge.fml.VersionChecker/]: [mcwlights] Found status: UP_TO_DATE Current: 1.1.2 Target: null
[03Aug2025 02:08:41.178] [Forge Version Check/INFO] [net.minecraftforge.fml.VersionChecker/]: [radium] Starting version check at https://api.modrinth.com/updates/radium/forge_updates.json
[03Aug2025 02:08:41.180] [modloading-worker-0/INFO] [Jade/]: Start loading plugin at xfacthd.framedblocks.common.compat.jade.FramedJadePlugin
[03Aug2025 02:08:41.181] [modloading-worker-0/INFO] [Jade/]: Start loading plugin at snownee.jade.addon.vanilla.VanillaPlugin
[03Aug2025 02:08:41.197] [modloading-worker-0/INFO] [Jade/]: Start loading plugin at snownee.jade.addon.universal.UniversalPlugin
[03Aug2025 02:08:41.202] [modloading-worker-0/INFO] [Jade/]: Start loading plugin at snownee.jade.addon.core.CorePlugin
[03Aug2025 02:08:41.205] [modloading-worker-0/INFO] [Jade/]: Start loading plugin at com.klikli_dev.theurgy.integration.jade.JadePlugin
[03Aug2025 02:08:41.343] [Forge Version Check/INFO] [net.minecraftforge.fml.VersionChecker/]: [radium] Found status: AHEAD Current: 0.12.4+git.26c9d8e Target: null
[03Aug2025 02:08:41.343] [Forge Version Check/INFO] [net.minecraftforge.fml.VersionChecker/]: [attributefix] Starting version check at https://updates.blamejared.com/get?n=attributefix&gv=1.20.1
[03Aug2025 02:08:41.446] [Forge Version Check/INFO] [net.minecraftforge.fml.VersionChecker/]: [attributefix] Found status: BETA Current: 21.0.4 Target: 21.0.4
[03Aug2025 02:08:41.447] [Forge Version Check/INFO] [net.minecraftforge.fml.VersionChecker/]: [goblintraders] Starting version check at https://mrcrayfish.com/modupdatejson?id=goblintraders
[03Aug2025 02:08:41.471] [Forge Version Check/WARN] [net.minecraftforge.fml.VersionChecker/]: Failed to process update information
com.google.gson.JsonSyntaxException: java.lang.IllegalStateException: Expected BEGIN_OBJECT but was STRING at line 1 column 1 path $
	at com.google.gson.Gson.fromJson(Gson.java:1226) ~[gson-2.10.jar%2372!/:?]
	at com.google.gson.Gson.fromJson(Gson.java:1124) ~[gson-2.10.jar%2372!/:?]
	at com.google.gson.Gson.fromJson(Gson.java:1034) ~[gson-2.10.jar%2372!/:?]
	at com.google.gson.Gson.fromJson(Gson.java:969) ~[gson-2.10.jar%2372!/:?]
	at net.minecraftforge.fml.VersionChecker$1.process(VersionChecker.java:183) ~[fmlcore-1.20.1-47.3.7.jar%23564!/:?]
	at java.lang.Iterable.forEach(Iterable.java:75) ~[?:?]
	at net.minecraftforge.fml.VersionChecker$1.run(VersionChecker.java:114) ~[fmlcore-1.20.1-47.3.7.jar%23564!/:?]
Caused by: java.lang.IllegalStateException: Expected BEGIN_OBJECT but was STRING at line 1 column 1 path $
	at com.google.gson.stream.JsonReader.beginObject(JsonReader.java:393) ~[gson-2.10.jar%2372!/:?]
	at com.google.gson.internal.bind.MapTypeAdapterFactory$Adapter.read(MapTypeAdapterFactory.java:182) ~[gson-2.10.jar%2372!/:?]
	at com.google.gson.internal.bind.MapTypeAdapterFactory$Adapter.read(MapTypeAdapterFactory.java:144) ~[gson-2.10.jar%2372!/:?]
	at com.google.gson.Gson.fromJson(Gson.java:1214) ~[gson-2.10.jar%2372!/:?]
	... 6 more
[03Aug2025 02:08:41.472] [Forge Version Check/INFO] [net.minecraftforge.fml.VersionChecker/]: [additional_lights] Starting version check at https://gist.githubusercontent.com/mgen256/59abe85e7950f2319e7538afe2f910ba/raw
[03Aug2025 02:08:41.519] [Forge Version Check/INFO] [net.minecraftforge.fml.VersionChecker/]: [additional_lights] Found status: UP_TO_DATE Current: 2.1.7 Target: null
[03Aug2025 02:08:41.520] [Forge Version Check/INFO] [net.minecraftforge.fml.VersionChecker/]: [puzzlesaccessapi] Starting version check at https://raw.githubusercontent.com/Fuzss/modresources/main/update/puzzlesaccessapi.json
[03Aug2025 02:08:41.529] [Forge Version Check/INFO] [net.minecraftforge.fml.VersionChecker/]: [puzzlesaccessapi] Found status: BETA Current: 20.1.1 Target: null
[03Aug2025 02:08:41.530] [Forge Version Check/INFO] [net.minecraftforge.fml.VersionChecker/]: [forge] Starting version check at https://files.minecraftforge.net/net/minecraftforge/forge/promotions_slim.json
[03Aug2025 02:08:41.679] [Forge Version Check/INFO] [net.minecraftforge.fml.VersionChecker/]: [forge] Found status: OUTDATED Current: 47.3.7 Target: 47.4.0
[03Aug2025 02:08:41.679] [Forge Version Check/INFO] [net.minecraftforge.fml.VersionChecker/]: [mcwpaths] Starting version check at https://raw.githubusercontent.com/sketchmacaw/macawsmods/master/paths.json
[03Aug2025 02:08:41.689] [Forge Version Check/INFO] [net.minecraftforge.fml.VersionChecker/]: [mcwpaths] Found status: UP_TO_DATE Current: 1.1.0 Target: null
[03Aug2025 02:08:41.690] [Forge Version Check/INFO] [net.minecraftforge.fml.VersionChecker/]: [voicechat] Starting version check at https://update.maxhenkel.de/forge/voicechat
[03Aug2025 02:08:42.366] [Forge Version Check/INFO] [net.minecraftforge.fml.VersionChecker/]: [voicechat] Found status: OUTDATED Current: 1.20.1-2.5.30 Target: 1.20.1-2.5.35
[03Aug2025 02:08:42.366] [Forge Version Check/INFO] [net.minecraftforge.fml.VersionChecker/]: [securitycraft] Starting version check at https://www.github.com/Geforce132/SecurityCraft/raw/master/Updates/Forge.json
[03Aug2025 02:08:42.466] [Forge Version Check/INFO] [net.minecraftforge.fml.VersionChecker/]: [securitycraft] Found status: UP_TO_DATE Current: 1.10.0.1 Target: null
[03Aug2025 02:08:42.467] [Forge Version Check/INFO] [net.minecraftforge.fml.VersionChecker/]: [backpacked] Starting version check at https://mrcrayfish.com/modupdatejson?id=backpacked
[03Aug2025 02:08:42.492] [Forge Version Check/WARN] [net.minecraftforge.fml.VersionChecker/]: Failed to process update information
com.google.gson.JsonSyntaxException: java.lang.IllegalStateException: Expected BEGIN_OBJECT but was STRING at line 1 column 1 path $
	at com.google.gson.Gson.fromJson(Gson.java:1226) ~[gson-2.10.jar%2372!/:?]
	at com.google.gson.Gson.fromJson(Gson.java:1124) ~[gson-2.10.jar%2372!/:?]
	at com.google.gson.Gson.fromJson(Gson.java:1034) ~[gson-2.10.jar%2372!/:?]
	at com.google.gson.Gson.fromJson(Gson.java:969) ~[gson-2.10.jar%2372!/:?]
	at net.minecraftforge.fml.VersionChecker$1.process(VersionChecker.java:183) ~[fmlcore-1.20.1-47.3.7.jar%23564!/:?]
	at java.lang.Iterable.forEach(Iterable.java:75) ~[?:?]
	at net.minecraftforge.fml.VersionChecker$1.run(VersionChecker.java:114) ~[fmlcore-1.20.1-47.3.7.jar%23564!/:?]
Caused by: java.lang.IllegalStateException: Expected BEGIN_OBJECT but was STRING at line 1 column 1 path $
	at com.google.gson.stream.JsonReader.beginObject(JsonReader.java:393) ~[gson-2.10.jar%2372!/:?]
	at com.google.gson.internal.bind.MapTypeAdapterFactory$Adapter.read(MapTypeAdapterFactory.java:182) ~[gson-2.10.jar%2372!/:?]
	at com.google.gson.internal.bind.MapTypeAdapterFactory$Adapter.read(MapTypeAdapterFactory.java:144) ~[gson-2.10.jar%2372!/:?]
	at com.google.gson.Gson.fromJson(Gson.java:1214) ~[gson-2.10.jar%2372!/:?]
	... 6 more
[03Aug2025 02:08:42.494] [Forge Version Check/INFO] [net.minecraftforge.fml.VersionChecker/]: [occultism] Starting version check at https://raw.githubusercontent.com/klikli-dev/occultism/meta/updates.json
[03Aug2025 02:08:42.503] [Forge Version Check/INFO] [net.minecraftforge.fml.VersionChecker/]: [occultism] Found status: BETA Current: 1.141.4 Target: null
[03Aug2025 02:08:42.503] [Forge Version Check/INFO] [net.minecraftforge.fml.VersionChecker/]: [puzzleslib] Starting version check at https://raw.githubusercontent.com/Fuzss/modresources/main/update/puzzleslib.json
[03Aug2025 02:08:42.512] [Forge Version Check/INFO] [net.minecraftforge.fml.VersionChecker/]: [puzzleslib] Found status: UP_TO_DATE Current: 8.1.32 Target: null
[03Aug2025 02:08:42.512] [Forge Version Check/INFO] [net.minecraftforge.fml.VersionChecker/]: [aquamirae] Starting version check at https://raw.githubusercontent.com/ObscuriaLithium/Home/main/aquamirae/versions.json
[03Aug2025 02:08:42.521] [Forge Version Check/WARN] [net.minecraftforge.fml.VersionChecker/]: Failed to process update information
com.google.gson.JsonSyntaxException: java.lang.IllegalStateException: Expected BEGIN_OBJECT but was NUMBER at line 1 column 4 path $
	at com.google.gson.Gson.fromJson(Gson.java:1226) ~[gson-2.10.jar%2372!/:?]
	at com.google.gson.Gson.fromJson(Gson.java:1124) ~[gson-2.10.jar%2372!/:?]
	at com.google.gson.Gson.fromJson(Gson.java:1034) ~[gson-2.10.jar%2372!/:?]
	at com.google.gson.Gson.fromJson(Gson.java:969) ~[gson-2.10.jar%2372!/:?]
	at net.minecraftforge.fml.VersionChecker$1.process(VersionChecker.java:183) ~[fmlcore-1.20.1-47.3.7.jar%23564!/:?]
	at java.lang.Iterable.forEach(Iterable.java:75) ~[?:?]
	at net.minecraftforge.fml.VersionChecker$1.run(VersionChecker.java:114) ~[fmlcore-1.20.1-47.3.7.jar%23564!/:?]
Caused by: java.lang.IllegalStateException: Expected BEGIN_OBJECT but was NUMBER at line 1 column 4 path $
	at com.google.gson.stream.JsonReader.beginObject(JsonReader.java:393) ~[gson-2.10.jar%2372!/:?]
	at com.google.gson.internal.bind.MapTypeAdapterFactory$Adapter.read(MapTypeAdapterFactory.java:182) ~[gson-2.10.jar%2372!/:?]
	at com.google.gson.internal.bind.MapTypeAdapterFactory$Adapter.read(MapTypeAdapterFactory.java:144) ~[gson-2.10.jar%2372!/:?]
	at com.google.gson.Gson.fromJson(Gson.java:1214) ~[gson-2.10.jar%2372!/:?]
	... 6 more
[03Aug2025 02:08:42.521] [Forge Version Check/INFO] [net.minecraftforge.fml.VersionChecker/]: [doggytalents] Starting version check at https://raw.githubusercontent.com/DashieDev/DoggyTalentsNext/0d05eaff7c4b588831ca6480f737187f44dda820/check_for_update/update.json
[03Aug2025 02:08:42.530] [Forge Version Check/INFO] [net.minecraftforge.fml.VersionChecker/]: [doggytalents] Found status: BETA Current: 1.18.57 Target: 1.17.2
[03Aug2025 02:08:42.530] [Forge Version Check/INFO] [net.minecraftforge.fml.VersionChecker/]: [prism] Starting version check at https://mc-update-check.anthonyhilyard.com/638111
[03Aug2025 02:08:42.558] [Forge Version Check/INFO] [net.minecraftforge.fml.VersionChecker/]: [prism] Found status: UP_TO_DATE Current: 1.0.5 Target: null
[03Aug2025 02:08:42.558] [Forge Version Check/INFO] [net.minecraftforge.fml.VersionChecker/]: [bookshelf] Starting version check at https://updates.blamejared.com/get?n=bookshelf&gv=1.20.1
[03Aug2025 02:08:42.661] [Forge Version Check/INFO] [net.minecraftforge.fml.VersionChecker/]: [bookshelf] Found status: BETA Current: 20.2.13 Target: 20.2.13
[03Aug2025 02:08:42.662] [Forge Version Check/INFO] [net.minecraftforge.fml.VersionChecker/]: [uteamcore] Starting version check at https://api.u-team.info/update/uteamcore.json
[03Aug2025 02:08:42.889] [Forge Version Check/INFO] [net.minecraftforge.fml.VersionChecker/]: [uteamcore] Found status: UP_TO_DATE Current: 5.1.4.382 Target: null
[03Aug2025 02:08:42.889] [Forge Version Check/INFO] [net.minecraftforge.fml.VersionChecker/]: [mcwdoors] Starting version check at https://raw.githubusercontent.com/sketchmacaw/macawsmods/master/doors.json
[03Aug2025 02:08:42.898] [Forge Version Check/INFO] [net.minecraftforge.fml.VersionChecker/]: [mcwdoors] Found status: UP_TO_DATE Current: 1.1.2 Target: null
[03Aug2025 02:08:42.898] [Forge Version Check/INFO] [net.minecraftforge.fml.VersionChecker/]: [mcwbridges] Starting version check at https://raw.githubusercontent.com/sketchmacaw/macawsmods/master/bridges.json
[03Aug2025 02:08:42.906] [Forge Version Check/INFO] [net.minecraftforge.fml.VersionChecker/]: [mcwbridges] Found status: UP_TO_DATE Current: 3.1.0 Target: null
[03Aug2025 02:08:42.907] [Forge Version Check/INFO] [net.minecraftforge.fml.VersionChecker/]: [usefulbackpacks] Starting version check at https://api.u-team.info/update/usefulbackpacks.json
[03Aug2025 02:08:42.921] [Forge Version Check/INFO] [net.minecraftforge.fml.VersionChecker/]: [usefulbackpacks] Found status: UP_TO_DATE Current: 2.0.1.124 Target: null
[03Aug2025 02:08:42.922] [Forge Version Check/INFO] [net.minecraftforge.fml.VersionChecker/]: [mcwfences] Starting version check at https://raw.githubusercontent.com/sketchmacaw/macawsmods/master/fences.json
[03Aug2025 02:08:42.930] [Forge Version Check/INFO] [net.minecraftforge.fml.VersionChecker/]: [mcwfences] Found status: UP_TO_DATE Current: 1.2.0 Target: null
[03Aug2025 02:08:42.930] [Forge Version Check/INFO] [net.minecraftforge.fml.VersionChecker/]: [camera] Starting version check at https://update.maxhenkel.de/forge/camera
[03Aug2025 02:08:43.028] [Forge Version Check/INFO] [net.minecraftforge.fml.VersionChecker/]: [camera] Found status: AHEAD Current: 1.20.1-1.0.20 Target: null
[03Aug2025 02:08:43.028] [Forge Version Check/INFO] [net.minecraftforge.fml.VersionChecker/]: [witherstormmod] Starting version check at https://raw.githubusercontent.com/nonamecrackers2/cwsm-update-info/main/update_checker.json
[03Aug2025 02:08:43.039] [Forge Version Check/INFO] [net.minecraftforge.fml.VersionChecker/]: [witherstormmod] Found status: UP_TO_DATE Current: 4.2.1 Target: null
[03Aug2025 02:08:43.039] [Forge Version Check/INFO] [net.minecraftforge.fml.VersionChecker/]: [runelic] Starting version check at https://updates.blamejared.com/get?n=runelic&gv=1.20.1
[03Aug2025 02:08:43.143] [Forge Version Check/INFO] [net.minecraftforge.fml.VersionChecker/]: [runelic] Found status: BETA Current: 18.0.2 Target: 18.0.2
[03Aug2025 02:08:43.144] [Forge Version Check/INFO] [net.minecraftforge.fml.VersionChecker/]: [morevanillaarmor] Starting version check at https://assets.melanx.de/updates/morevanillaarmor.json
[03Aug2025 02:08:43.303] [Forge Version Check/INFO] [net.minecraftforge.fml.VersionChecker/]: [morevanillaarmor] Found status: UP_TO_DATE Current: 1.20.1-5.1.2 Target: null
[03Aug2025 02:08:43.303] [Forge Version Check/INFO] [net.minecraftforge.fml.VersionChecker/]: [obscure_api] Starting version check at https://raw.githubusercontent.com/ObscuriaLithium/Home/main/obscure_api/versions.json
[03Aug2025 02:08:43.323] [Forge Version Check/WARN] [net.minecraftforge.fml.VersionChecker/]: Failed to process update information
com.google.gson.JsonSyntaxException: java.lang.IllegalStateException: Expected BEGIN_OBJECT but was NUMBER at line 1 column 4 path $
	at com.google.gson.Gson.fromJson(Gson.java:1226) ~[gson-2.10.jar%2372!/:?]
	at com.google.gson.Gson.fromJson(Gson.java:1124) ~[gson-2.10.jar%2372!/:?]
	at com.google.gson.Gson.fromJson(Gson.java:1034) ~[gson-2.10.jar%2372!/:?]
	at com.google.gson.Gson.fromJson(Gson.java:969) ~[gson-2.10.jar%2372!/:?]
	at net.minecraftforge.fml.VersionChecker$1.process(VersionChecker.java:183) ~[fmlcore-1.20.1-47.3.7.jar%23564!/:?]
	at java.lang.Iterable.forEach(Iterable.java:75) ~[?:?]
	at net.minecraftforge.fml.VersionChecker$1.run(VersionChecker.java:114) ~[fmlcore-1.20.1-47.3.7.jar%23564!/:?]
Caused by: java.lang.IllegalStateException: Expected BEGIN_OBJECT but was NUMBER at line 1 column 4 path $
	at com.google.gson.stream.JsonReader.beginObject(JsonReader.java:393) ~[gson-2.10.jar%2372!/:?]
	at com.google.gson.internal.bind.MapTypeAdapterFactory$Adapter.read(MapTypeAdapterFactory.java:182) ~[gson-2.10.jar%2372!/:?]
	at com.google.gson.internal.bind.MapTypeAdapterFactory$Adapter.read(MapTypeAdapterFactory.java:144) ~[gson-2.10.jar%2372!/:?]
	at com.google.gson.Gson.fromJson(Gson.java:1214) ~[gson-2.10.jar%2372!/:?]
	... 6 more
[03Aug2025 02:08:43.323] [Forge Version Check/INFO] [net.minecraftforge.fml.VersionChecker/]: [reap] Starting version check at https://maxhenkel.de/update/reap.json
[03Aug2025 02:08:43.374] [main/ERROR] [net.minecraftforge.fml.loading.RuntimeDistCleaner/DISTXFORM]: Attempted to load class net/minecraft/client/renderer/RenderType for invalid dist DEDICATED_SERVER
[03Aug2025 02:08:43.374] [main/WARN] [Radium Class Analysis/]: Radium Class Analysis Error: Class net.darkhax.darkutilities.features.filters.BlockEntityFilter cannot be analysed, because getting declared methods crashes with RuntimeException: Attempted to load class net/minecraft/client/renderer/RenderType for invalid dist DEDICATED_SERVER. This is usually caused by modded entities declaring methods that have a return type or parameter type that is annotated with @OnlyIn(Dist.CLIENT). Loading the type is not possible, because it only exists in the CLIENT environment. The recommended fix is to annotate the method with this argument or return type with the same annotation. Lithium handles this error by assuming the class cannot be included in some optimizations.
[03Aug2025 02:08:43.375] [main/ERROR] [net.minecraftforge.fml.loading.RuntimeDistCleaner/DISTXFORM]: Attempted to load class net/minecraft/client/renderer/RenderType for invalid dist DEDICATED_SERVER
[03Aug2025 02:08:43.375] [main/WARN] [Radium Class Analysis/]: Radium Class Analysis Error: Class net.darkhax.darkutilities.features.filters.BlockEntityFilter cannot be analysed, because getting declared methods crashes with RuntimeException: Attempted to load class net/minecraft/client/renderer/RenderType for invalid dist DEDICATED_SERVER. This is usually caused by modded entities declaring methods that have a return type or parameter type that is annotated with @OnlyIn(Dist.CLIENT). Loading the type is not possible, because it only exists in the CLIENT environment. The recommended fix is to annotate the method with this argument or return type with the same annotation. Lithium handles this error by assuming the class cannot be included in some optimizations.
[03Aug2025 02:08:43.376] [main/ERROR] [net.minecraftforge.fml.loading.RuntimeDistCleaner/DISTXFORM]: Attempted to load class net/minecraft/client/renderer/RenderType for invalid dist DEDICATED_SERVER
[03Aug2025 02:08:43.376] [main/WARN] [Radium Class Analysis/]: Radium Class Analysis Error: Class net.darkhax.darkutilities.features.filters.BlockEntityFilter cannot be analysed, because getting declared methods crashes with RuntimeException: Attempted to load class net/minecraft/client/renderer/RenderType for invalid dist DEDICATED_SERVER. This is usually caused by modded entities declaring methods that have a return type or parameter type that is annotated with @OnlyIn(Dist.CLIENT). Loading the type is not possible, because it only exists in the CLIENT environment. The recommended fix is to annotate the method with this argument or return type with the same annotation. Lithium handles this error by assuming the class cannot be included in some optimizations.
[03Aug2025 02:08:43.377] [main/ERROR] [net.minecraftforge.fml.loading.RuntimeDistCleaner/DISTXFORM]: Attempted to load class net/minecraft/client/renderer/RenderType for invalid dist DEDICATED_SERVER
[03Aug2025 02:08:43.377] [main/WARN] [Radium Class Analysis/]: Radium Class Analysis Error: Class net.darkhax.darkutilities.features.filters.BlockEntityFilter cannot be analysed, because getting declared methods crashes with RuntimeException: Attempted to load class net/minecraft/client/renderer/RenderType for invalid dist DEDICATED_SERVER. This is usually caused by modded entities declaring methods that have a return type or parameter type that is annotated with @OnlyIn(Dist.CLIENT). Loading the type is not possible, because it only exists in the CLIENT environment. The recommended fix is to annotate the method with this argument or return type with the same annotation. Lithium handles this error by assuming the class cannot be included in some optimizations.
[03Aug2025 02:08:43.378] [main/ERROR] [net.minecraftforge.fml.loading.RuntimeDistCleaner/DISTXFORM]: Attempted to load class net/minecraft/client/renderer/RenderType for invalid dist DEDICATED_SERVER
[03Aug2025 02:08:43.378] [main/WARN] [Radium Class Analysis/]: Radium Class Analysis Error: Class net.darkhax.darkutilities.features.filters.BlockEntityFilter cannot be analysed, because getting declared methods crashes with RuntimeException: Attempted to load class net/minecraft/client/renderer/RenderType for invalid dist DEDICATED_SERVER. This is usually caused by modded entities declaring methods that have a return type or parameter type that is annotated with @OnlyIn(Dist.CLIENT). Loading the type is not possible, because it only exists in the CLIENT environment. The recommended fix is to annotate the method with this argument or return type with the same annotation. Lithium handles this error by assuming the class cannot be included in some optimizations.
[03Aug2025 02:08:43.379] [main/ERROR] [net.minecraftforge.fml.loading.RuntimeDistCleaner/DISTXFORM]: Attempted to load class net/minecraft/client/renderer/RenderType for invalid dist DEDICATED_SERVER
[03Aug2025 02:08:43.379] [main/WARN] [Radium Class Analysis/]: Radium Class Analysis Error: Class net.darkhax.darkutilities.features.filters.BlockEntityFilter cannot be analysed, because getting declared methods crashes with RuntimeException: Attempted to load class net/minecraft/client/renderer/RenderType for invalid dist DEDICATED_SERVER. This is usually caused by modded entities declaring methods that have a return type or parameter type that is annotated with @OnlyIn(Dist.CLIENT). Loading the type is not possible, because it only exists in the CLIENT environment. The recommended fix is to annotate the method with this argument or return type with the same annotation. Lithium handles this error by assuming the class cannot be included in some optimizations.
[03Aug2025 02:08:43.380] [main/ERROR] [net.minecraftforge.fml.loading.RuntimeDistCleaner/DISTXFORM]: Attempted to load class net/minecraft/client/renderer/RenderType for invalid dist DEDICATED_SERVER
[03Aug2025 02:08:43.380] [main/WARN] [Radium Class Analysis/]: Radium Class Analysis Error: Class net.darkhax.darkutilities.features.filters.BlockEntityFilter cannot be analysed, because getting declared methods crashes with RuntimeException: Attempted to load class net/minecraft/client/renderer/RenderType for invalid dist DEDICATED_SERVER. This is usually caused by modded entities declaring methods that have a return type or parameter type that is annotated with @OnlyIn(Dist.CLIENT). Loading the type is not possible, because it only exists in the CLIENT environment. The recommended fix is to annotate the method with this argument or return type with the same annotation. Lithium handles this error by assuming the class cannot be included in some optimizations.
[03Aug2025 02:08:43.381] [main/ERROR] [net.minecraftforge.fml.loading.RuntimeDistCleaner/DISTXFORM]: Attempted to load class net/minecraft/client/renderer/RenderType for invalid dist DEDICATED_SERVER
[03Aug2025 02:08:43.381] [main/WARN] [Radium Class Analysis/]: Radium Class Analysis Error: Class net.darkhax.darkutilities.features.filters.BlockEntityFilter cannot be analysed, because getting declared methods crashes with RuntimeException: Attempted to load class net/minecraft/client/renderer/RenderType for invalid dist DEDICATED_SERVER. This is usually caused by modded entities declaring methods that have a return type or parameter type that is annotated with @OnlyIn(Dist.CLIENT). Loading the type is not possible, because it only exists in the CLIENT environment. The recommended fix is to annotate the method with this argument or return type with the same annotation. Lithium handles this error by assuming the class cannot be included in some optimizations.
[03Aug2025 02:08:43.382] [main/ERROR] [net.minecraftforge.fml.loading.RuntimeDistCleaner/DISTXFORM]: Attempted to load class net/minecraft/client/renderer/RenderType for invalid dist DEDICATED_SERVER
[03Aug2025 02:08:43.382] [main/WARN] [Radium Class Analysis/]: Radium Class Analysis Error: Class net.darkhax.darkutilities.features.filters.BlockEntityFilter cannot be analysed, because getting declared methods crashes with RuntimeException: Attempted to load class net/minecraft/client/renderer/RenderType for invalid dist DEDICATED_SERVER. This is usually caused by modded entities declaring methods that have a return type or parameter type that is annotated with @OnlyIn(Dist.CLIENT). Loading the type is not possible, because it only exists in the CLIENT environment. The recommended fix is to annotate the method with this argument or return type with the same annotation. Lithium handles this error by assuming the class cannot be included in some optimizations.
[03Aug2025 02:08:43.383] [main/ERROR] [net.minecraftforge.fml.loading.RuntimeDistCleaner/DISTXFORM]: Attempted to load class net/minecraft/client/renderer/RenderType for invalid dist DEDICATED_SERVER
[03Aug2025 02:08:43.383] [main/WARN] [Radium Class Analysis/]: Radium Class Analysis Error: Class net.darkhax.darkutilities.features.filters.BlockEntityFilter cannot be analysed, because getting declared methods crashes with RuntimeException: Attempted to load class net/minecraft/client/renderer/RenderType for invalid dist DEDICATED_SERVER. This is usually caused by modded entities declaring methods that have a return type or parameter type that is annotated with @OnlyIn(Dist.CLIENT). Loading the type is not possible, because it only exists in the CLIENT environment. The recommended fix is to annotate the method with this argument or return type with the same annotation. Lithium handles this error by assuming the class cannot be included in some optimizations.
[03Aug2025 02:08:43.384] [main/ERROR] [net.minecraftforge.fml.loading.RuntimeDistCleaner/DISTXFORM]: Attempted to load class net/minecraft/client/renderer/RenderType for invalid dist DEDICATED_SERVER
[03Aug2025 02:08:43.384] [main/WARN] [Radium Class Analysis/]: Radium Class Analysis Error: Class net.darkhax.darkutilities.features.filters.BlockEntityFilter cannot be analysed, because getting declared methods crashes with RuntimeException: Attempted to load class net/minecraft/client/renderer/RenderType for invalid dist DEDICATED_SERVER. This is usually caused by modded entities declaring methods that have a return type or parameter type that is annotated with @OnlyIn(Dist.CLIENT). Loading the type is not possible, because it only exists in the CLIENT environment. The recommended fix is to annotate the method with this argument or return type with the same annotation. Lithium handles this error by assuming the class cannot be included in some optimizations.
[03Aug2025 02:08:43.384] [main/ERROR] [net.minecraftforge.fml.loading.RuntimeDistCleaner/DISTXFORM]: Attempted to load class net/minecraft/client/renderer/RenderType for invalid dist DEDICATED_SERVER
[03Aug2025 02:08:43.385] [main/WARN] [Radium Class Analysis/]: Radium Class Analysis Error: Class net.darkhax.darkutilities.features.filters.BlockEntityFilter cannot be analysed, because getting declared methods crashes with RuntimeException: Attempted to load class net/minecraft/client/renderer/RenderType for invalid dist DEDICATED_SERVER. This is usually caused by modded entities declaring methods that have a return type or parameter type that is annotated with @OnlyIn(Dist.CLIENT). Loading the type is not possible, because it only exists in the CLIENT environment. The recommended fix is to annotate the method with this argument or return type with the same annotation. Lithium handles this error by assuming the class cannot be included in some optimizations.
[03Aug2025 02:08:43.385] [main/ERROR] [net.minecraftforge.fml.loading.RuntimeDistCleaner/DISTXFORM]: Attempted to load class net/minecraft/client/renderer/RenderType for invalid dist DEDICATED_SERVER
[03Aug2025 02:08:43.386] [main/WARN] [Radium Class Analysis/]: Radium Class Analysis Error: Class net.darkhax.darkutilities.features.filters.BlockEntityFilter cannot be analysed, because getting declared methods crashes with RuntimeException: Attempted to load class net/minecraft/client/renderer/RenderType for invalid dist DEDICATED_SERVER. This is usually caused by modded entities declaring methods that have a return type or parameter type that is annotated with @OnlyIn(Dist.CLIENT). Loading the type is not possible, because it only exists in the CLIENT environment. The recommended fix is to annotate the method with this argument or return type with the same annotation. Lithium handles this error by assuming the class cannot be included in some optimizations.
[03Aug2025 02:08:43.386] [main/ERROR] [net.minecraftforge.fml.loading.RuntimeDistCleaner/DISTXFORM]: Attempted to load class net/minecraft/client/renderer/RenderType for invalid dist DEDICATED_SERVER
[03Aug2025 02:08:43.387] [main/WARN] [Radium Class Analysis/]: Radium Class Analysis Error: Class net.darkhax.darkutilities.features.filters.BlockEntityFilter cannot be analysed, because getting declared methods crashes with RuntimeException: Attempted to load class net/minecraft/client/renderer/RenderType for invalid dist DEDICATED_SERVER. This is usually caused by modded entities declaring methods that have a return type or parameter type that is annotated with @OnlyIn(Dist.CLIENT). Loading the type is not possible, because it only exists in the CLIENT environment. The recommended fix is to annotate the method with this argument or return type with the same annotation. Lithium handles this error by assuming the class cannot be included in some optimizations.
[03Aug2025 02:08:43.388] [main/ERROR] [net.minecraftforge.fml.loading.RuntimeDistCleaner/DISTXFORM]: Attempted to load class net/minecraft/client/renderer/RenderType for invalid dist DEDICATED_SERVER
[03Aug2025 02:08:43.388] [main/WARN] [Radium Class Analysis/]: Radium Class Analysis Error: Class net.darkhax.darkutilities.features.filters.BlockEntityFilter cannot be analysed, because getting declared methods crashes with RuntimeException: Attempted to load class net/minecraft/client/renderer/RenderType for invalid dist DEDICATED_SERVER. This is usually caused by modded entities declaring methods that have a return type or parameter type that is annotated with @OnlyIn(Dist.CLIENT). Loading the type is not possible, because it only exists in the CLIENT environment. The recommended fix is to annotate the method with this argument or return type with the same annotation. Lithium handles this error by assuming the class cannot be included in some optimizations.
[03Aug2025 02:08:43.388] [main/ERROR] [net.minecraftforge.fml.loading.RuntimeDistCleaner/DISTXFORM]: Attempted to load class net/minecraft/client/renderer/RenderType for invalid dist DEDICATED_SERVER
[03Aug2025 02:08:43.389] [main/WARN] [Radium Class Analysis/]: Radium Class Analysis Error: Class net.darkhax.darkutilities.features.filters.BlockEntityFilter cannot be analysed, because getting declared methods crashes with RuntimeException: Attempted to load class net/minecraft/client/renderer/RenderType for invalid dist DEDICATED_SERVER. This is usually caused by modded entities declaring methods that have a return type or parameter type that is annotated with @OnlyIn(Dist.CLIENT). Loading the type is not possible, because it only exists in the CLIENT environment. The recommended fix is to annotate the method with this argument or return type with the same annotation. Lithium handles this error by assuming the class cannot be included in some optimizations.
[03Aug2025 02:08:43.389] [main/ERROR] [net.minecraftforge.fml.loading.RuntimeDistCleaner/DISTXFORM]: Attempted to load class net/minecraft/client/renderer/RenderType for invalid dist DEDICATED_SERVER
[03Aug2025 02:08:43.389] [main/WARN] [Radium Class Analysis/]: Radium Class Analysis Error: Class net.darkhax.darkutilities.features.filters.BlockEntityFilter cannot be analysed, because getting declared methods crashes with RuntimeException: Attempted to load class net/minecraft/client/renderer/RenderType for invalid dist DEDICATED_SERVER. This is usually caused by modded entities declaring methods that have a return type or parameter type that is annotated with @OnlyIn(Dist.CLIENT). Loading the type is not possible, because it only exists in the CLIENT environment. The recommended fix is to annotate the method with this argument or return type with the same annotation. Lithium handles this error by assuming the class cannot be included in some optimizations.
[03Aug2025 02:08:43.390] [main/ERROR] [net.minecraftforge.fml.loading.RuntimeDistCleaner/DISTXFORM]: Attempted to load class net/minecraft/client/renderer/RenderType for invalid dist DEDICATED_SERVER
[03Aug2025 02:08:43.390] [main/WARN] [Radium Class Analysis/]: Radium Class Analysis Error: Class net.darkhax.darkutilities.features.filters.BlockEntityFilter cannot be analysed, because getting declared methods crashes with RuntimeException: Attempted to load class net/minecraft/client/renderer/RenderType for invalid dist DEDICATED_SERVER. This is usually caused by modded entities declaring methods that have a return type or parameter type that is annotated with @OnlyIn(Dist.CLIENT). Loading the type is not possible, because it only exists in the CLIENT environment. The recommended fix is to annotate the method with this argument or return type with the same annotation. Lithium handles this error by assuming the class cannot be included in some optimizations.
[03Aug2025 02:08:43.391] [main/ERROR] [net.minecraftforge.fml.loading.RuntimeDistCleaner/DISTXFORM]: Attempted to load class net/minecraft/client/renderer/RenderType for invalid dist DEDICATED_SERVER
[03Aug2025 02:08:43.391] [main/WARN] [Radium Class Analysis/]: Radium Class Analysis Error: Class net.darkhax.darkutilities.features.filters.BlockEntityFilter cannot be analysed, because getting declared methods crashes with RuntimeException: Attempted to load class net/minecraft/client/renderer/RenderType for invalid dist DEDICATED_SERVER. This is usually caused by modded entities declaring methods that have a return type or parameter type that is annotated with @OnlyIn(Dist.CLIENT). Loading the type is not possible, because it only exists in the CLIENT environment. The recommended fix is to annotate the method with this argument or return type with the same annotation. Lithium handles this error by assuming the class cannot be included in some optimizations.
[03Aug2025 02:08:43.391] [main/ERROR] [net.minecraftforge.fml.loading.RuntimeDistCleaner/DISTXFORM]: Attempted to load class net/minecraft/client/renderer/RenderType for invalid dist DEDICATED_SERVER
[03Aug2025 02:08:43.392] [main/WARN] [Radium Class Analysis/]: Radium Class Analysis Error: Class net.darkhax.darkutilities.features.filters.BlockEntityFilter cannot be analysed, because getting declared methods crashes with RuntimeException: Attempted to load class net/minecraft/client/renderer/RenderType for invalid dist DEDICATED_SERVER. This is usually caused by modded entities declaring methods that have a return type or parameter type that is annotated with @OnlyIn(Dist.CLIENT). Loading the type is not possible, because it only exists in the CLIENT environment. The recommended fix is to annotate the method with this argument or return type with the same annotation. Lithium handles this error by assuming the class cannot be included in some optimizations.
[03Aug2025 02:08:43.393] [main/ERROR] [net.minecraftforge.fml.loading.RuntimeDistCleaner/DISTXFORM]: Attempted to load class net/minecraft/client/renderer/RenderType for invalid dist DEDICATED_SERVER
[03Aug2025 02:08:43.393] [main/WARN] [Radium Class Analysis/]: Radium Class Analysis Error: Class net.darkhax.darkutilities.features.filters.BlockEntityFilter cannot be analysed, because getting declared methods crashes with RuntimeException: Attempted to load class net/minecraft/client/renderer/RenderType for invalid dist DEDICATED_SERVER. This is usually caused by modded entities declaring methods that have a return type or parameter type that is annotated with @OnlyIn(Dist.CLIENT). Loading the type is not possible, because it only exists in the CLIENT environment. The recommended fix is to annotate the method with this argument or return type with the same annotation. Lithium handles this error by assuming the class cannot be included in some optimizations.
[03Aug2025 02:08:43.393] [main/ERROR] [net.minecraftforge.fml.loading.RuntimeDistCleaner/DISTXFORM]: Attempted to load class net/minecraft/client/renderer/RenderType for invalid dist DEDICATED_SERVER
[03Aug2025 02:08:43.393] [main/WARN] [Radium Class Analysis/]: Radium Class Analysis Error: Class net.darkhax.darkutilities.features.filters.BlockEntityFilter cannot be analysed, because getting declared methods crashes with RuntimeException: Attempted to load class net/minecraft/client/renderer/RenderType for invalid dist DEDICATED_SERVER. This is usually caused by modded entities declaring methods that have a return type or parameter type that is annotated with @OnlyIn(Dist.CLIENT). Loading the type is not possible, because it only exists in the CLIENT environment. The recommended fix is to annotate the method with this argument or return type with the same annotation. Lithium handles this error by assuming the class cannot be included in some optimizations.
[03Aug2025 02:08:43.394] [main/ERROR] [net.minecraftforge.fml.loading.RuntimeDistCleaner/DISTXFORM]: Attempted to load class net/minecraft/client/renderer/RenderType for invalid dist DEDICATED_SERVER
[03Aug2025 02:08:43.394] [main/WARN] [Radium Class Analysis/]: Radium Class Analysis Error: Class net.darkhax.darkutilities.features.filters.BlockEntityFilter cannot be analysed, because getting declared methods crashes with RuntimeException: Attempted to load class net/minecraft/client/renderer/RenderType for invalid dist DEDICATED_SERVER. This is usually caused by modded entities declaring methods that have a return type or parameter type that is annotated with @OnlyIn(Dist.CLIENT). Loading the type is not possible, because it only exists in the CLIENT environment. The recommended fix is to annotate the method with this argument or return type with the same annotation. Lithium handles this error by assuming the class cannot be included in some optimizations.
[03Aug2025 02:08:43.395] [main/ERROR] [net.minecraftforge.fml.loading.RuntimeDistCleaner/DISTXFORM]: Attempted to load class net/minecraft/client/renderer/RenderType for invalid dist DEDICATED_SERVER
[03Aug2025 02:08:43.395] [main/WARN] [Radium Class Analysis/]: Radium Class Analysis Error: Class net.darkhax.darkutilities.features.filters.BlockEntityFilter cannot be analysed, because getting declared methods crashes with RuntimeException: Attempted to load class net/minecraft/client/renderer/RenderType for invalid dist DEDICATED_SERVER. This is usually caused by modded entities declaring methods that have a return type or parameter type that is annotated with @OnlyIn(Dist.CLIENT). Loading the type is not possible, because it only exists in the CLIENT environment. The recommended fix is to annotate the method with this argument or return type with the same annotation. Lithium handles this error by assuming the class cannot be included in some optimizations.
[03Aug2025 02:08:43.396] [main/ERROR] [net.minecraftforge.fml.loading.RuntimeDistCleaner/DISTXFORM]: Attempted to load class net/minecraft/client/renderer/RenderType for invalid dist DEDICATED_SERVER
[03Aug2025 02:08:43.396] [main/WARN] [Radium Class Analysis/]: Radium Class Analysis Error: Class net.darkhax.darkutilities.features.filters.BlockEntityFilter cannot be analysed, because getting declared methods crashes with RuntimeException: Attempted to load class net/minecraft/client/renderer/RenderType for invalid dist DEDICATED_SERVER. This is usually caused by modded entities declaring methods that have a return type or parameter type that is annotated with @OnlyIn(Dist.CLIENT). Loading the type is not possible, because it only exists in the CLIENT environment. The recommended fix is to annotate the method with this argument or return type with the same annotation. Lithium handles this error by assuming the class cannot be included in some optimizations.
[03Aug2025 02:08:43.397] [main/ERROR] [net.minecraftforge.fml.loading.RuntimeDistCleaner/DISTXFORM]: Attempted to load class net/minecraft/client/renderer/RenderType for invalid dist DEDICATED_SERVER
[03Aug2025 02:08:43.397] [main/WARN] [Radium Class Analysis/]: Radium Class Analysis Error: Class net.darkhax.darkutilities.features.filters.BlockEntityFilter cannot be analysed, because getting declared methods crashes with RuntimeException: Attempted to load class net/minecraft/client/renderer/RenderType for invalid dist DEDICATED_SERVER. This is usually caused by modded entities declaring methods that have a return type or parameter type that is annotated with @OnlyIn(Dist.CLIENT). Loading the type is not possible, because it only exists in the CLIENT environment. The recommended fix is to annotate the method with this argument or return type with the same annotation. Lithium handles this error by assuming the class cannot be included in some optimizations.
[03Aug2025 02:08:43.398] [main/ERROR] [net.minecraftforge.fml.loading.RuntimeDistCleaner/DISTXFORM]: Attempted to load class net/minecraft/client/renderer/RenderType for invalid dist DEDICATED_SERVER
[03Aug2025 02:08:43.398] [main/WARN] [Radium Class Analysis/]: Radium Class Analysis Error: Class net.darkhax.darkutilities.features.filters.BlockEntityFilter cannot be analysed, because getting declared methods crashes with RuntimeException: Attempted to load class net/minecraft/client/renderer/RenderType for invalid dist DEDICATED_SERVER. This is usually caused by modded entities declaring methods that have a return type or parameter type that is annotated with @OnlyIn(Dist.CLIENT). Loading the type is not possible, because it only exists in the CLIENT environment. The recommended fix is to annotate the method with this argument or return type with the same annotation. Lithium handles this error by assuming the class cannot be included in some optimizations.
[03Aug2025 02:08:43.399] [main/ERROR] [net.minecraftforge.fml.loading.RuntimeDistCleaner/DISTXFORM]: Attempted to load class net/minecraft/client/renderer/RenderType for invalid dist DEDICATED_SERVER
[03Aug2025 02:08:43.399] [main/WARN] [Radium Class Analysis/]: Radium Class Analysis Error: Class net.darkhax.darkutilities.features.filters.BlockEntityFilter cannot be analysed, because getting declared methods crashes with RuntimeException: Attempted to load class net/minecraft/client/renderer/RenderType for invalid dist DEDICATED_SERVER. This is usually caused by modded entities declaring methods that have a return type or parameter type that is annotated with @OnlyIn(Dist.CLIENT). Loading the type is not possible, because it only exists in the CLIENT environment. The recommended fix is to annotate the method with this argument or return type with the same annotation. Lithium handles this error by assuming the class cannot be included in some optimizations.
[03Aug2025 02:08:43.400] [main/ERROR] [net.minecraftforge.fml.loading.RuntimeDistCleaner/DISTXFORM]: Attempted to load class net/minecraft/client/renderer/RenderType for invalid dist DEDICATED_SERVER
[03Aug2025 02:08:43.400] [main/WARN] [Radium Class Analysis/]: Radium Class Analysis Error: Class net.darkhax.darkutilities.features.filters.BlockEntityFilter cannot be analysed, because getting declared methods crashes with RuntimeException: Attempted to load class net/minecraft/client/renderer/RenderType for invalid dist DEDICATED_SERVER. This is usually caused by modded entities declaring methods that have a return type or parameter type that is annotated with @OnlyIn(Dist.CLIENT). Loading the type is not possible, because it only exists in the CLIENT environment. The recommended fix is to annotate the method with this argument or return type with the same annotation. Lithium handles this error by assuming the class cannot be included in some optimizations.
[03Aug2025 02:08:43.401] [main/ERROR] [net.minecraftforge.fml.loading.RuntimeDistCleaner/DISTXFORM]: Attempted to load class net/minecraft/client/renderer/RenderType for invalid dist DEDICATED_SERVER
[03Aug2025 02:08:43.401] [main/WARN] [Radium Class Analysis/]: Radium Class Analysis Error: Class net.darkhax.darkutilities.features.filters.BlockEntityFilter cannot be analysed, because getting declared methods crashes with RuntimeException: Attempted to load class net/minecraft/client/renderer/RenderType for invalid dist DEDICATED_SERVER. This is usually caused by modded entities declaring methods that have a return type or parameter type that is annotated with @OnlyIn(Dist.CLIENT). Loading the type is not possible, because it only exists in the CLIENT environment. The recommended fix is to annotate the method with this argument or return type with the same annotation. Lithium handles this error by assuming the class cannot be included in some optimizations.
[03Aug2025 02:08:43.402] [main/ERROR] [net.minecraftforge.fml.loading.RuntimeDistCleaner/DISTXFORM]: Attempted to load class net/minecraft/client/renderer/RenderType for invalid dist DEDICATED_SERVER
[03Aug2025 02:08:43.402] [main/WARN] [Radium Class Analysis/]: Radium Class Analysis Error: Class net.darkhax.darkutilities.features.filters.BlockEntityFilter cannot be analysed, because getting declared methods crashes with RuntimeException: Attempted to load class net/minecraft/client/renderer/RenderType for invalid dist DEDICATED_SERVER. This is usually caused by modded entities declaring methods that have a return type or parameter type that is annotated with @OnlyIn(Dist.CLIENT). Loading the type is not possible, because it only exists in the CLIENT environment. The recommended fix is to annotate the method with this argument or return type with the same annotation. Lithium handles this error by assuming the class cannot be included in some optimizations.
[03Aug2025 02:08:43.403] [main/ERROR] [net.minecraftforge.fml.loading.RuntimeDistCleaner/DISTXFORM]: Attempted to load class net/minecraft/client/renderer/RenderType for invalid dist DEDICATED_SERVER
[03Aug2025 02:08:43.403] [main/WARN] [Radium Class Analysis/]: Radium Class Analysis Error: Class net.darkhax.darkutilities.features.filters.BlockEntityFilter cannot be analysed, because getting declared methods crashes with RuntimeException: Attempted to load class net/minecraft/client/renderer/RenderType for invalid dist DEDICATED_SERVER. This is usually caused by modded entities declaring methods that have a return type or parameter type that is annotated with @OnlyIn(Dist.CLIENT). Loading the type is not possible, because it only exists in the CLIENT environment. The recommended fix is to annotate the method with this argument or return type with the same annotation. Lithium handles this error by assuming the class cannot be included in some optimizations.
[03Aug2025 02:08:43.404] [main/ERROR] [net.minecraftforge.fml.loading.RuntimeDistCleaner/DISTXFORM]: Attempted to load class net/minecraft/client/renderer/RenderType for invalid dist DEDICATED_SERVER
[03Aug2025 02:08:43.404] [main/WARN] [Radium Class Analysis/]: Radium Class Analysis Error: Class net.darkhax.darkutilities.features.filters.BlockEntityFilter cannot be analysed, because getting declared methods crashes with RuntimeException: Attempted to load class net/minecraft/client/renderer/RenderType for invalid dist DEDICATED_SERVER. This is usually caused by modded entities declaring methods that have a return type or parameter type that is annotated with @OnlyIn(Dist.CLIENT). Loading the type is not possible, because it only exists in the CLIENT environment. The recommended fix is to annotate the method with this argument or return type with the same annotation. Lithium handles this error by assuming the class cannot be included in some optimizations.
[03Aug2025 02:08:43.405] [main/ERROR] [net.minecraftforge.fml.loading.RuntimeDistCleaner/DISTXFORM]: Attempted to load class net/minecraft/client/renderer/RenderType for invalid dist DEDICATED_SERVER
[03Aug2025 02:08:43.405] [main/WARN] [Radium Class Analysis/]: Radium Class Analysis Error: Class net.darkhax.darkutilities.features.filters.BlockEntityFilter cannot be analysed, because getting declared methods crashes with RuntimeException: Attempted to load class net/minecraft/client/renderer/RenderType for invalid dist DEDICATED_SERVER. This is usually caused by modded entities declaring methods that have a return type or parameter type that is annotated with @OnlyIn(Dist.CLIENT). Loading the type is not possible, because it only exists in the CLIENT environment. The recommended fix is to annotate the method with this argument or return type with the same annotation. Lithium handles this error by assuming the class cannot be included in some optimizations.
[03Aug2025 02:08:43.406] [main/ERROR] [net.minecraftforge.fml.loading.RuntimeDistCleaner/DISTXFORM]: Attempted to load class net/minecraft/client/renderer/RenderType for invalid dist DEDICATED_SERVER
[03Aug2025 02:08:43.406] [main/WARN] [Radium Class Analysis/]: Radium Class Analysis Error: Class net.darkhax.darkutilities.features.filters.BlockEntityFilter cannot be analysed, because getting declared methods crashes with RuntimeException: Attempted to load class net/minecraft/client/renderer/RenderType for invalid dist DEDICATED_SERVER. This is usually caused by modded entities declaring methods that have a return type or parameter type that is annotated with @OnlyIn(Dist.CLIENT). Loading the type is not possible, because it only exists in the CLIENT environment. The recommended fix is to annotate the method with this argument or return type with the same annotation. Lithium handles this error by assuming the class cannot be included in some optimizations.
[03Aug2025 02:08:43.407] [main/ERROR] [net.minecraftforge.fml.loading.RuntimeDistCleaner/DISTXFORM]: Attempted to load class net/minecraft/client/renderer/RenderType for invalid dist DEDICATED_SERVER
[03Aug2025 02:08:43.407] [main/WARN] [Radium Class Analysis/]: Radium Class Analysis Error: Class net.darkhax.darkutilities.features.filters.BlockEntityFilter cannot be analysed, because getting declared methods crashes with RuntimeException: Attempted to load class net/minecraft/client/renderer/RenderType for invalid dist DEDICATED_SERVER. This is usually caused by modded entities declaring methods that have a return type or parameter type that is annotated with @OnlyIn(Dist.CLIENT). Loading the type is not possible, because it only exists in the CLIENT environment. The recommended fix is to annotate the method with this argument or return type with the same annotation. Lithium handles this error by assuming the class cannot be included in some optimizations.
[03Aug2025 02:08:43.408] [main/ERROR] [net.minecraftforge.fml.loading.RuntimeDistCleaner/DISTXFORM]: Attempted to load class net/minecraft/client/renderer/RenderType for invalid dist DEDICATED_SERVER
[03Aug2025 02:08:43.408] [main/WARN] [Radium Class Analysis/]: Radium Class Analysis Error: Class net.darkhax.darkutilities.features.filters.BlockEntityFilter cannot be analysed, because getting declared methods crashes with RuntimeException: Attempted to load class net/minecraft/client/renderer/RenderType for invalid dist DEDICATED_SERVER. This is usually caused by modded entities declaring methods that have a return type or parameter type that is annotated with @OnlyIn(Dist.CLIENT). Loading the type is not possible, because it only exists in the CLIENT environment. The recommended fix is to annotate the method with this argument or return type with the same annotation. Lithium handles this error by assuming the class cannot be included in some optimizations.
[03Aug2025 02:08:43.409] [main/ERROR] [net.minecraftforge.fml.loading.RuntimeDistCleaner/DISTXFORM]: Attempted to load class net/minecraft/client/renderer/RenderType for invalid dist DEDICATED_SERVER
[03Aug2025 02:08:43.409] [main/WARN] [Radium Class Analysis/]: Radium Class Analysis Error: Class net.darkhax.darkutilities.features.filters.BlockEntityFilter cannot be analysed, because getting declared methods crashes with RuntimeException: Attempted to load class net/minecraft/client/renderer/RenderType for invalid dist DEDICATED_SERVER. This is usually caused by modded entities declaring methods that have a return type or parameter type that is annotated with @OnlyIn(Dist.CLIENT). Loading the type is not possible, because it only exists in the CLIENT environment. The recommended fix is to annotate the method with this argument or return type with the same annotation. Lithium handles this error by assuming the class cannot be included in some optimizations.
[03Aug2025 02:08:43.410] [main/ERROR] [net.minecraftforge.fml.loading.RuntimeDistCleaner/DISTXFORM]: Attempted to load class net/minecraft/client/renderer/RenderType for invalid dist DEDICATED_SERVER
[03Aug2025 02:08:43.410] [main/WARN] [Radium Class Analysis/]: Radium Class Analysis Error: Class net.darkhax.darkutilities.features.filters.BlockEntityFilter cannot be analysed, because getting declared methods crashes with RuntimeException: Attempted to load class net/minecraft/client/renderer/RenderType for invalid dist DEDICATED_SERVER. This is usually caused by modded entities declaring methods that have a return type or parameter type that is annotated with @OnlyIn(Dist.CLIENT). Loading the type is not possible, because it only exists in the CLIENT environment. The recommended fix is to annotate the method with this argument or return type with the same annotation. Lithium handles this error by assuming the class cannot be included in some optimizations.
[03Aug2025 02:08:43.411] [main/ERROR] [net.minecraftforge.fml.loading.RuntimeDistCleaner/DISTXFORM]: Attempted to load class net/minecraft/client/renderer/RenderType for invalid dist DEDICATED_SERVER
[03Aug2025 02:08:43.411] [main/WARN] [Radium Class Analysis/]: Radium Class Analysis Error: Class net.darkhax.darkutilities.features.filters.BlockEntityFilter cannot be analysed, because getting declared methods crashes with RuntimeException: Attempted to load class net/minecraft/client/renderer/RenderType for invalid dist DEDICATED_SERVER. This is usually caused by modded entities declaring methods that have a return type or parameter type that is annotated with @OnlyIn(Dist.CLIENT). Loading the type is not possible, because it only exists in the CLIENT environment. The recommended fix is to annotate the method with this argument or return type with the same annotation. Lithium handles this error by assuming the class cannot be included in some optimizations.
[03Aug2025 02:08:43.412] [main/ERROR] [net.minecraftforge.fml.loading.RuntimeDistCleaner/DISTXFORM]: Attempted to load class net/minecraft/client/renderer/RenderType for invalid dist DEDICATED_SERVER
[03Aug2025 02:08:43.412] [main/WARN] [Radium Class Analysis/]: Radium Class Analysis Error: Class net.darkhax.darkutilities.features.filters.BlockEntityFilter cannot be analysed, because getting declared methods crashes with RuntimeException: Attempted to load class net/minecraft/client/renderer/RenderType for invalid dist DEDICATED_SERVER. This is usually caused by modded entities declaring methods that have a return type or parameter type that is annotated with @OnlyIn(Dist.CLIENT). Loading the type is not possible, because it only exists in the CLIENT environment. The recommended fix is to annotate the method with this argument or return type with the same annotation. Lithium handles this error by assuming the class cannot be included in some optimizations.
[03Aug2025 02:08:43.413] [main/ERROR] [net.minecraftforge.fml.loading.RuntimeDistCleaner/DISTXFORM]: Attempted to load class net/minecraft/client/renderer/RenderType for invalid dist DEDICATED_SERVER
[03Aug2025 02:08:43.413] [main/WARN] [Radium Class Analysis/]: Radium Class Analysis Error: Class net.darkhax.darkutilities.features.filters.BlockEntityFilter cannot be analysed, because getting declared methods crashes with RuntimeException: Attempted to load class net/minecraft/client/renderer/RenderType for invalid dist DEDICATED_SERVER. This is usually caused by modded entities declaring methods that have a return type or parameter type that is annotated with @OnlyIn(Dist.CLIENT). Loading the type is not possible, because it only exists in the CLIENT environment. The recommended fix is to annotate the method with this argument or return type with the same annotation. Lithium handles this error by assuming the class cannot be included in some optimizations.
[03Aug2025 02:08:43.414] [main/ERROR] [net.minecraftforge.fml.loading.RuntimeDistCleaner/DISTXFORM]: Attempted to load class net/minecraft/client/renderer/RenderType for invalid dist DEDICATED_SERVER
[03Aug2025 02:08:43.414] [main/WARN] [Radium Class Analysis/]: Radium Class Analysis Error: Class net.darkhax.darkutilities.features.filters.BlockEntityFilter cannot be analysed, because getting declared methods crashes with RuntimeException: Attempted to load class net/minecraft/client/renderer/RenderType for invalid dist DEDICATED_SERVER. This is usually caused by modded entities declaring methods that have a return type or parameter type that is annotated with @OnlyIn(Dist.CLIENT). Loading the type is not possible, because it only exists in the CLIENT environment. The recommended fix is to annotate the method with this argument or return type with the same annotation. Lithium handles this error by assuming the class cannot be included in some optimizations.
[03Aug2025 02:08:43.415] [main/ERROR] [net.minecraftforge.fml.loading.RuntimeDistCleaner/DISTXFORM]: Attempted to load class net/minecraft/client/renderer/RenderType for invalid dist DEDICATED_SERVER
[03Aug2025 02:08:43.415] [main/WARN] [Radium Class Analysis/]: Radium Class Analysis Error: Class net.darkhax.darkutilities.features.filters.BlockEntityFilter cannot be analysed, because getting declared methods crashes with RuntimeException: Attempted to load class net/minecraft/client/renderer/RenderType for invalid dist DEDICATED_SERVER. This is usually caused by modded entities declaring methods that have a return type or parameter type that is annotated with @OnlyIn(Dist.CLIENT). Loading the type is not possible, because it only exists in the CLIENT environment. The recommended fix is to annotate the method with this argument or return type with the same annotation. Lithium handles this error by assuming the class cannot be included in some optimizations.
[03Aug2025 02:08:43.416] [main/ERROR] [net.minecraftforge.fml.loading.RuntimeDistCleaner/DISTXFORM]: Attempted to load class net/minecraft/client/renderer/RenderType for invalid dist DEDICATED_SERVER
[03Aug2025 02:08:43.416] [main/WARN] [Radium Class Analysis/]: Radium Class Analysis Error: Class net.darkhax.darkutilities.features.filters.BlockEntityFilter cannot be analysed, because getting declared methods crashes with RuntimeException: Attempted to load class net/minecraft/client/renderer/RenderType for invalid dist DEDICATED_SERVER. This is usually caused by modded entities declaring methods that have a return type or parameter type that is annotated with @OnlyIn(Dist.CLIENT). Loading the type is not possible, because it only exists in the CLIENT environment. The recommended fix is to annotate the method with this argument or return type with the same annotation. Lithium handles this error by assuming the class cannot be included in some optimizations.
[03Aug2025 02:08:43.417] [main/ERROR] [net.minecraftforge.fml.loading.RuntimeDistCleaner/DISTXFORM]: Attempted to load class net/minecraft/client/renderer/RenderType for invalid dist DEDICATED_SERVER
[03Aug2025 02:08:43.417] [main/WARN] [Radium Class Analysis/]: Radium Class Analysis Error: Class net.darkhax.darkutilities.features.filters.BlockEntityFilter cannot be analysed, because getting declared methods crashes with RuntimeException: Attempted to load class net/minecraft/client/renderer/RenderType for invalid dist DEDICATED_SERVER. This is usually caused by modded entities declaring methods that have a return type or parameter type that is annotated with @OnlyIn(Dist.CLIENT). Loading the type is not possible, because it only exists in the CLIENT environment. The recommended fix is to annotate the method with this argument or return type with the same annotation. Lithium handles this error by assuming the class cannot be included in some optimizations.
[03Aug2025 02:08:43.418] [main/ERROR] [net.minecraftforge.fml.loading.RuntimeDistCleaner/DISTXFORM]: Attempted to load class net/minecraft/client/renderer/RenderType for invalid dist DEDICATED_SERVER
[03Aug2025 02:08:43.418] [main/WARN] [Radium Class Analysis/]: Radium Class Analysis Error: Class net.darkhax.darkutilities.features.filters.BlockEntityFilter cannot be analysed, because getting declared methods crashes with RuntimeException: Attempted to load class net/minecraft/client/renderer/RenderType for invalid dist DEDICATED_SERVER. This is usually caused by modded entities declaring methods that have a return type or parameter type that is annotated with @OnlyIn(Dist.CLIENT). Loading the type is not possible, because it only exists in the CLIENT environment. The recommended fix is to annotate the method with this argument or return type with the same annotation. Lithium handles this error by assuming the class cannot be included in some optimizations.
[03Aug2025 02:08:43.419] [main/ERROR] [net.minecraftforge.fml.loading.RuntimeDistCleaner/DISTXFORM]: Attempted to load class net/minecraft/client/renderer/RenderType for invalid dist DEDICATED_SERVER
[03Aug2025 02:08:43.419] [main/WARN] [Radium Class Analysis/]: Radium Class Analysis Error: Class net.darkhax.darkutilities.features.filters.BlockEntityFilter cannot be analysed, because getting declared methods crashes with RuntimeException: Attempted to load class net/minecraft/client/renderer/RenderType for invalid dist DEDICATED_SERVER. This is usually caused by modded entities declaring methods that have a return type or parameter type that is annotated with @OnlyIn(Dist.CLIENT). Loading the type is not possible, because it only exists in the CLIENT environment. The recommended fix is to annotate the method with this argument or return type with the same annotation. Lithium handles this error by assuming the class cannot be included in some optimizations.
[03Aug2025 02:08:43.420] [main/ERROR] [net.minecraftforge.fml.loading.RuntimeDistCleaner/DISTXFORM]: Attempted to load class net/minecraft/client/renderer/RenderType for invalid dist DEDICATED_SERVER
[03Aug2025 02:08:43.420] [main/WARN] [Radium Class Analysis/]: Radium Class Analysis Error: Class net.darkhax.darkutilities.features.filters.BlockEntityFilter cannot be analysed, because getting declared methods crashes with RuntimeException: Attempted to load class net/minecraft/client/renderer/RenderType for invalid dist DEDICATED_SERVER. This is usually caused by modded entities declaring methods that have a return type or parameter type that is annotated with @OnlyIn(Dist.CLIENT). Loading the type is not possible, because it only exists in the CLIENT environment. The recommended fix is to annotate the method with this argument or return type with the same annotation. Lithium handles this error by assuming the class cannot be included in some optimizations.
[03Aug2025 02:08:43.421] [main/ERROR] [net.minecraftforge.fml.loading.RuntimeDistCleaner/DISTXFORM]: Attempted to load class net/minecraft/client/renderer/RenderType for invalid dist DEDICATED_SERVER
[03Aug2025 02:08:43.421] [main/WARN] [Radium Class Analysis/]: Radium Class Analysis Error: Class net.darkhax.darkutilities.features.filters.BlockEntityFilter cannot be analysed, because getting declared methods crashes with RuntimeException: Attempted to load class net/minecraft/client/renderer/RenderType for invalid dist DEDICATED_SERVER. This is usually caused by modded entities declaring methods that have a return type or parameter type that is annotated with @OnlyIn(Dist.CLIENT). Loading the type is not possible, because it only exists in the CLIENT environment. The recommended fix is to annotate the method with this argument or return type with the same annotation. Lithium handles this error by assuming the class cannot be included in some optimizations.
[03Aug2025 02:08:43.423] [main/ERROR] [net.minecraftforge.fml.loading.RuntimeDistCleaner/DISTXFORM]: Attempted to load class net/minecraft/client/renderer/RenderType for invalid dist DEDICATED_SERVER
[03Aug2025 02:08:43.423] [main/WARN] [Radium Class Analysis/]: Radium Class Analysis Error: Class net.darkhax.darkutilities.features.filters.BlockEntityFilter cannot be analysed, because getting declared methods crashes with RuntimeException: Attempted to load class net/minecraft/client/renderer/RenderType for invalid dist DEDICATED_SERVER. This is usually caused by modded entities declaring methods that have a return type or parameter type that is annotated with @OnlyIn(Dist.CLIENT). Loading the type is not possible, because it only exists in the CLIENT environment. The recommended fix is to annotate the method with this argument or return type with the same annotation. Lithium handles this error by assuming the class cannot be included in some optimizations.
[03Aug2025 02:08:43.424] [main/ERROR] [net.minecraftforge.fml.loading.RuntimeDistCleaner/DISTXFORM]: Attempted to load class net/minecraft/client/renderer/RenderType for invalid dist DEDICATED_SERVER
[03Aug2025 02:08:43.424] [main/WARN] [Radium Class Analysis/]: Radium Class Analysis Error: Class net.darkhax.darkutilities.features.filters.BlockEntityFilter cannot be analysed, because getting declared methods crashes with RuntimeException: Attempted to load class net/minecraft/client/renderer/RenderType for invalid dist DEDICATED_SERVER. This is usually caused by modded entities declaring methods that have a return type or parameter type that is annotated with @OnlyIn(Dist.CLIENT). Loading the type is not possible, because it only exists in the CLIENT environment. The recommended fix is to annotate the method with this argument or return type with the same annotation. Lithium handles this error by assuming the class cannot be included in some optimizations.
[03Aug2025 02:08:43.425] [main/ERROR] [net.minecraftforge.fml.loading.RuntimeDistCleaner/DISTXFORM]: Attempted to load class net/minecraft/client/renderer/RenderType for invalid dist DEDICATED_SERVER
[03Aug2025 02:08:43.426] [main/WARN] [Radium Class Analysis/]: Radium Class Analysis Error: Class net.darkhax.darkutilities.features.filters.BlockEntityFilter cannot be analysed, because getting declared methods crashes with RuntimeException: Attempted to load class net/minecraft/client/renderer/RenderType for invalid dist DEDICATED_SERVER. This is usually caused by modded entities declaring methods that have a return type or parameter type that is annotated with @OnlyIn(Dist.CLIENT). Loading the type is not possible, because it only exists in the CLIENT environment. The recommended fix is to annotate the method with this argument or return type with the same annotation. Lithium handles this error by assuming the class cannot be included in some optimizations.
[03Aug2025 02:08:43.427] [main/ERROR] [net.minecraftforge.fml.loading.RuntimeDistCleaner/DISTXFORM]: Attempted to load class net/minecraft/client/renderer/RenderType for invalid dist DEDICATED_SERVER
[03Aug2025 02:08:43.427] [main/WARN] [Radium Class Analysis/]: Radium Class Analysis Error: Class net.darkhax.darkutilities.features.filters.BlockEntityFilter cannot be analysed, because getting declared methods crashes with RuntimeException: Attempted to load class net/minecraft/client/renderer/RenderType for invalid dist DEDICATED_SERVER. This is usually caused by modded entities declaring methods that have a return type or parameter type that is annotated with @OnlyIn(Dist.CLIENT). Loading the type is not possible, because it only exists in the CLIENT environment. The recommended fix is to annotate the method with this argument or return type with the same annotation. Lithium handles this error by assuming the class cannot be included in some optimizations.
[03Aug2025 02:08:43.428] [main/ERROR] [net.minecraftforge.fml.loading.RuntimeDistCleaner/DISTXFORM]: Attempted to load class net/minecraft/client/renderer/RenderType for invalid dist DEDICATED_SERVER
[03Aug2025 02:08:43.428] [main/WARN] [Radium Class Analysis/]: Radium Class Analysis Error: Class net.darkhax.darkutilities.features.filters.BlockEntityFilter cannot be analysed, because getting declared methods crashes with RuntimeException: Attempted to load class net/minecraft/client/renderer/RenderType for invalid dist DEDICATED_SERVER. This is usually caused by modded entities declaring methods that have a return type or parameter type that is annotated with @OnlyIn(Dist.CLIENT). Loading the type is not possible, because it only exists in the CLIENT environment. The recommended fix is to annotate the method with this argument or return type with the same annotation. Lithium handles this error by assuming the class cannot be included in some optimizations.
[03Aug2025 02:08:43.429] [main/ERROR] [net.minecraftforge.fml.loading.RuntimeDistCleaner/DISTXFORM]: Attempted to load class net/minecraft/client/renderer/RenderType for invalid dist DEDICATED_SERVER
[03Aug2025 02:08:43.429] [main/WARN] [Radium Class Analysis/]: Radium Class Analysis Error: Class net.darkhax.darkutilities.features.filters.BlockEntityFilter cannot be analysed, because getting declared methods crashes with RuntimeException: Attempted to load class net/minecraft/client/renderer/RenderType for invalid dist DEDICATED_SERVER. This is usually caused by modded entities declaring methods that have a return type or parameter type that is annotated with @OnlyIn(Dist.CLIENT). Loading the type is not possible, because it only exists in the CLIENT environment. The recommended fix is to annotate the method with this argument or return type with the same annotation. Lithium handles this error by assuming the class cannot be included in some optimizations.
[03Aug2025 02:08:43.430] [main/ERROR] [net.minecraftforge.fml.loading.RuntimeDistCleaner/DISTXFORM]: Attempted to load class net/minecraft/client/renderer/RenderType for invalid dist DEDICATED_SERVER
[03Aug2025 02:08:43.431] [main/WARN] [Radium Class Analysis/]: Radium Class Analysis Error: Class net.darkhax.darkutilities.features.filters.BlockEntityFilter cannot be analysed, because getting declared methods crashes with RuntimeException: Attempted to load class net/minecraft/client/renderer/RenderType for invalid dist DEDICATED_SERVER. This is usually caused by modded entities declaring methods that have a return type or parameter type that is annotated with @OnlyIn(Dist.CLIENT). Loading the type is not possible, because it only exists in the CLIENT environment. The recommended fix is to annotate the method with this argument or return type with the same annotation. Lithium handles this error by assuming the class cannot be included in some optimizations.
[03Aug2025 02:08:43.432] [main/ERROR] [net.minecraftforge.fml.loading.RuntimeDistCleaner/DISTXFORM]: Attempted to load class net/minecraft/client/renderer/RenderType for invalid dist DEDICATED_SERVER
[03Aug2025 02:08:43.432] [main/WARN] [Radium Class Analysis/]: Radium Class Analysis Error: Class net.darkhax.darkutilities.features.filters.BlockEntityFilter cannot be analysed, because getting declared methods crashes with RuntimeException: Attempted to load class net/minecraft/client/renderer/RenderType for invalid dist DEDICATED_SERVER. This is usually caused by modded entities declaring methods that have a return type or parameter type that is annotated with @OnlyIn(Dist.CLIENT). Loading the type is not possible, because it only exists in the CLIENT environment. The recommended fix is to annotate the method with this argument or return type with the same annotation. Lithium handles this error by assuming the class cannot be included in some optimizations.
[03Aug2025 02:08:43.433] [main/ERROR] [net.minecraftforge.fml.loading.RuntimeDistCleaner/DISTXFORM]: Attempted to load class net/minecraft/client/renderer/RenderType for invalid dist DEDICATED_SERVER
[03Aug2025 02:08:43.433] [main/WARN] [Radium Class Analysis/]: Radium Class Analysis Error: Class net.darkhax.darkutilities.features.filters.BlockEntityFilter cannot be analysed, because getting declared methods crashes with RuntimeException: Attempted to load class net/minecraft/client/renderer/RenderType for invalid dist DEDICATED_SERVER. This is usually caused by modded entities declaring methods that have a return type or parameter type that is annotated with @OnlyIn(Dist.CLIENT). Loading the type is not possible, because it only exists in the CLIENT environment. The recommended fix is to annotate the method with this argument or return type with the same annotation. Lithium handles this error by assuming the class cannot be included in some optimizations.
[03Aug2025 02:08:43.434] [main/ERROR] [net.minecraftforge.fml.loading.RuntimeDistCleaner/DISTXFORM]: Attempted to load class net/minecraft/client/renderer/RenderType for invalid dist DEDICATED_SERVER
[03Aug2025 02:08:43.434] [main/WARN] [Radium Class Analysis/]: Radium Class Analysis Error: Class net.darkhax.darkutilities.features.filters.BlockEntityFilter cannot be analysed, because getting declared methods crashes with RuntimeException: Attempted to load class net/minecraft/client/renderer/RenderType for invalid dist DEDICATED_SERVER. This is usually caused by modded entities declaring methods that have a return type or parameter type that is annotated with @OnlyIn(Dist.CLIENT). Loading the type is not possible, because it only exists in the CLIENT environment. The recommended fix is to annotate the method with this argument or return type with the same annotation. Lithium handles this error by assuming the class cannot be included in some optimizations.
[03Aug2025 02:08:43.435] [main/ERROR] [net.minecraftforge.fml.loading.RuntimeDistCleaner/DISTXFORM]: Attempted to load class net/minecraft/client/renderer/RenderType for invalid dist DEDICATED_SERVER
[03Aug2025 02:08:43.435] [main/WARN] [Radium Class Analysis/]: Radium Class Analysis Error: Class net.darkhax.darkutilities.features.filters.BlockEntityFilter cannot be analysed, because getting declared methods crashes with RuntimeException: Attempted to load class net/minecraft/client/renderer/RenderType for invalid dist DEDICATED_SERVER. This is usually caused by modded entities declaring methods that have a return type or parameter type that is annotated with @OnlyIn(Dist.CLIENT). Loading the type is not possible, because it only exists in the CLIENT environment. The recommended fix is to annotate the method with this argument or return type with the same annotation. Lithium handles this error by assuming the class cannot be included in some optimizations.
[03Aug2025 02:08:43.436] [main/ERROR] [net.minecraftforge.fml.loading.RuntimeDistCleaner/DISTXFORM]: Attempted to load class net/minecraft/client/renderer/RenderType for invalid dist DEDICATED_SERVER
[03Aug2025 02:08:43.436] [main/WARN] [Radium Class Analysis/]: Radium Class Analysis Error: Class net.darkhax.darkutilities.features.filters.BlockEntityFilter cannot be analysed, because getting declared methods crashes with RuntimeException: Attempted to load class net/minecraft/client/renderer/RenderType for invalid dist DEDICATED_SERVER. This is usually caused by modded entities declaring methods that have a return type or parameter type that is annotated with @OnlyIn(Dist.CLIENT). Loading the type is not possible, because it only exists in the CLIENT environment. The recommended fix is to annotate the method with this argument or return type with the same annotation. Lithium handles this error by assuming the class cannot be included in some optimizations.
[03Aug2025 02:08:43.437] [main/ERROR] [net.minecraftforge.fml.loading.RuntimeDistCleaner/DISTXFORM]: Attempted to load class net/minecraft/client/renderer/RenderType for invalid dist DEDICATED_SERVER
[03Aug2025 02:08:43.437] [main/WARN] [Radium Class Analysis/]: Radium Class Analysis Error: Class net.darkhax.darkutilities.features.filters.BlockEntityFilter cannot be analysed, because getting declared methods crashes with RuntimeException: Attempted to load class net/minecraft/client/renderer/RenderType for invalid dist DEDICATED_SERVER. This is usually caused by modded entities declaring methods that have a return type or parameter type that is annotated with @OnlyIn(Dist.CLIENT). Loading the type is not possible, because it only exists in the CLIENT environment. The recommended fix is to annotate the method with this argument or return type with the same annotation. Lithium handles this error by assuming the class cannot be included in some optimizations.
[03Aug2025 02:08:43.438] [main/ERROR] [net.minecraftforge.fml.loading.RuntimeDistCleaner/DISTXFORM]: Attempted to load class net/minecraft/client/renderer/RenderType for invalid dist DEDICATED_SERVER
[03Aug2025 02:08:43.438] [main/WARN] [Radium Class Analysis/]: Radium Class Analysis Error: Class net.darkhax.darkutilities.features.filters.BlockEntityFilter cannot be analysed, because getting declared methods crashes with RuntimeException: Attempted to load class net/minecraft/client/renderer/RenderType for invalid dist DEDICATED_SERVER. This is usually caused by modded entities declaring methods that have a return type or parameter type that is annotated with @OnlyIn(Dist.CLIENT). Loading the type is not possible, because it only exists in the CLIENT environment. The recommended fix is to annotate the method with this argument or return type with the same annotation. Lithium handles this error by assuming the class cannot be included in some optimizations.
[03Aug2025 02:08:43.439] [main/ERROR] [net.minecraftforge.fml.loading.RuntimeDistCleaner/DISTXFORM]: Attempted to load class net/minecraft/client/renderer/RenderType for invalid dist DEDICATED_SERVER
[03Aug2025 02:08:43.439] [main/WARN] [Radium Class Analysis/]: Radium Class Analysis Error: Class net.darkhax.darkutilities.features.filters.BlockEntityFilter cannot be analysed, because getting declared methods crashes with RuntimeException: Attempted to load class net/minecraft/client/renderer/RenderType for invalid dist DEDICATED_SERVER. This is usually caused by modded entities declaring methods that have a return type or parameter type that is annotated with @OnlyIn(Dist.CLIENT). Loading the type is not possible, because it only exists in the CLIENT environment. The recommended fix is to annotate the method with this argument or return type with the same annotation. Lithium handles this error by assuming the class cannot be included in some optimizations.
[03Aug2025 02:08:43.440] [main/ERROR] [net.minecraftforge.fml.loading.RuntimeDistCleaner/DISTXFORM]: Attempted to load class net/minecraft/client/renderer/RenderType for invalid dist DEDICATED_SERVER
[03Aug2025 02:08:43.440] [main/WARN] [Radium Class Analysis/]: Radium Class Analysis Error: Class net.darkhax.darkutilities.features.filters.BlockEntityFilter cannot be analysed, because getting declared methods crashes with RuntimeException: Attempted to load class net/minecraft/client/renderer/RenderType for invalid dist DEDICATED_SERVER. This is usually caused by modded entities declaring methods that have a return type or parameter type that is annotated with @OnlyIn(Dist.CLIENT). Loading the type is not possible, because it only exists in the CLIENT environment. The recommended fix is to annotate the method with this argument or return type with the same annotation. Lithium handles this error by assuming the class cannot be included in some optimizations.
[03Aug2025 02:08:43.441] [main/ERROR] [net.minecraftforge.fml.loading.RuntimeDistCleaner/DISTXFORM]: Attempted to load class net/minecraft/client/renderer/RenderType for invalid dist DEDICATED_SERVER
[03Aug2025 02:08:43.441] [main/WARN] [Radium Class Analysis/]: Radium Class Analysis Error: Class net.darkhax.darkutilities.features.filters.BlockEntityFilter cannot be analysed, because getting declared methods crashes with RuntimeException: Attempted to load class net/minecraft/client/renderer/RenderType for invalid dist DEDICATED_SERVER. This is usually caused by modded entities declaring methods that have a return type or parameter type that is annotated with @OnlyIn(Dist.CLIENT). Loading the type is not possible, because it only exists in the CLIENT environment. The recommended fix is to annotate the method with this argument or return type with the same annotation. Lithium handles this error by assuming the class cannot be included in some optimizations.
[03Aug2025 02:08:43.442] [main/ERROR] [net.minecraftforge.fml.loading.RuntimeDistCleaner/DISTXFORM]: Attempted to load class net/minecraft/client/renderer/RenderType for invalid dist DEDICATED_SERVER
[03Aug2025 02:08:43.442] [main/WARN] [Radium Class Analysis/]: Radium Class Analysis Error: Class net.darkhax.darkutilities.features.filters.BlockEntityFilter cannot be analysed, because getting declared methods crashes with RuntimeException: Attempted to load class net/minecraft/client/renderer/RenderType for invalid dist DEDICATED_SERVER. This is usually caused by modded entities declaring methods that have a return type or parameter type that is annotated with @OnlyIn(Dist.CLIENT). Loading the type is not possible, because it only exists in the CLIENT environment. The recommended fix is to annotate the method with this argument or return type with the same annotation. Lithium handles this error by assuming the class cannot be included in some optimizations.
[03Aug2025 02:08:43.443] [main/ERROR] [net.minecraftforge.fml.loading.RuntimeDistCleaner/DISTXFORM]: Attempted to load class net/minecraft/client/renderer/RenderType for invalid dist DEDICATED_SERVER
[03Aug2025 02:08:43.443] [main/WARN] [Radium Class Analysis/]: Radium Class Analysis Error: Class net.darkhax.darkutilities.features.filters.BlockEntityFilter cannot be analysed, because getting declared methods crashes with RuntimeException: Attempted to load class net/minecraft/client/renderer/RenderType for invalid dist DEDICATED_SERVER. This is usually caused by modded entities declaring methods that have a return type or parameter type that is annotated with @OnlyIn(Dist.CLIENT). Loading the type is not possible, because it only exists in the CLIENT environment. The recommended fix is to annotate the method with this argument or return type with the same annotation. Lithium handles this error by assuming the class cannot be included in some optimizations.
[03Aug2025 02:08:43.444] [main/ERROR] [net.minecraftforge.fml.loading.RuntimeDistCleaner/DISTXFORM]: Attempted to load class net/minecraft/client/renderer/RenderType for invalid dist DEDICATED_SERVER
[03Aug2025 02:08:43.444] [main/WARN] [Radium Class Analysis/]: Radium Class Analysis Error: Class net.darkhax.darkutilities.features.filters.BlockEntityFilter cannot be analysed, because getting declared methods crashes with RuntimeException: Attempted to load class net/minecraft/client/renderer/RenderType for invalid dist DEDICATED_SERVER. This is usually caused by modded entities declaring methods that have a return type or parameter type that is annotated with @OnlyIn(Dist.CLIENT). Loading the type is not possible, because it only exists in the CLIENT environment. The recommended fix is to annotate the method with this argument or return type with the same annotation. Lithium handles this error by assuming the class cannot be included in some optimizations.
[03Aug2025 02:08:43.445] [main/ERROR] [net.minecraftforge.fml.loading.RuntimeDistCleaner/DISTXFORM]: Attempted to load class net/minecraft/client/renderer/RenderType for invalid dist DEDICATED_SERVER
[03Aug2025 02:08:43.445] [main/WARN] [Radium Class Analysis/]: Radium Class Analysis Error: Class net.darkhax.darkutilities.features.filters.BlockEntityFilter cannot be analysed, because getting declared methods crashes with RuntimeException: Attempted to load class net/minecraft/client/renderer/RenderType for invalid dist DEDICATED_SERVER. This is usually caused by modded entities declaring methods that have a return type or parameter type that is annotated with @OnlyIn(Dist.CLIENT). Loading the type is not possible, because it only exists in the CLIENT environment. The recommended fix is to annotate the method with this argument or return type with the same annotation. Lithium handles this error by assuming the class cannot be included in some optimizations.
[03Aug2025 02:08:43.446] [main/ERROR] [net.minecraftforge.fml.loading.RuntimeDistCleaner/DISTXFORM]: Attempted to load class net/minecraft/client/renderer/RenderType for invalid dist DEDICATED_SERVER
[03Aug2025 02:08:43.446] [main/WARN] [Radium Class Analysis/]: Radium Class Analysis Error: Class net.darkhax.darkutilities.features.filters.BlockEntityFilter cannot be analysed, because getting declared methods crashes with RuntimeException: Attempted to load class net/minecraft/client/renderer/RenderType for invalid dist DEDICATED_SERVER. This is usually caused by modded entities declaring methods that have a return type or parameter type that is annotated with @OnlyIn(Dist.CLIENT). Loading the type is not possible, because it only exists in the CLIENT environment. The recommended fix is to annotate the method with this argument or return type with the same annotation. Lithium handles this error by assuming the class cannot be included in some optimizations.
[03Aug2025 02:08:44.092] [Forge Version Check/INFO] [net.minecraftforge.fml.VersionChecker/]: [reap] Found status: UP_TO_DATE Current: 1.20.1-1.0.2 Target: null
[03Aug2025 02:08:44.093] [Forge Version Check/INFO] [net.minecraftforge.fml.VersionChecker/]: [supplementaries] Starting version check at https://raw.githubusercontent.com/MehVahdJukaar/Supplementaries/1.20/forge/update.json
[03Aug2025 02:08:44.103] [Forge Version Check/INFO] [net.minecraftforge.fml.VersionChecker/]: [supplementaries] Found status: BETA Current: 1.20-3.1.31 Target: null
[03Aug2025 02:08:44.103] [Forge Version Check/INFO] [net.minecraftforge.fml.VersionChecker/]: [mcwpaintings] Starting version check at https://raw.githubusercontent.com/sketchmacaw/macawsmods/master/paintings.json
[03Aug2025 02:08:44.144] [Forge Version Check/INFO] [net.minecraftforge.fml.VersionChecker/]: [mcwpaintings] Found status: UP_TO_DATE Current: 1.0.5 Target: null
[03Aug2025 02:08:44.144] [Forge Version Check/INFO] [net.minecraftforge.fml.VersionChecker/]: [journeymap] Starting version check at https://forge.curseupdate.com/32274/journeymap
[03Aug2025 02:08:44.237] [Forge Version Check/INFO] [net.minecraftforge.fml.VersionChecker/]: [journeymap] Found status: UP_TO_DATE Current: 5.10.3 Target: null
[03Aug2025 02:08:44.238] [Forge Version Check/INFO] [net.minecraftforge.fml.VersionChecker/]: [moonlight] Starting version check at https://raw.githubusercontent.com/MehVahdJukaar/Moonlight/multi-loader/forge/update.json
[03Aug2025 02:08:44.247] [Forge Version Check/INFO] [net.minecraftforge.fml.VersionChecker/]: [moonlight] Found status: BETA Current: 1.20-2.14.4 Target: null
[03Aug2025 02:08:44.248] [Forge Version Check/INFO] [net.minecraftforge.fml.VersionChecker/]: [iceberg] Starting version check at https://mc-update-check.anthonyhilyard.com/520110
[03Aug2025 02:08:44.278] [Forge Version Check/INFO] [net.minecraftforge.fml.VersionChecker/]: [iceberg] Found status: UP_TO_DATE Current: 1.1.25 Target: null
[03Aug2025 02:08:44.278] [Forge Version Check/INFO] [net.minecraftforge.fml.VersionChecker/]: [pigpen] Starting version check at https://updates.blamejared.com/get?n=pigpen&gv=1.20.1
[03Aug2025 02:08:44.381] [Forge Version Check/INFO] [net.minecraftforge.fml.VersionChecker/]: [pigpen] Found status: BETA Current: 15.0.2 Target: 15.0.2
[03Aug2025 02:08:53.527] [main/ERROR] [net.minecraftforge.fml.loading.RuntimeDistCleaner/DISTXFORM]: Attempted to load class com/mojang/blaze3d/vertex/PoseStack for invalid dist DEDICATED_SERVER
[03Aug2025 02:08:53.527] [main/WARN] [Radium Class Analysis/]: Radium Class Analysis Error: Class net.mehvahdjukaar.supplementaries.common.block.blocks.CannonBlock cannot be analysed, because getting declared methods crashes with RuntimeException: Attempted to load class com/mojang/blaze3d/vertex/PoseStack for invalid dist DEDICATED_SERVER. This is usually caused by modded entities declaring methods that have a return type or parameter type that is annotated with @OnlyIn(Dist.CLIENT). Loading the type is not possible, because it only exists in the CLIENT environment. The recommended fix is to annotate the method with this argument or return type with the same annotation. Lithium handles this error by assuming the class cannot be included in some optimizations.
[03Aug2025 02:08:53.527] [main/ERROR] [net.minecraftforge.fml.loading.RuntimeDistCleaner/DISTXFORM]: Attempted to load class com/mojang/blaze3d/vertex/PoseStack for invalid dist DEDICATED_SERVER
[03Aug2025 02:08:53.527] [main/WARN] [Radium Class Analysis/]: Radium Class Analysis Error: Class net.mehvahdjukaar.supplementaries.common.block.blocks.CannonBlock cannot be analysed, because getting declared methods crashes with RuntimeException: Attempted to load class com/mojang/blaze3d/vertex/PoseStack for invalid dist DEDICATED_SERVER. This is usually caused by modded entities declaring methods that have a return type or parameter type that is annotated with @OnlyIn(Dist.CLIENT). Loading the type is not possible, because it only exists in the CLIENT environment. The recommended fix is to annotate the method with this argument or return type with the same annotation. Lithium handles this error by assuming the class cannot be included in some optimizations.
[03Aug2025 02:08:53.528] [main/ERROR] [net.minecraftforge.fml.loading.RuntimeDistCleaner/DISTXFORM]: Attempted to load class com/mojang/blaze3d/vertex/PoseStack for invalid dist DEDICATED_SERVER
[03Aug2025 02:08:53.528] [main/WARN] [Radium Class Analysis/]: Radium Class Analysis Error: Class net.mehvahdjukaar.supplementaries.common.block.blocks.CannonBlock cannot be analysed, because getting declared methods crashes with RuntimeException: Attempted to load class com/mojang/blaze3d/vertex/PoseStack for invalid dist DEDICATED_SERVER. This is usually caused by modded entities declaring methods that have a return type or parameter type that is annotated with @OnlyIn(Dist.CLIENT). Loading the type is not possible, because it only exists in the CLIENT environment. The recommended fix is to annotate the method with this argument or return type with the same annotation. Lithium handles this error by assuming the class cannot be included in some optimizations.
[03Aug2025 02:08:53.528] [main/ERROR] [net.minecraftforge.fml.loading.RuntimeDistCleaner/DISTXFORM]: Attempted to load class com/mojang/blaze3d/vertex/PoseStack for invalid dist DEDICATED_SERVER
[03Aug2025 02:08:53.529] [main/WARN] [Radium Class Analysis/]: Radium Class Analysis Error: Class net.mehvahdjukaar.supplementaries.common.block.blocks.CannonBlock cannot be analysed, because getting declared methods crashes with RuntimeException: Attempted to load class com/mojang/blaze3d/vertex/PoseStack for invalid dist DEDICATED_SERVER. This is usually caused by modded entities declaring methods that have a return type or parameter type that is annotated with @OnlyIn(Dist.CLIENT). Loading the type is not possible, because it only exists in the CLIENT environment. The recommended fix is to annotate the method with this argument or return type with the same annotation. Lithium handles this error by assuming the class cannot be included in some optimizations.
[03Aug2025 02:08:53.529] [main/ERROR] [net.minecraftforge.fml.loading.RuntimeDistCleaner/DISTXFORM]: Attempted to load class com/mojang/blaze3d/vertex/PoseStack for invalid dist DEDICATED_SERVER
[03Aug2025 02:08:53.529] [main/WARN] [Radium Class Analysis/]: Radium Class Analysis Error: Class net.mehvahdjukaar.supplementaries.common.block.blocks.CannonBlock cannot be analysed, because getting declared methods crashes with RuntimeException: Attempted to load class com/mojang/blaze3d/vertex/PoseStack for invalid dist DEDICATED_SERVER. This is usually caused by modded entities declaring methods that have a return type or parameter type that is annotated with @OnlyIn(Dist.CLIENT). Loading the type is not possible, because it only exists in the CLIENT environment. The recommended fix is to annotate the method with this argument or return type with the same annotation. Lithium handles this error by assuming the class cannot be included in some optimizations.
[03Aug2025 02:08:53.530] [main/ERROR] [net.minecraftforge.fml.loading.RuntimeDistCleaner/DISTXFORM]: Attempted to load class com/mojang/blaze3d/vertex/PoseStack for invalid dist DEDICATED_SERVER
[03Aug2025 02:08:53.530] [main/WARN] [Radium Class Analysis/]: Radium Class Analysis Error: Class net.mehvahdjukaar.supplementaries.common.block.blocks.CannonBlock cannot be analysed, because getting declared methods crashes with RuntimeException: Attempted to load class com/mojang/blaze3d/vertex/PoseStack for invalid dist DEDICATED_SERVER. This is usually caused by modded entities declaring methods that have a return type or parameter type that is annotated with @OnlyIn(Dist.CLIENT). Loading the type is not possible, because it only exists in the CLIENT environment. The recommended fix is to annotate the method with this argument or return type with the same annotation. Lithium handles this error by assuming the class cannot be included in some optimizations.
[03Aug2025 02:08:53.530] [main/ERROR] [net.minecraftforge.fml.loading.RuntimeDistCleaner/DISTXFORM]: Attempted to load class com/mojang/blaze3d/vertex/PoseStack for invalid dist DEDICATED_SERVER
[03Aug2025 02:08:53.530] [main/WARN] [Radium Class Analysis/]: Radium Class Analysis Error: Class net.mehvahdjukaar.supplementaries.common.block.blocks.CannonBlock cannot be analysed, because getting declared methods crashes with RuntimeException: Attempted to load class com/mojang/blaze3d/vertex/PoseStack for invalid dist DEDICATED_SERVER. This is usually caused by modded entities declaring methods that have a return type or parameter type that is annotated with @OnlyIn(Dist.CLIENT). Loading the type is not possible, because it only exists in the CLIENT environment. The recommended fix is to annotate the method with this argument or return type with the same annotation. Lithium handles this error by assuming the class cannot be included in some optimizations.
[03Aug2025 02:08:53.531] [main/ERROR] [net.minecraftforge.fml.loading.RuntimeDistCleaner/DISTXFORM]: Attempted to load class com/mojang/blaze3d/vertex/PoseStack for invalid dist DEDICATED_SERVER
[03Aug2025 02:08:53.531] [main/WARN] [Radium Class Analysis/]: Radium Class Analysis Error: Class net.mehvahdjukaar.supplementaries.common.block.blocks.CannonBlock cannot be analysed, because getting declared methods crashes with RuntimeException: Attempted to load class com/mojang/blaze3d/vertex/PoseStack for invalid dist DEDICATED_SERVER. This is usually caused by modded entities declaring methods that have a return type or parameter type that is annotated with @OnlyIn(Dist.CLIENT). Loading the type is not possible, because it only exists in the CLIENT environment. The recommended fix is to annotate the method with this argument or return type with the same annotation. Lithium handles this error by assuming the class cannot be included in some optimizations.
[03Aug2025 02:08:53.531] [main/ERROR] [net.minecraftforge.fml.loading.RuntimeDistCleaner/DISTXFORM]: Attempted to load class com/mojang/blaze3d/vertex/PoseStack for invalid dist DEDICATED_SERVER
[03Aug2025 02:08:53.531] [main/WARN] [Radium Class Analysis/]: Radium Class Analysis Error: Class net.mehvahdjukaar.supplementaries.common.block.blocks.CannonBlock cannot be analysed, because getting declared methods crashes with RuntimeException: Attempted to load class com/mojang/blaze3d/vertex/PoseStack for invalid dist DEDICATED_SERVER. This is usually caused by modded entities declaring methods that have a return type or parameter type that is annotated with @OnlyIn(Dist.CLIENT). Loading the type is not possible, because it only exists in the CLIENT environment. The recommended fix is to annotate the method with this argument or return type with the same annotation. Lithium handles this error by assuming the class cannot be included in some optimizations.
[03Aug2025 02:08:53.532] [main/ERROR] [net.minecraftforge.fml.loading.RuntimeDistCleaner/DISTXFORM]: Attempted to load class com/mojang/blaze3d/vertex/PoseStack for invalid dist DEDICATED_SERVER
[03Aug2025 02:08:53.532] [main/WARN] [Radium Class Analysis/]: Radium Class Analysis Error: Class net.mehvahdjukaar.supplementaries.common.block.blocks.CannonBlock cannot be analysed, because getting declared methods crashes with RuntimeException: Attempted to load class com/mojang/blaze3d/vertex/PoseStack for invalid dist DEDICATED_SERVER. This is usually caused by modded entities declaring methods that have a return type or parameter type that is annotated with @OnlyIn(Dist.CLIENT). Loading the type is not possible, because it only exists in the CLIENT environment. The recommended fix is to annotate the method with this argument or return type with the same annotation. Lithium handles this error by assuming the class cannot be included in some optimizations.
[03Aug2025 02:08:53.532] [main/ERROR] [net.minecraftforge.fml.loading.RuntimeDistCleaner/DISTXFORM]: Attempted to load class com/mojang/blaze3d/vertex/PoseStack for invalid dist DEDICATED_SERVER
[03Aug2025 02:08:53.533] [main/WARN] [Radium Class Analysis/]: Radium Class Analysis Error: Class net.mehvahdjukaar.supplementaries.common.block.blocks.CannonBlock cannot be analysed, because getting declared methods crashes with RuntimeException: Attempted to load class com/mojang/blaze3d/vertex/PoseStack for invalid dist DEDICATED_SERVER. This is usually caused by modded entities declaring methods that have a return type or parameter type that is annotated with @OnlyIn(Dist.CLIENT). Loading the type is not possible, because it only exists in the CLIENT environment. The recommended fix is to annotate the method with this argument or return type with the same annotation. Lithium handles this error by assuming the class cannot be included in some optimizations.
[03Aug2025 02:08:53.533] [main/ERROR] [net.minecraftforge.fml.loading.RuntimeDistCleaner/DISTXFORM]: Attempted to load class com/mojang/blaze3d/vertex/PoseStack for invalid dist DEDICATED_SERVER
[03Aug2025 02:08:53.533] [main/WARN] [Radium Class Analysis/]: Radium Class Analysis Error: Class net.mehvahdjukaar.supplementaries.common.block.blocks.CannonBlock cannot be analysed, because getting declared methods crashes with RuntimeException: Attempted to load class com/mojang/blaze3d/vertex/PoseStack for invalid dist DEDICATED_SERVER. This is usually caused by modded entities declaring methods that have a return type or parameter type that is annotated with @OnlyIn(Dist.CLIENT). Loading the type is not possible, because it only exists in the CLIENT environment. The recommended fix is to annotate the method with this argument or return type with the same annotation. Lithium handles this error by assuming the class cannot be included in some optimizations.
[03Aug2025 02:08:58.040] [main/INFO] [com.mojang.authlib.yggdrasil.YggdrasilAuthenticationService/]: Environment: authHost='https://authserver.mojang.com', accountsHost='https://api.mojang.com', sessionHost='https://sessionserver.mojang.com', servicesHost='https://api.minecraftservices.com', name='PROD'
[03Aug2025 02:08:59.840] [main/ERROR] [net.minecraftforge.fml.loading.RuntimeDistCleaner/DISTXFORM]: Attempted to load class net/minecraft/client/renderer/RenderType for invalid dist DEDICATED_SERVER
[03Aug2025 02:08:59.841] [main/WARN] [Radium Class Analysis/]: Radium Class Analysis Error: Class net.darkhax.darkutilities.features.filters.BlockEntityFilter cannot be analysed, because getting declared methods crashes with RuntimeException: Attempted to load class net/minecraft/client/renderer/RenderType for invalid dist DEDICATED_SERVER. This is usually caused by modded entities declaring methods that have a return type or parameter type that is annotated with @OnlyIn(Dist.CLIENT). Loading the type is not possible, because it only exists in the CLIENT environment. The recommended fix is to annotate the method with this argument or return type with the same annotation. Lithium handles this error by assuming the class cannot be included in some optimizations.
[03Aug2025 02:08:59.842] [main/ERROR] [net.minecraftforge.fml.loading.RuntimeDistCleaner/DISTXFORM]: Attempted to load class net/minecraft/client/renderer/RenderType for invalid dist DEDICATED_SERVER
[03Aug2025 02:08:59.842] [main/WARN] [Radium Class Analysis/]: Radium Class Analysis Error: Class net.darkhax.darkutilities.features.filters.BlockEntityFilter cannot be analysed, because getting declared methods crashes with RuntimeException: Attempted to load class net/minecraft/client/renderer/RenderType for invalid dist DEDICATED_SERVER. This is usually caused by modded entities declaring methods that have a return type or parameter type that is annotated with @OnlyIn(Dist.CLIENT). Loading the type is not possible, because it only exists in the CLIENT environment. The recommended fix is to annotate the method with this argument or return type with the same annotation. Lithium handles this error by assuming the class cannot be included in some optimizations.
[03Aug2025 02:08:59.843] [main/ERROR] [net.minecraftforge.fml.loading.RuntimeDistCleaner/DISTXFORM]: Attempted to load class net/minecraft/client/renderer/RenderType for invalid dist DEDICATED_SERVER
[03Aug2025 02:08:59.843] [main/WARN] [Radium Class Analysis/]: Radium Class Analysis Error: Class net.darkhax.darkutilities.features.filters.BlockEntityFilter cannot be analysed, because getting declared methods crashes with RuntimeException: Attempted to load class net/minecraft/client/renderer/RenderType for invalid dist DEDICATED_SERVER. This is usually caused by modded entities declaring methods that have a return type or parameter type that is annotated with @OnlyIn(Dist.CLIENT). Loading the type is not possible, because it only exists in the CLIENT environment. The recommended fix is to annotate the method with this argument or return type with the same annotation. Lithium handles this error by assuming the class cannot be included in some optimizations.
[03Aug2025 02:08:59.844] [main/ERROR] [net.minecraftforge.fml.loading.RuntimeDistCleaner/DISTXFORM]: Attempted to load class net/minecraft/client/renderer/RenderType for invalid dist DEDICATED_SERVER
[03Aug2025 02:08:59.844] [main/WARN] [Radium Class Analysis/]: Radium Class Analysis Error: Class net.darkhax.darkutilities.features.filters.BlockEntityFilter cannot be analysed, because getting declared methods crashes with RuntimeException: Attempted to load class net/minecraft/client/renderer/RenderType for invalid dist DEDICATED_SERVER. This is usually caused by modded entities declaring methods that have a return type or parameter type that is annotated with @OnlyIn(Dist.CLIENT). Loading the type is not possible, because it only exists in the CLIENT environment. The recommended fix is to annotate the method with this argument or return type with the same annotation. Lithium handles this error by assuming the class cannot be included in some optimizations.
[03Aug2025 02:08:59.845] [main/ERROR] [net.minecraftforge.fml.loading.RuntimeDistCleaner/DISTXFORM]: Attempted to load class net/minecraft/client/renderer/RenderType for invalid dist DEDICATED_SERVER
[03Aug2025 02:08:59.845] [main/WARN] [Radium Class Analysis/]: Radium Class Analysis Error: Class net.darkhax.darkutilities.features.filters.BlockEntityFilter cannot be analysed, because getting declared methods crashes with RuntimeException: Attempted to load class net/minecraft/client/renderer/RenderType for invalid dist DEDICATED_SERVER. This is usually caused by modded entities declaring methods that have a return type or parameter type that is annotated with @OnlyIn(Dist.CLIENT). Loading the type is not possible, because it only exists in the CLIENT environment. The recommended fix is to annotate the method with this argument or return type with the same annotation. Lithium handles this error by assuming the class cannot be included in some optimizations.
[03Aug2025 02:08:59.846] [main/ERROR] [net.minecraftforge.fml.loading.RuntimeDistCleaner/DISTXFORM]: Attempted to load class net/minecraft/client/renderer/RenderType for invalid dist DEDICATED_SERVER
[03Aug2025 02:08:59.846] [main/WARN] [Radium Class Analysis/]: Radium Class Analysis Error: Class net.darkhax.darkutilities.features.filters.BlockEntityFilter cannot be analysed, because getting declared methods crashes with RuntimeException: Attempted to load class net/minecraft/client/renderer/RenderType for invalid dist DEDICATED_SERVER. This is usually caused by modded entities declaring methods that have a return type or parameter type that is annotated with @OnlyIn(Dist.CLIENT). Loading the type is not possible, because it only exists in the CLIENT environment. The recommended fix is to annotate the method with this argument or return type with the same annotation. Lithium handles this error by assuming the class cannot be included in some optimizations.
[03Aug2025 02:08:59.847] [main/ERROR] [net.minecraftforge.fml.loading.RuntimeDistCleaner/DISTXFORM]: Attempted to load class net/minecraft/client/renderer/RenderType for invalid dist DEDICATED_SERVER
[03Aug2025 02:08:59.847] [main/WARN] [Radium Class Analysis/]: Radium Class Analysis Error: Class net.darkhax.darkutilities.features.filters.BlockEntityFilter cannot be analysed, because getting declared methods crashes with RuntimeException: Attempted to load class net/minecraft/client/renderer/RenderType for invalid dist DEDICATED_SERVER. This is usually caused by modded entities declaring methods that have a return type or parameter type that is annotated with @OnlyIn(Dist.CLIENT). Loading the type is not possible, because it only exists in the CLIENT environment. The recommended fix is to annotate the method with this argument or return type with the same annotation. Lithium handles this error by assuming the class cannot be included in some optimizations.
[03Aug2025 02:08:59.848] [main/ERROR] [net.minecraftforge.fml.loading.RuntimeDistCleaner/DISTXFORM]: Attempted to load class net/minecraft/client/renderer/RenderType for invalid dist DEDICATED_SERVER
[03Aug2025 02:08:59.848] [main/WARN] [Radium Class Analysis/]: Radium Class Analysis Error: Class net.darkhax.darkutilities.features.filters.BlockEntityFilter cannot be analysed, because getting declared methods crashes with RuntimeException: Attempted to load class net/minecraft/client/renderer/RenderType for invalid dist DEDICATED_SERVER. This is usually caused by modded entities declaring methods that have a return type or parameter type that is annotated with @OnlyIn(Dist.CLIENT). Loading the type is not possible, because it only exists in the CLIENT environment. The recommended fix is to annotate the method with this argument or return type with the same annotation. Lithium handles this error by assuming the class cannot be included in some optimizations.
[03Aug2025 02:08:59.849] [main/ERROR] [net.minecraftforge.fml.loading.RuntimeDistCleaner/DISTXFORM]: Attempted to load class net/minecraft/client/renderer/RenderType for invalid dist DEDICATED_SERVER
[03Aug2025 02:08:59.849] [main/WARN] [Radium Class Analysis/]: Radium Class Analysis Error: Class net.darkhax.darkutilities.features.filters.BlockEntityFilter cannot be analysed, because getting declared methods crashes with RuntimeException: Attempted to load class net/minecraft/client/renderer/RenderType for invalid dist DEDICATED_SERVER. This is usually caused by modded entities declaring methods that have a return type or parameter type that is annotated with @OnlyIn(Dist.CLIENT). Loading the type is not possible, because it only exists in the CLIENT environment. The recommended fix is to annotate the method with this argument or return type with the same annotation. Lithium handles this error by assuming the class cannot be included in some optimizations.
[03Aug2025 02:08:59.850] [main/ERROR] [net.minecraftforge.fml.loading.RuntimeDistCleaner/DISTXFORM]: Attempted to load class net/minecraft/client/renderer/RenderType for invalid dist DEDICATED_SERVER
[03Aug2025 02:08:59.850] [main/WARN] [Radium Class Analysis/]: Radium Class Analysis Error: Class net.darkhax.darkutilities.features.filters.BlockEntityFilter cannot be analysed, because getting declared methods crashes with RuntimeException: Attempted to load class net/minecraft/client/renderer/RenderType for invalid dist DEDICATED_SERVER. This is usually caused by modded entities declaring methods that have a return type or parameter type that is annotated with @OnlyIn(Dist.CLIENT). Loading the type is not possible, because it only exists in the CLIENT environment. The recommended fix is to annotate the method with this argument or return type with the same annotation. Lithium handles this error by assuming the class cannot be included in some optimizations.
[03Aug2025 02:08:59.851] [main/ERROR] [net.minecraftforge.fml.loading.RuntimeDistCleaner/DISTXFORM]: Attempted to load class net/minecraft/client/renderer/RenderType for invalid dist DEDICATED_SERVER
[03Aug2025 02:08:59.851] [main/WARN] [Radium Class Analysis/]: Radium Class Analysis Error: Class net.darkhax.darkutilities.features.filters.BlockEntityFilter cannot be analysed, because getting declared methods crashes with RuntimeException: Attempted to load class net/minecraft/client/renderer/RenderType for invalid dist DEDICATED_SERVER. This is usually caused by modded entities declaring methods that have a return type or parameter type that is annotated with @OnlyIn(Dist.CLIENT). Loading the type is not possible, because it only exists in the CLIENT environment. The recommended fix is to annotate the method with this argument or return type with the same annotation. Lithium handles this error by assuming the class cannot be included in some optimizations.
[03Aug2025 02:08:59.852] [main/ERROR] [net.minecraftforge.fml.loading.RuntimeDistCleaner/DISTXFORM]: Attempted to load class net/minecraft/client/renderer/RenderType for invalid dist DEDICATED_SERVER
[03Aug2025 02:08:59.852] [main/WARN] [Radium Class Analysis/]: Radium Class Analysis Error: Class net.darkhax.darkutilities.features.filters.BlockEntityFilter cannot be analysed, because getting declared methods crashes with RuntimeException: Attempted to load class net/minecraft/client/renderer/RenderType for invalid dist DEDICATED_SERVER. This is usually caused by modded entities declaring methods that have a return type or parameter type that is annotated with @OnlyIn(Dist.CLIENT). Loading the type is not possible, because it only exists in the CLIENT environment. The recommended fix is to annotate the method with this argument or return type with the same annotation. Lithium handles this error by assuming the class cannot be included in some optimizations.
[03Aug2025 02:08:59.853] [main/ERROR] [net.minecraftforge.fml.loading.RuntimeDistCleaner/DISTXFORM]: Attempted to load class net/minecraft/client/renderer/RenderType for invalid dist DEDICATED_SERVER
[03Aug2025 02:08:59.853] [main/WARN] [Radium Class Analysis/]: Radium Class Analysis Error: Class net.darkhax.darkutilities.features.filters.BlockEntityFilter cannot be analysed, because getting declared methods crashes with RuntimeException: Attempted to load class net/minecraft/client/renderer/RenderType for invalid dist DEDICATED_SERVER. This is usually caused by modded entities declaring methods that have a return type or parameter type that is annotated with @OnlyIn(Dist.CLIENT). Loading the type is not possible, because it only exists in the CLIENT environment. The recommended fix is to annotate the method with this argument or return type with the same annotation. Lithium handles this error by assuming the class cannot be included in some optimizations.
[03Aug2025 02:08:59.854] [main/ERROR] [net.minecraftforge.fml.loading.RuntimeDistCleaner/DISTXFORM]: Attempted to load class net/minecraft/client/renderer/RenderType for invalid dist DEDICATED_SERVER
[03Aug2025 02:08:59.854] [main/WARN] [Radium Class Analysis/]: Radium Class Analysis Error: Class net.darkhax.darkutilities.features.filters.BlockEntityFilter cannot be analysed, because getting declared methods crashes with RuntimeException: Attempted to load class net/minecraft/client/renderer/RenderType for invalid dist DEDICATED_SERVER. This is usually caused by modded entities declaring methods that have a return type or parameter type that is annotated with @OnlyIn(Dist.CLIENT). Loading the type is not possible, because it only exists in the CLIENT environment. The recommended fix is to annotate the method with this argument or return type with the same annotation. Lithium handles this error by assuming the class cannot be included in some optimizations.
[03Aug2025 02:08:59.855] [main/ERROR] [net.minecraftforge.fml.loading.RuntimeDistCleaner/DISTXFORM]: Attempted to load class net/minecraft/client/renderer/RenderType for invalid dist DEDICATED_SERVER
[03Aug2025 02:08:59.855] [main/WARN] [Radium Class Analysis/]: Radium Class Analysis Error: Class net.darkhax.darkutilities.features.filters.BlockEntityFilter cannot be analysed, because getting declared methods crashes with RuntimeException: Attempted to load class net/minecraft/client/renderer/RenderType for invalid dist DEDICATED_SERVER. This is usually caused by modded entities declaring methods that have a return type or parameter type that is annotated with @OnlyIn(Dist.CLIENT). Loading the type is not possible, because it only exists in the CLIENT environment. The recommended fix is to annotate the method with this argument or return type with the same annotation. Lithium handles this error by assuming the class cannot be included in some optimizations.
[03Aug2025 02:08:59.856] [main/ERROR] [net.minecraftforge.fml.loading.RuntimeDistCleaner/DISTXFORM]: Attempted to load class net/minecraft/client/renderer/RenderType for invalid dist DEDICATED_SERVER
[03Aug2025 02:08:59.856] [main/WARN] [Radium Class Analysis/]: Radium Class Analysis Error: Class net.darkhax.darkutilities.features.filters.BlockEntityFilter cannot be analysed, because getting declared methods crashes with RuntimeException: Attempted to load class net/minecraft/client/renderer/RenderType for invalid dist DEDICATED_SERVER. This is usually caused by modded entities declaring methods that have a return type or parameter type that is annotated with @OnlyIn(Dist.CLIENT). Loading the type is not possible, because it only exists in the CLIENT environment. The recommended fix is to annotate the method with this argument or return type with the same annotation. Lithium handles this error by assuming the class cannot be included in some optimizations.
[03Aug2025 02:08:59.857] [main/ERROR] [net.minecraftforge.fml.loading.RuntimeDistCleaner/DISTXFORM]: Attempted to load class net/minecraft/client/renderer/RenderType for invalid dist DEDICATED_SERVER
[03Aug2025 02:08:59.857] [main/WARN] [Radium Class Analysis/]: Radium Class Analysis Error: Class net.darkhax.darkutilities.features.filters.BlockEntityFilter cannot be analysed, because getting declared methods crashes with RuntimeException: Attempted to load class net/minecraft/client/renderer/RenderType for invalid dist DEDICATED_SERVER. This is usually caused by modded entities declaring methods that have a return type or parameter type that is annotated with @OnlyIn(Dist.CLIENT). Loading the type is not possible, because it only exists in the CLIENT environment. The recommended fix is to annotate the method with this argument or return type with the same annotation. Lithium handles this error by assuming the class cannot be included in some optimizations.
[03Aug2025 02:08:59.858] [main/ERROR] [net.minecraftforge.fml.loading.RuntimeDistCleaner/DISTXFORM]: Attempted to load class net/minecraft/client/renderer/RenderType for invalid dist DEDICATED_SERVER
[03Aug2025 02:08:59.858] [main/WARN] [Radium Class Analysis/]: Radium Class Analysis Error: Class net.darkhax.darkutilities.features.filters.BlockEntityFilter cannot be analysed, because getting declared methods crashes with RuntimeException: Attempted to load class net/minecraft/client/renderer/RenderType for invalid dist DEDICATED_SERVER. This is usually caused by modded entities declaring methods that have a return type or parameter type that is annotated with @OnlyIn(Dist.CLIENT). Loading the type is not possible, because it only exists in the CLIENT environment. The recommended fix is to annotate the method with this argument or return type with the same annotation. Lithium handles this error by assuming the class cannot be included in some optimizations.
[03Aug2025 02:08:59.859] [main/ERROR] [net.minecraftforge.fml.loading.RuntimeDistCleaner/DISTXFORM]: Attempted to load class net/minecraft/client/renderer/RenderType for invalid dist DEDICATED_SERVER
[03Aug2025 02:08:59.859] [main/WARN] [Radium Class Analysis/]: Radium Class Analysis Error: Class net.darkhax.darkutilities.features.filters.BlockEntityFilter cannot be analysed, because getting declared methods crashes with RuntimeException: Attempted to load class net/minecraft/client/renderer/RenderType for invalid dist DEDICATED_SERVER. This is usually caused by modded entities declaring methods that have a return type or parameter type that is annotated with @OnlyIn(Dist.CLIENT). Loading the type is not possible, because it only exists in the CLIENT environment. The recommended fix is to annotate the method with this argument or return type with the same annotation. Lithium handles this error by assuming the class cannot be included in some optimizations.
[03Aug2025 02:08:59.860] [main/ERROR] [net.minecraftforge.fml.loading.RuntimeDistCleaner/DISTXFORM]: Attempted to load class net/minecraft/client/renderer/RenderType for invalid dist DEDICATED_SERVER
[03Aug2025 02:08:59.860] [main/WARN] [Radium Class Analysis/]: Radium Class Analysis Error: Class net.darkhax.darkutilities.features.filters.BlockEntityFilter cannot be analysed, because getting declared methods crashes with RuntimeException: Attempted to load class net/minecraft/client/renderer/RenderType for invalid dist DEDICATED_SERVER. This is usually caused by modded entities declaring methods that have a return type or parameter type that is annotated with @OnlyIn(Dist.CLIENT). Loading the type is not possible, because it only exists in the CLIENT environment. The recommended fix is to annotate the method with this argument or return type with the same annotation. Lithium handles this error by assuming the class cannot be included in some optimizations.
[03Aug2025 02:08:59.861] [main/ERROR] [net.minecraftforge.fml.loading.RuntimeDistCleaner/DISTXFORM]: Attempted to load class net/minecraft/client/renderer/RenderType for invalid dist DEDICATED_SERVER
[03Aug2025 02:08:59.861] [main/WARN] [Radium Class Analysis/]: Radium Class Analysis Error: Class net.darkhax.darkutilities.features.filters.BlockEntityFilter cannot be analysed, because getting declared methods crashes with RuntimeException: Attempted to load class net/minecraft/client/renderer/RenderType for invalid dist DEDICATED_SERVER. This is usually caused by modded entities declaring methods that have a return type or parameter type that is annotated with @OnlyIn(Dist.CLIENT). Loading the type is not possible, because it only exists in the CLIENT environment. The recommended fix is to annotate the method with this argument or return type with the same annotation. Lithium handles this error by assuming the class cannot be included in some optimizations.
[03Aug2025 02:08:59.862] [main/ERROR] [net.minecraftforge.fml.loading.RuntimeDistCleaner/DISTXFORM]: Attempted to load class net/minecraft/client/renderer/RenderType for invalid dist DEDICATED_SERVER
[03Aug2025 02:08:59.862] [main/WARN] [Radium Class Analysis/]: Radium Class Analysis Error: Class net.darkhax.darkutilities.features.filters.BlockEntityFilter cannot be analysed, because getting declared methods crashes with RuntimeException: Attempted to load class net/minecraft/client/renderer/RenderType for invalid dist DEDICATED_SERVER. This is usually caused by modded entities declaring methods that have a return type or parameter type that is annotated with @OnlyIn(Dist.CLIENT). Loading the type is not possible, because it only exists in the CLIENT environment. The recommended fix is to annotate the method with this argument or return type with the same annotation. Lithium handles this error by assuming the class cannot be included in some optimizations.
[03Aug2025 02:08:59.863] [main/ERROR] [net.minecraftforge.fml.loading.RuntimeDistCleaner/DISTXFORM]: Attempted to load class net/minecraft/client/renderer/RenderType for invalid dist DEDICATED_SERVER
[03Aug2025 02:08:59.864] [main/WARN] [Radium Class Analysis/]: Radium Class Analysis Error: Class net.darkhax.darkutilities.features.filters.BlockEntityFilter cannot be analysed, because getting declared methods crashes with RuntimeException: Attempted to load class net/minecraft/client/renderer/RenderType for invalid dist DEDICATED_SERVER. This is usually caused by modded entities declaring methods that have a return type or parameter type that is annotated with @OnlyIn(Dist.CLIENT). Loading the type is not possible, because it only exists in the CLIENT environment. The recommended fix is to annotate the method with this argument or return type with the same annotation. Lithium handles this error by assuming the class cannot be included in some optimizations.
[03Aug2025 02:08:59.865] [main/ERROR] [net.minecraftforge.fml.loading.RuntimeDistCleaner/DISTXFORM]: Attempted to load class net/minecraft/client/renderer/RenderType for invalid dist DEDICATED_SERVER
[03Aug2025 02:08:59.865] [main/WARN] [Radium Class Analysis/]: Radium Class Analysis Error: Class net.darkhax.darkutilities.features.filters.BlockEntityFilter cannot be analysed, because getting declared methods crashes with RuntimeException: Attempted to load class net/minecraft/client/renderer/RenderType for invalid dist DEDICATED_SERVER. This is usually caused by modded entities declaring methods that have a return type or parameter type that is annotated with @OnlyIn(Dist.CLIENT). Loading the type is not possible, because it only exists in the CLIENT environment. The recommended fix is to annotate the method with this argument or return type with the same annotation. Lithium handles this error by assuming the class cannot be included in some optimizations.
[03Aug2025 02:08:59.866] [main/ERROR] [net.minecraftforge.fml.loading.RuntimeDistCleaner/DISTXFORM]: Attempted to load class net/minecraft/client/renderer/RenderType for invalid dist DEDICATED_SERVER
[03Aug2025 02:08:59.866] [main/WARN] [Radium Class Analysis/]: Radium Class Analysis Error: Class net.darkhax.darkutilities.features.filters.BlockEntityFilter cannot be analysed, because getting declared methods crashes with RuntimeException: Attempted to load class net/minecraft/client/renderer/RenderType for invalid dist DEDICATED_SERVER. This is usually caused by modded entities declaring methods that have a return type or parameter type that is annotated with @OnlyIn(Dist.CLIENT). Loading the type is not possible, because it only exists in the CLIENT environment. The recommended fix is to annotate the method with this argument or return type with the same annotation. Lithium handles this error by assuming the class cannot be included in some optimizations.
[03Aug2025 02:08:59.867] [main/ERROR] [net.minecraftforge.fml.loading.RuntimeDistCleaner/DISTXFORM]: Attempted to load class net/minecraft/client/renderer/RenderType for invalid dist DEDICATED_SERVER
[03Aug2025 02:08:59.867] [main/WARN] [Radium Class Analysis/]: Radium Class Analysis Error: Class net.darkhax.darkutilities.features.filters.BlockEntityFilter cannot be analysed, because getting declared methods crashes with RuntimeException: Attempted to load class net/minecraft/client/renderer/RenderType for invalid dist DEDICATED_SERVER. This is usually caused by modded entities declaring methods that have a return type or parameter type that is annotated with @OnlyIn(Dist.CLIENT). Loading the type is not possible, because it only exists in the CLIENT environment. The recommended fix is to annotate the method with this argument or return type with the same annotation. Lithium handles this error by assuming the class cannot be included in some optimizations.
[03Aug2025 02:08:59.867] [main/ERROR] [net.minecraftforge.fml.loading.RuntimeDistCleaner/DISTXFORM]: Attempted to load class net/minecraft/client/renderer/RenderType for invalid dist DEDICATED_SERVER
[03Aug2025 02:08:59.868] [main/WARN] [Radium Class Analysis/]: Radium Class Analysis Error: Class net.darkhax.darkutilities.features.filters.BlockEntityFilter cannot be analysed, because getting declared methods crashes with RuntimeException: Attempted to load class net/minecraft/client/renderer/RenderType for invalid dist DEDICATED_SERVER. This is usually caused by modded entities declaring methods that have a return type or parameter type that is annotated with @OnlyIn(Dist.CLIENT). Loading the type is not possible, because it only exists in the CLIENT environment. The recommended fix is to annotate the method with this argument or return type with the same annotation. Lithium handles this error by assuming the class cannot be included in some optimizations.
[03Aug2025 02:08:59.868] [main/ERROR] [net.minecraftforge.fml.loading.RuntimeDistCleaner/DISTXFORM]: Attempted to load class net/minecraft/client/renderer/RenderType for invalid dist DEDICATED_SERVER
[03Aug2025 02:08:59.869] [main/WARN] [Radium Class Analysis/]: Radium Class Analysis Error: Class net.darkhax.darkutilities.features.filters.BlockEntityFilter cannot be analysed, because getting declared methods crashes with RuntimeException: Attempted to load class net/minecraft/client/renderer/RenderType for invalid dist DEDICATED_SERVER. This is usually caused by modded entities declaring methods that have a return type or parameter type that is annotated with @OnlyIn(Dist.CLIENT). Loading the type is not possible, because it only exists in the CLIENT environment. The recommended fix is to annotate the method with this argument or return type with the same annotation. Lithium handles this error by assuming the class cannot be included in some optimizations.
[03Aug2025 02:08:59.870] [main/ERROR] [net.minecraftforge.fml.loading.RuntimeDistCleaner/DISTXFORM]: Attempted to load class net/minecraft/client/renderer/RenderType for invalid dist DEDICATED_SERVER
[03Aug2025 02:08:59.870] [main/WARN] [Radium Class Analysis/]: Radium Class Analysis Error: Class net.darkhax.darkutilities.features.filters.BlockEntityFilter cannot be analysed, because getting declared methods crashes with RuntimeException: Attempted to load class net/minecraft/client/renderer/RenderType for invalid dist DEDICATED_SERVER. This is usually caused by modded entities declaring methods that have a return type or parameter type that is annotated with @OnlyIn(Dist.CLIENT). Loading the type is not possible, because it only exists in the CLIENT environment. The recommended fix is to annotate the method with this argument or return type with the same annotation. Lithium handles this error by assuming the class cannot be included in some optimizations.
[03Aug2025 02:08:59.871] [main/ERROR] [net.minecraftforge.fml.loading.RuntimeDistCleaner/DISTXFORM]: Attempted to load class net/minecraft/client/renderer/RenderType for invalid dist DEDICATED_SERVER
[03Aug2025 02:08:59.871] [main/WARN] [Radium Class Analysis/]: Radium Class Analysis Error: Class net.darkhax.darkutilities.features.filters.BlockEntityFilter cannot be analysed, because getting declared methods crashes with RuntimeException: Attempted to load class net/minecraft/client/renderer/RenderType for invalid dist DEDICATED_SERVER. This is usually caused by modded entities declaring methods that have a return type or parameter type that is annotated with @OnlyIn(Dist.CLIENT). Loading the type is not possible, because it only exists in the CLIENT environment. The recommended fix is to annotate the method with this argument or return type with the same annotation. Lithium handles this error by assuming the class cannot be included in some optimizations.
[03Aug2025 02:08:59.872] [main/ERROR] [net.minecraftforge.fml.loading.RuntimeDistCleaner/DISTXFORM]: Attempted to load class net/minecraft/client/renderer/RenderType for invalid dist DEDICATED_SERVER
[03Aug2025 02:08:59.872] [main/WARN] [Radium Class Analysis/]: Radium Class Analysis Error: Class net.darkhax.darkutilities.features.filters.BlockEntityFilter cannot be analysed, because getting declared methods crashes with RuntimeException: Attempted to load class net/minecraft/client/renderer/RenderType for invalid dist DEDICATED_SERVER. This is usually caused by modded entities declaring methods that have a return type or parameter type that is annotated with @OnlyIn(Dist.CLIENT). Loading the type is not possible, because it only exists in the CLIENT environment. The recommended fix is to annotate the method with this argument or return type with the same annotation. Lithium handles this error by assuming the class cannot be included in some optimizations.
[03Aug2025 02:08:59.873] [main/ERROR] [net.minecraftforge.fml.loading.RuntimeDistCleaner/DISTXFORM]: Attempted to load class net/minecraft/client/renderer/RenderType for invalid dist DEDICATED_SERVER
[03Aug2025 02:08:59.873] [main/WARN] [Radium Class Analysis/]: Radium Class Analysis Error: Class net.darkhax.darkutilities.features.filters.BlockEntityFilter cannot be analysed, because getting declared methods crashes with RuntimeException: Attempted to load class net/minecraft/client/renderer/RenderType for invalid dist DEDICATED_SERVER. This is usually caused by modded entities declaring methods that have a return type or parameter type that is annotated with @OnlyIn(Dist.CLIENT). Loading the type is not possible, because it only exists in the CLIENT environment. The recommended fix is to annotate the method with this argument or return type with the same annotation. Lithium handles this error by assuming the class cannot be included in some optimizations.
[03Aug2025 02:08:59.874] [main/ERROR] [net.minecraftforge.fml.loading.RuntimeDistCleaner/DISTXFORM]: Attempted to load class net/minecraft/client/renderer/RenderType for invalid dist DEDICATED_SERVER
[03Aug2025 02:08:59.874] [main/WARN] [Radium Class Analysis/]: Radium Class Analysis Error: Class net.darkhax.darkutilities.features.filters.BlockEntityFilter cannot be analysed, because getting declared methods crashes with RuntimeException: Attempted to load class net/minecraft/client/renderer/RenderType for invalid dist DEDICATED_SERVER. This is usually caused by modded entities declaring methods that have a return type or parameter type that is annotated with @OnlyIn(Dist.CLIENT). Loading the type is not possible, because it only exists in the CLIENT environment. The recommended fix is to annotate the method with this argument or return type with the same annotation. Lithium handles this error by assuming the class cannot be included in some optimizations.
[03Aug2025 02:08:59.875] [main/ERROR] [net.minecraftforge.fml.loading.RuntimeDistCleaner/DISTXFORM]: Attempted to load class net/minecraft/client/renderer/RenderType for invalid dist DEDICATED_SERVER
[03Aug2025 02:08:59.875] [main/WARN] [Radium Class Analysis/]: Radium Class Analysis Error: Class net.darkhax.darkutilities.features.filters.BlockEntityFilter cannot be analysed, because getting declared methods crashes with RuntimeException: Attempted to load class net/minecraft/client/renderer/RenderType for invalid dist DEDICATED_SERVER. This is usually caused by modded entities declaring methods that have a return type or parameter type that is annotated with @OnlyIn(Dist.CLIENT). Loading the type is not possible, because it only exists in the CLIENT environment. The recommended fix is to annotate the method with this argument or return type with the same annotation. Lithium handles this error by assuming the class cannot be included in some optimizations.
[03Aug2025 02:08:59.876] [main/ERROR] [net.minecraftforge.fml.loading.RuntimeDistCleaner/DISTXFORM]: Attempted to load class net/minecraft/client/renderer/RenderType for invalid dist DEDICATED_SERVER
[03Aug2025 02:08:59.876] [main/WARN] [Radium Class Analysis/]: Radium Class Analysis Error: Class net.darkhax.darkutilities.features.filters.BlockEntityFilter cannot be analysed, because getting declared methods crashes with RuntimeException: Attempted to load class net/minecraft/client/renderer/RenderType for invalid dist DEDICATED_SERVER. This is usually caused by modded entities declaring methods that have a return type or parameter type that is annotated with @OnlyIn(Dist.CLIENT). Loading the type is not possible, because it only exists in the CLIENT environment. The recommended fix is to annotate the method with this argument or return type with the same annotation. Lithium handles this error by assuming the class cannot be included in some optimizations.
[03Aug2025 02:08:59.876] [main/ERROR] [net.minecraftforge.fml.loading.RuntimeDistCleaner/DISTXFORM]: Attempted to load class net/minecraft/client/renderer/RenderType for invalid dist DEDICATED_SERVER
[03Aug2025 02:08:59.877] [main/WARN] [Radium Class Analysis/]: Radium Class Analysis Error: Class net.darkhax.darkutilities.features.filters.BlockEntityFilter cannot be analysed, because getting declared methods crashes with RuntimeException: Attempted to load class net/minecraft/client/renderer/RenderType for invalid dist DEDICATED_SERVER. This is usually caused by modded entities declaring methods that have a return type or parameter type that is annotated with @OnlyIn(Dist.CLIENT). Loading the type is not possible, because it only exists in the CLIENT environment. The recommended fix is to annotate the method with this argument or return type with the same annotation. Lithium handles this error by assuming the class cannot be included in some optimizations.
[03Aug2025 02:08:59.878] [main/ERROR] [net.minecraftforge.fml.loading.RuntimeDistCleaner/DISTXFORM]: Attempted to load class net/minecraft/client/renderer/RenderType for invalid dist DEDICATED_SERVER
[03Aug2025 02:08:59.878] [main/WARN] [Radium Class Analysis/]: Radium Class Analysis Error: Class net.darkhax.darkutilities.features.filters.BlockEntityFilter cannot be analysed, because getting declared methods crashes with RuntimeException: Attempted to load class net/minecraft/client/renderer/RenderType for invalid dist DEDICATED_SERVER. This is usually caused by modded entities declaring methods that have a return type or parameter type that is annotated with @OnlyIn(Dist.CLIENT). Loading the type is not possible, because it only exists in the CLIENT environment. The recommended fix is to annotate the method with this argument or return type with the same annotation. Lithium handles this error by assuming the class cannot be included in some optimizations.
[03Aug2025 02:08:59.879] [main/ERROR] [net.minecraftforge.fml.loading.RuntimeDistCleaner/DISTXFORM]: Attempted to load class net/minecraft/client/renderer/RenderType for invalid dist DEDICATED_SERVER
[03Aug2025 02:08:59.879] [main/WARN] [Radium Class Analysis/]: Radium Class Analysis Error: Class net.darkhax.darkutilities.features.filters.BlockEntityFilter cannot be analysed, because getting declared methods crashes with RuntimeException: Attempted to load class net/minecraft/client/renderer/RenderType for invalid dist DEDICATED_SERVER. This is usually caused by modded entities declaring methods that have a return type or parameter type that is annotated with @OnlyIn(Dist.CLIENT). Loading the type is not possible, because it only exists in the CLIENT environment. The recommended fix is to annotate the method with this argument or return type with the same annotation. Lithium handles this error by assuming the class cannot be included in some optimizations.
[03Aug2025 02:08:59.880] [main/ERROR] [net.minecraftforge.fml.loading.RuntimeDistCleaner/DISTXFORM]: Attempted to load class net/minecraft/client/renderer/RenderType for invalid dist DEDICATED_SERVER
[03Aug2025 02:08:59.880] [main/WARN] [Radium Class Analysis/]: Radium Class Analysis Error: Class net.darkhax.darkutilities.features.filters.BlockEntityFilter cannot be analysed, because getting declared methods crashes with RuntimeException: Attempted to load class net/minecraft/client/renderer/RenderType for invalid dist DEDICATED_SERVER. This is usually caused by modded entities declaring methods that have a return type or parameter type that is annotated with @OnlyIn(Dist.CLIENT). Loading the type is not possible, because it only exists in the CLIENT environment. The recommended fix is to annotate the method with this argument or return type with the same annotation. Lithium handles this error by assuming the class cannot be included in some optimizations.
[03Aug2025 02:08:59.880] [main/ERROR] [net.minecraftforge.fml.loading.RuntimeDistCleaner/DISTXFORM]: Attempted to load class net/minecraft/client/renderer/RenderType for invalid dist DEDICATED_SERVER
[03Aug2025 02:08:59.881] [main/WARN] [Radium Class Analysis/]: Radium Class Analysis Error: Class net.darkhax.darkutilities.features.filters.BlockEntityFilter cannot be analysed, because getting declared methods crashes with RuntimeException: Attempted to load class net/minecraft/client/renderer/RenderType for invalid dist DEDICATED_SERVER. This is usually caused by modded entities declaring methods that have a return type or parameter type that is annotated with @OnlyIn(Dist.CLIENT). Loading the type is not possible, because it only exists in the CLIENT environment. The recommended fix is to annotate the method with this argument or return type with the same annotation. Lithium handles this error by assuming the class cannot be included in some optimizations.
[03Aug2025 02:08:59.882] [main/ERROR] [net.minecraftforge.fml.loading.RuntimeDistCleaner/DISTXFORM]: Attempted to load class net/minecraft/client/renderer/RenderType for invalid dist DEDICATED_SERVER
[03Aug2025 02:08:59.882] [main/WARN] [Radium Class Analysis/]: Radium Class Analysis Error: Class net.darkhax.darkutilities.features.filters.BlockEntityFilter cannot be analysed, because getting declared methods crashes with RuntimeException: Attempted to load class net/minecraft/client/renderer/RenderType for invalid dist DEDICATED_SERVER. This is usually caused by modded entities declaring methods that have a return type or parameter type that is annotated with @OnlyIn(Dist.CLIENT). Loading the type is not possible, because it only exists in the CLIENT environment. The recommended fix is to annotate the method with this argument or return type with the same annotation. Lithium handles this error by assuming the class cannot be included in some optimizations.
[03Aug2025 02:08:59.883] [main/ERROR] [net.minecraftforge.fml.loading.RuntimeDistCleaner/DISTXFORM]: Attempted to load class net/minecraft/client/renderer/RenderType for invalid dist DEDICATED_SERVER
[03Aug2025 02:08:59.883] [main/WARN] [Radium Class Analysis/]: Radium Class Analysis Error: Class net.darkhax.darkutilities.features.filters.BlockEntityFilter cannot be analysed, because getting declared methods crashes with RuntimeException: Attempted to load class net/minecraft/client/renderer/RenderType for invalid dist DEDICATED_SERVER. This is usually caused by modded entities declaring methods that have a return type or parameter type that is annotated with @OnlyIn(Dist.CLIENT). Loading the type is not possible, because it only exists in the CLIENT environment. The recommended fix is to annotate the method with this argument or return type with the same annotation. Lithium handles this error by assuming the class cannot be included in some optimizations.
[03Aug2025 02:08:59.883] [main/ERROR] [net.minecraftforge.fml.loading.RuntimeDistCleaner/DISTXFORM]: Attempted to load class net/minecraft/client/renderer/RenderType for invalid dist DEDICATED_SERVER
[03Aug2025 02:08:59.884] [main/WARN] [Radium Class Analysis/]: Radium Class Analysis Error: Class net.darkhax.darkutilities.features.filters.BlockEntityFilter cannot be analysed, because getting declared methods crashes with RuntimeException: Attempted to load class net/minecraft/client/renderer/RenderType for invalid dist DEDICATED_SERVER. This is usually caused by modded entities declaring methods that have a return type or parameter type that is annotated with @OnlyIn(Dist.CLIENT). Loading the type is not possible, because it only exists in the CLIENT environment. The recommended fix is to annotate the method with this argument or return type with the same annotation. Lithium handles this error by assuming the class cannot be included in some optimizations.
[03Aug2025 02:08:59.884] [main/ERROR] [net.minecraftforge.fml.loading.RuntimeDistCleaner/DISTXFORM]: Attempted to load class net/minecraft/client/renderer/RenderType for invalid dist DEDICATED_SERVER
[03Aug2025 02:08:59.885] [main/WARN] [Radium Class Analysis/]: Radium Class Analysis Error: Class net.darkhax.darkutilities.features.filters.BlockEntityFilter cannot be analysed, because getting declared methods crashes with RuntimeException: Attempted to load class net/minecraft/client/renderer/RenderType for invalid dist DEDICATED_SERVER. This is usually caused by modded entities declaring methods that have a return type or parameter type that is annotated with @OnlyIn(Dist.CLIENT). Loading the type is not possible, because it only exists in the CLIENT environment. The recommended fix is to annotate the method with this argument or return type with the same annotation. Lithium handles this error by assuming the class cannot be included in some optimizations.
[03Aug2025 02:08:59.886] [main/ERROR] [net.minecraftforge.fml.loading.RuntimeDistCleaner/DISTXFORM]: Attempted to load class net/minecraft/client/renderer/RenderType for invalid dist DEDICATED_SERVER
[03Aug2025 02:08:59.886] [main/WARN] [Radium Class Analysis/]: Radium Class Analysis Error: Class net.darkhax.darkutilities.features.filters.BlockEntityFilter cannot be analysed, because getting declared methods crashes with RuntimeException: Attempted to load class net/minecraft/client/renderer/RenderType for invalid dist DEDICATED_SERVER. This is usually caused by modded entities declaring methods that have a return type or parameter type that is annotated with @OnlyIn(Dist.CLIENT). Loading the type is not possible, because it only exists in the CLIENT environment. The recommended fix is to annotate the method with this argument or return type with the same annotation. Lithium handles this error by assuming the class cannot be included in some optimizations.
[03Aug2025 02:08:59.886] [main/ERROR] [net.minecraftforge.fml.loading.RuntimeDistCleaner/DISTXFORM]: Attempted to load class net/minecraft/client/renderer/RenderType for invalid dist DEDICATED_SERVER
[03Aug2025 02:08:59.887] [main/WARN] [Radium Class Analysis/]: Radium Class Analysis Error: Class net.darkhax.darkutilities.features.filters.BlockEntityFilter cannot be analysed, because getting declared methods crashes with RuntimeException: Attempted to load class net/minecraft/client/renderer/RenderType for invalid dist DEDICATED_SERVER. This is usually caused by modded entities declaring methods that have a return type or parameter type that is annotated with @OnlyIn(Dist.CLIENT). Loading the type is not possible, because it only exists in the CLIENT environment. The recommended fix is to annotate the method with this argument or return type with the same annotation. Lithium handles this error by assuming the class cannot be included in some optimizations.
[03Aug2025 02:08:59.887] [main/ERROR] [net.minecraftforge.fml.loading.RuntimeDistCleaner/DISTXFORM]: Attempted to load class net/minecraft/client/renderer/RenderType for invalid dist DEDICATED_SERVER
[03Aug2025 02:08:59.888] [main/WARN] [Radium Class Analysis/]: Radium Class Analysis Error: Class net.darkhax.darkutilities.features.filters.BlockEntityFilter cannot be analysed, because getting declared methods crashes with RuntimeException: Attempted to load class net/minecraft/client/renderer/RenderType for invalid dist DEDICATED_SERVER. This is usually caused by modded entities declaring methods that have a return type or parameter type that is annotated with @OnlyIn(Dist.CLIENT). Loading the type is not possible, because it only exists in the CLIENT environment. The recommended fix is to annotate the method with this argument or return type with the same annotation. Lithium handles this error by assuming the class cannot be included in some optimizations.
[03Aug2025 02:08:59.888] [main/ERROR] [net.minecraftforge.fml.loading.RuntimeDistCleaner/DISTXFORM]: Attempted to load class net/minecraft/client/renderer/RenderType for invalid dist DEDICATED_SERVER
[03Aug2025 02:08:59.889] [main/WARN] [Radium Class Analysis/]: Radium Class Analysis Error: Class net.darkhax.darkutilities.features.filters.BlockEntityFilter cannot be analysed, because getting declared methods crashes with RuntimeException: Attempted to load class net/minecraft/client/renderer/RenderType for invalid dist DEDICATED_SERVER. This is usually caused by modded entities declaring methods that have a return type or parameter type that is annotated with @OnlyIn(Dist.CLIENT). Loading the type is not possible, because it only exists in the CLIENT environment. The recommended fix is to annotate the method with this argument or return type with the same annotation. Lithium handles this error by assuming the class cannot be included in some optimizations.
[03Aug2025 02:08:59.890] [main/ERROR] [net.minecraftforge.fml.loading.RuntimeDistCleaner/DISTXFORM]: Attempted to load class net/minecraft/client/renderer/RenderType for invalid dist DEDICATED_SERVER
[03Aug2025 02:08:59.890] [main/WARN] [Radium Class Analysis/]: Radium Class Analysis Error: Class net.darkhax.darkutilities.features.filters.BlockEntityFilter cannot be analysed, because getting declared methods crashes with RuntimeException: Attempted to load class net/minecraft/client/renderer/RenderType for invalid dist DEDICATED_SERVER. This is usually caused by modded entities declaring methods that have a return type or parameter type that is annotated with @OnlyIn(Dist.CLIENT). Loading the type is not possible, because it only exists in the CLIENT environment. The recommended fix is to annotate the method with this argument or return type with the same annotation. Lithium handles this error by assuming the class cannot be included in some optimizations.
[03Aug2025 02:08:59.890] [main/ERROR] [net.minecraftforge.fml.loading.RuntimeDistCleaner/DISTXFORM]: Attempted to load class net/minecraft/client/renderer/RenderType for invalid dist DEDICATED_SERVER
[03Aug2025 02:08:59.891] [main/WARN] [Radium Class Analysis/]: Radium Class Analysis Error: Class net.darkhax.darkutilities.features.filters.BlockEntityFilter cannot be analysed, because getting declared methods crashes with RuntimeException: Attempted to load class net/minecraft/client/renderer/RenderType for invalid dist DEDICATED_SERVER. This is usually caused by modded entities declaring methods that have a return type or parameter type that is annotated with @OnlyIn(Dist.CLIENT). Loading the type is not possible, because it only exists in the CLIENT environment. The recommended fix is to annotate the method with this argument or return type with the same annotation. Lithium handles this error by assuming the class cannot be included in some optimizations.
[03Aug2025 02:08:59.891] [main/ERROR] [net.minecraftforge.fml.loading.RuntimeDistCleaner/DISTXFORM]: Attempted to load class net/minecraft/client/renderer/RenderType for invalid dist DEDICATED_SERVER
[03Aug2025 02:08:59.892] [main/WARN] [Radium Class Analysis/]: Radium Class Analysis Error: Class net.darkhax.darkutilities.features.filters.BlockEntityFilter cannot be analysed, because getting declared methods crashes with RuntimeException: Attempted to load class net/minecraft/client/renderer/RenderType for invalid dist DEDICATED_SERVER. This is usually caused by modded entities declaring methods that have a return type or parameter type that is annotated with @OnlyIn(Dist.CLIENT). Loading the type is not possible, because it only exists in the CLIENT environment. The recommended fix is to annotate the method with this argument or return type with the same annotation. Lithium handles this error by assuming the class cannot be included in some optimizations.
[03Aug2025 02:08:59.892] [main/ERROR] [net.minecraftforge.fml.loading.RuntimeDistCleaner/DISTXFORM]: Attempted to load class net/minecraft/client/renderer/RenderType for invalid dist DEDICATED_SERVER
[03Aug2025 02:08:59.893] [main/WARN] [Radium Class Analysis/]: Radium Class Analysis Error: Class net.darkhax.darkutilities.features.filters.BlockEntityFilter cannot be analysed, because getting declared methods crashes with RuntimeException: Attempted to load class net/minecraft/client/renderer/RenderType for invalid dist DEDICATED_SERVER. This is usually caused by modded entities declaring methods that have a return type or parameter type that is annotated with @OnlyIn(Dist.CLIENT). Loading the type is not possible, because it only exists in the CLIENT environment. The recommended fix is to annotate the method with this argument or return type with the same annotation. Lithium handles this error by assuming the class cannot be included in some optimizations.
[03Aug2025 02:08:59.894] [main/ERROR] [net.minecraftforge.fml.loading.RuntimeDistCleaner/DISTXFORM]: Attempted to load class net/minecraft/client/renderer/RenderType for invalid dist DEDICATED_SERVER
[03Aug2025 02:08:59.894] [main/WARN] [Radium Class Analysis/]: Radium Class Analysis Error: Class net.darkhax.darkutilities.features.filters.BlockEntityFilter cannot be analysed, because getting declared methods crashes with RuntimeException: Attempted to load class net/minecraft/client/renderer/RenderType for invalid dist DEDICATED_SERVER. This is usually caused by modded entities declaring methods that have a return type or parameter type that is annotated with @OnlyIn(Dist.CLIENT). Loading the type is not possible, because it only exists in the CLIENT environment. The recommended fix is to annotate the method with this argument or return type with the same annotation. Lithium handles this error by assuming the class cannot be included in some optimizations.
[03Aug2025 02:08:59.894] [main/ERROR] [net.minecraftforge.fml.loading.RuntimeDistCleaner/DISTXFORM]: Attempted to load class net/minecraft/client/renderer/RenderType for invalid dist DEDICATED_SERVER
[03Aug2025 02:08:59.895] [main/WARN] [Radium Class Analysis/]: Radium Class Analysis Error: Class net.darkhax.darkutilities.features.filters.BlockEntityFilter cannot be analysed, because getting declared methods crashes with RuntimeException: Attempted to load class net/minecraft/client/renderer/RenderType for invalid dist DEDICATED_SERVER. This is usually caused by modded entities declaring methods that have a return type or parameter type that is annotated with @OnlyIn(Dist.CLIENT). Loading the type is not possible, because it only exists in the CLIENT environment. The recommended fix is to annotate the method with this argument or return type with the same annotation. Lithium handles this error by assuming the class cannot be included in some optimizations.
[03Aug2025 02:08:59.895] [main/ERROR] [net.minecraftforge.fml.loading.RuntimeDistCleaner/DISTXFORM]: Attempted to load class net/minecraft/client/renderer/RenderType for invalid dist DEDICATED_SERVER
[03Aug2025 02:08:59.896] [main/WARN] [Radium Class Analysis/]: Radium Class Analysis Error: Class net.darkhax.darkutilities.features.filters.BlockEntityFilter cannot be analysed, because getting declared methods crashes with RuntimeException: Attempted to load class net/minecraft/client/renderer/RenderType for invalid dist DEDICATED_SERVER. This is usually caused by modded entities declaring methods that have a return type or parameter type that is annotated with @OnlyIn(Dist.CLIENT). Loading the type is not possible, because it only exists in the CLIENT environment. The recommended fix is to annotate the method with this argument or return type with the same annotation. Lithium handles this error by assuming the class cannot be included in some optimizations.
[03Aug2025 02:08:59.896] [main/ERROR] [net.minecraftforge.fml.loading.RuntimeDistCleaner/DISTXFORM]: Attempted to load class net/minecraft/client/renderer/RenderType for invalid dist DEDICATED_SERVER
[03Aug2025 02:08:59.897] [main/WARN] [Radium Class Analysis/]: Radium Class Analysis Error: Class net.darkhax.darkutilities.features.filters.BlockEntityFilter cannot be analysed, because getting declared methods crashes with RuntimeException: Attempted to load class net/minecraft/client/renderer/RenderType for invalid dist DEDICATED_SERVER. This is usually caused by modded entities declaring methods that have a return type or parameter type that is annotated with @OnlyIn(Dist.CLIENT). Loading the type is not possible, because it only exists in the CLIENT environment. The recommended fix is to annotate the method with this argument or return type with the same annotation. Lithium handles this error by assuming the class cannot be included in some optimizations.
[03Aug2025 02:08:59.898] [main/ERROR] [net.minecraftforge.fml.loading.RuntimeDistCleaner/DISTXFORM]: Attempted to load class net/minecraft/client/renderer/RenderType for invalid dist DEDICATED_SERVER
[03Aug2025 02:08:59.898] [main/WARN] [Radium Class Analysis/]: Radium Class Analysis Error: Class net.darkhax.darkutilities.features.filters.BlockEntityFilter cannot be analysed, because getting declared methods crashes with RuntimeException: Attempted to load class net/minecraft/client/renderer/RenderType for invalid dist DEDICATED_SERVER. This is usually caused by modded entities declaring methods that have a return type or parameter type that is annotated with @OnlyIn(Dist.CLIENT). Loading the type is not possible, because it only exists in the CLIENT environment. The recommended fix is to annotate the method with this argument or return type with the same annotation. Lithium handles this error by assuming the class cannot be included in some optimizations.
[03Aug2025 02:08:59.898] [main/ERROR] [net.minecraftforge.fml.loading.RuntimeDistCleaner/DISTXFORM]: Attempted to load class net/minecraft/client/renderer/RenderType for invalid dist DEDICATED_SERVER
[03Aug2025 02:08:59.899] [main/WARN] [Radium Class Analysis/]: Radium Class Analysis Error: Class net.darkhax.darkutilities.features.filters.BlockEntityFilter cannot be analysed, because getting declared methods crashes with RuntimeException: Attempted to load class net/minecraft/client/renderer/RenderType for invalid dist DEDICATED_SERVER. This is usually caused by modded entities declaring methods that have a return type or parameter type that is annotated with @OnlyIn(Dist.CLIENT). Loading the type is not possible, because it only exists in the CLIENT environment. The recommended fix is to annotate the method with this argument or return type with the same annotation. Lithium handles this error by assuming the class cannot be included in some optimizations.
[03Aug2025 02:08:59.899] [main/ERROR] [net.minecraftforge.fml.loading.RuntimeDistCleaner/DISTXFORM]: Attempted to load class net/minecraft/client/renderer/RenderType for invalid dist DEDICATED_SERVER
[03Aug2025 02:08:59.900] [main/WARN] [Radium Class Analysis/]: Radium Class Analysis Error: Class net.darkhax.darkutilities.features.filters.BlockEntityFilter cannot be analysed, because getting declared methods crashes with RuntimeException: Attempted to load class net/minecraft/client/renderer/RenderType for invalid dist DEDICATED_SERVER. This is usually caused by modded entities declaring methods that have a return type or parameter type that is annotated with @OnlyIn(Dist.CLIENT). Loading the type is not possible, because it only exists in the CLIENT environment. The recommended fix is to annotate the method with this argument or return type with the same annotation. Lithium handles this error by assuming the class cannot be included in some optimizations.
[03Aug2025 02:08:59.900] [main/ERROR] [net.minecraftforge.fml.loading.RuntimeDistCleaner/DISTXFORM]: Attempted to load class net/minecraft/client/renderer/RenderType for invalid dist DEDICATED_SERVER
[03Aug2025 02:08:59.900] [main/WARN] [Radium Class Analysis/]: Radium Class Analysis Error: Class net.darkhax.darkutilities.features.filters.BlockEntityFilter cannot be analysed, because getting declared methods crashes with RuntimeException: Attempted to load class net/minecraft/client/renderer/RenderType for invalid dist DEDICATED_SERVER. This is usually caused by modded entities declaring methods that have a return type or parameter type that is annotated with @OnlyIn(Dist.CLIENT). Loading the type is not possible, because it only exists in the CLIENT environment. The recommended fix is to annotate the method with this argument or return type with the same annotation. Lithium handles this error by assuming the class cannot be included in some optimizations.
[03Aug2025 02:08:59.901] [main/ERROR] [net.minecraftforge.fml.loading.RuntimeDistCleaner/DISTXFORM]: Attempted to load class net/minecraft/client/renderer/RenderType for invalid dist DEDICATED_SERVER
[03Aug2025 02:08:59.902] [main/WARN] [Radium Class Analysis/]: Radium Class Analysis Error: Class net.darkhax.darkutilities.features.filters.BlockEntityFilter cannot be analysed, because getting declared methods crashes with RuntimeException: Attempted to load class net/minecraft/client/renderer/RenderType for invalid dist DEDICATED_SERVER. This is usually caused by modded entities declaring methods that have a return type or parameter type that is annotated with @OnlyIn(Dist.CLIENT). Loading the type is not possible, because it only exists in the CLIENT environment. The recommended fix is to annotate the method with this argument or return type with the same annotation. Lithium handles this error by assuming the class cannot be included in some optimizations.
[03Aug2025 02:08:59.903] [main/ERROR] [net.minecraftforge.fml.loading.RuntimeDistCleaner/DISTXFORM]: Attempted to load class net/minecraft/client/renderer/RenderType for invalid dist DEDICATED_SERVER
[03Aug2025 02:08:59.903] [main/WARN] [Radium Class Analysis/]: Radium Class Analysis Error: Class net.darkhax.darkutilities.features.filters.BlockEntityFilter cannot be analysed, because getting declared methods crashes with RuntimeException: Attempted to load class net/minecraft/client/renderer/RenderType for invalid dist DEDICATED_SERVER. This is usually caused by modded entities declaring methods that have a return type or parameter type that is annotated with @OnlyIn(Dist.CLIENT). Loading the type is not possible, because it only exists in the CLIENT environment. The recommended fix is to annotate the method with this argument or return type with the same annotation. Lithium handles this error by assuming the class cannot be included in some optimizations.
[03Aug2025 02:08:59.904] [main/ERROR] [net.minecraftforge.fml.loading.RuntimeDistCleaner/DISTXFORM]: Attempted to load class net/minecraft/client/renderer/RenderType for invalid dist DEDICATED_SERVER
[03Aug2025 02:08:59.904] [main/WARN] [Radium Class Analysis/]: Radium Class Analysis Error: Class net.darkhax.darkutilities.features.filters.BlockEntityFilter cannot be analysed, because getting declared methods crashes with RuntimeException: Attempted to load class net/minecraft/client/renderer/RenderType for invalid dist DEDICATED_SERVER. This is usually caused by modded entities declaring methods that have a return type or parameter type that is annotated with @OnlyIn(Dist.CLIENT). Loading the type is not possible, because it only exists in the CLIENT environment. The recommended fix is to annotate the method with this argument or return type with the same annotation. Lithium handles this error by assuming the class cannot be included in some optimizations.
[03Aug2025 02:08:59.905] [main/ERROR] [net.minecraftforge.fml.loading.RuntimeDistCleaner/DISTXFORM]: Attempted to load class net/minecraft/client/renderer/RenderType for invalid dist DEDICATED_SERVER
[03Aug2025 02:08:59.905] [main/WARN] [Radium Class Analysis/]: Radium Class Analysis Error: Class net.darkhax.darkutilities.features.filters.BlockEntityFilter cannot be analysed, because getting declared methods crashes with RuntimeException: Attempted to load class net/minecraft/client/renderer/RenderType for invalid dist DEDICATED_SERVER. This is usually caused by modded entities declaring methods that have a return type or parameter type that is annotated with @OnlyIn(Dist.CLIENT). Loading the type is not possible, because it only exists in the CLIENT environment. The recommended fix is to annotate the method with this argument or return type with the same annotation. Lithium handles this error by assuming the class cannot be included in some optimizations.
[03Aug2025 02:08:59.906] [main/ERROR] [net.minecraftforge.fml.loading.RuntimeDistCleaner/DISTXFORM]: Attempted to load class net/minecraft/client/renderer/RenderType for invalid dist DEDICATED_SERVER
[03Aug2025 02:08:59.906] [main/WARN] [Radium Class Analysis/]: Radium Class Analysis Error: Class net.darkhax.darkutilities.features.filters.BlockEntityFilter cannot be analysed, because getting declared methods crashes with RuntimeException: Attempted to load class net/minecraft/client/renderer/RenderType for invalid dist DEDICATED_SERVER. This is usually caused by modded entities declaring methods that have a return type or parameter type that is annotated with @OnlyIn(Dist.CLIENT). Loading the type is not possible, because it only exists in the CLIENT environment. The recommended fix is to annotate the method with this argument or return type with the same annotation. Lithium handles this error by assuming the class cannot be included in some optimizations.
[03Aug2025 02:08:59.907] [main/ERROR] [net.minecraftforge.fml.loading.RuntimeDistCleaner/DISTXFORM]: Attempted to load class net/minecraft/client/renderer/RenderType for invalid dist DEDICATED_SERVER
[03Aug2025 02:08:59.907] [main/WARN] [Radium Class Analysis/]: Radium Class Analysis Error: Class net.darkhax.darkutilities.features.filters.BlockEntityFilter cannot be analysed, because getting declared methods crashes with RuntimeException: Attempted to load class net/minecraft/client/renderer/RenderType for invalid dist DEDICATED_SERVER. This is usually caused by modded entities declaring methods that have a return type or parameter type that is annotated with @OnlyIn(Dist.CLIENT). Loading the type is not possible, because it only exists in the CLIENT environment. The recommended fix is to annotate the method with this argument or return type with the same annotation. Lithium handles this error by assuming the class cannot be included in some optimizations.
[03Aug2025 02:08:59.908] [main/ERROR] [net.minecraftforge.fml.loading.RuntimeDistCleaner/DISTXFORM]: Attempted to load class net/minecraft/client/renderer/RenderType for invalid dist DEDICATED_SERVER
[03Aug2025 02:08:59.908] [main/WARN] [Radium Class Analysis/]: Radium Class Analysis Error: Class net.darkhax.darkutilities.features.filters.BlockEntityFilter cannot be analysed, because getting declared methods crashes with RuntimeException: Attempted to load class net/minecraft/client/renderer/RenderType for invalid dist DEDICATED_SERVER. This is usually caused by modded entities declaring methods that have a return type or parameter type that is annotated with @OnlyIn(Dist.CLIENT). Loading the type is not possible, because it only exists in the CLIENT environment. The recommended fix is to annotate the method with this argument or return type with the same annotation. Lithium handles this error by assuming the class cannot be included in some optimizations.
[03Aug2025 02:08:59.909] [main/ERROR] [net.minecraftforge.fml.loading.RuntimeDistCleaner/DISTXFORM]: Attempted to load class net/minecraft/client/renderer/RenderType for invalid dist DEDICATED_SERVER
[03Aug2025 02:08:59.909] [main/WARN] [Radium Class Analysis/]: Radium Class Analysis Error: Class net.darkhax.darkutilities.features.filters.BlockEntityFilter cannot be analysed, because getting declared methods crashes with RuntimeException: Attempted to load class net/minecraft/client/renderer/RenderType for invalid dist DEDICATED_SERVER. This is usually caused by modded entities declaring methods that have a return type or parameter type that is annotated with @OnlyIn(Dist.CLIENT). Loading the type is not possible, because it only exists in the CLIENT environment. The recommended fix is to annotate the method with this argument or return type with the same annotation. Lithium handles this error by assuming the class cannot be included in some optimizations.
[03Aug2025 02:08:59.910] [main/ERROR] [net.minecraftforge.fml.loading.RuntimeDistCleaner/DISTXFORM]: Attempted to load class net/minecraft/client/renderer/RenderType for invalid dist DEDICATED_SERVER
[03Aug2025 02:08:59.910] [main/WARN] [Radium Class Analysis/]: Radium Class Analysis Error: Class net.darkhax.darkutilities.features.filters.BlockEntityFilter cannot be analysed, because getting declared methods crashes with RuntimeException: Attempted to load class net/minecraft/client/renderer/RenderType for invalid dist DEDICATED_SERVER. This is usually caused by modded entities declaring methods that have a return type or parameter type that is annotated with @OnlyIn(Dist.CLIENT). Loading the type is not possible, because it only exists in the CLIENT environment. The recommended fix is to annotate the method with this argument or return type with the same annotation. Lithium handles this error by assuming the class cannot be included in some optimizations.
[03Aug2025 02:08:59.911] [main/ERROR] [net.minecraftforge.fml.loading.RuntimeDistCleaner/DISTXFORM]: Attempted to load class net/minecraft/client/renderer/RenderType for invalid dist DEDICATED_SERVER
[03Aug2025 02:08:59.911] [main/WARN] [Radium Class Analysis/]: Radium Class Analysis Error: Class net.darkhax.darkutilities.features.filters.BlockEntityFilter cannot be analysed, because getting declared methods crashes with RuntimeException: Attempted to load class net/minecraft/client/renderer/RenderType for invalid dist DEDICATED_SERVER. This is usually caused by modded entities declaring methods that have a return type or parameter type that is annotated with @OnlyIn(Dist.CLIENT). Loading the type is not possible, because it only exists in the CLIENT environment. The recommended fix is to annotate the method with this argument or return type with the same annotation. Lithium handles this error by assuming the class cannot be included in some optimizations.
[03Aug2025 02:08:59.912] [main/ERROR] [net.minecraftforge.fml.loading.RuntimeDistCleaner/DISTXFORM]: Attempted to load class net/minecraft/client/renderer/RenderType for invalid dist DEDICATED_SERVER
[03Aug2025 02:08:59.912] [main/WARN] [Radium Class Analysis/]: Radium Class Analysis Error: Class net.darkhax.darkutilities.features.filters.BlockEntityFilter cannot be analysed, because getting declared methods crashes with RuntimeException: Attempted to load class net/minecraft/client/renderer/RenderType for invalid dist DEDICATED_SERVER. This is usually caused by modded entities declaring methods that have a return type or parameter type that is annotated with @OnlyIn(Dist.CLIENT). Loading the type is not possible, because it only exists in the CLIENT environment. The recommended fix is to annotate the method with this argument or return type with the same annotation. Lithium handles this error by assuming the class cannot be included in some optimizations.
[03Aug2025 02:08:59.913] [main/ERROR] [net.minecraftforge.fml.loading.RuntimeDistCleaner/DISTXFORM]: Attempted to load class net/minecraft/client/renderer/RenderType for invalid dist DEDICATED_SERVER
[03Aug2025 02:08:59.913] [main/WARN] [Radium Class Analysis/]: Radium Class Analysis Error: Class net.darkhax.darkutilities.features.filters.BlockEntityFilter cannot be analysed, because getting declared methods crashes with RuntimeException: Attempted to load class net/minecraft/client/renderer/RenderType for invalid dist DEDICATED_SERVER. This is usually caused by modded entities declaring methods that have a return type or parameter type that is annotated with @OnlyIn(Dist.CLIENT). Loading the type is not possible, because it only exists in the CLIENT environment. The recommended fix is to annotate the method with this argument or return type with the same annotation. Lithium handles this error by assuming the class cannot be included in some optimizations.
[03Aug2025 02:09:08.318] [main/ERROR] [net.minecraftforge.fml.loading.RuntimeDistCleaner/DISTXFORM]: Attempted to load class com/mojang/blaze3d/vertex/PoseStack for invalid dist DEDICATED_SERVER
[03Aug2025 02:09:08.319] [main/WARN] [Radium Class Analysis/]: Radium Class Analysis Error: Class net.mehvahdjukaar.supplementaries.common.block.blocks.CannonBlock cannot be analysed, because getting declared methods crashes with RuntimeException: Attempted to load class com/mojang/blaze3d/vertex/PoseStack for invalid dist DEDICATED_SERVER. This is usually caused by modded entities declaring methods that have a return type or parameter type that is annotated with @OnlyIn(Dist.CLIENT). Loading the type is not possible, because it only exists in the CLIENT environment. The recommended fix is to annotate the method with this argument or return type with the same annotation. Lithium handles this error by assuming the class cannot be included in some optimizations.
[03Aug2025 02:09:08.319] [main/ERROR] [net.minecraftforge.fml.loading.RuntimeDistCleaner/DISTXFORM]: Attempted to load class com/mojang/blaze3d/vertex/PoseStack for invalid dist DEDICATED_SERVER
[03Aug2025 02:09:08.319] [main/WARN] [Radium Class Analysis/]: Radium Class Analysis Error: Class net.mehvahdjukaar.supplementaries.common.block.blocks.CannonBlock cannot be analysed, because getting declared methods crashes with RuntimeException: Attempted to load class com/mojang/blaze3d/vertex/PoseStack for invalid dist DEDICATED_SERVER. This is usually caused by modded entities declaring methods that have a return type or parameter type that is annotated with @OnlyIn(Dist.CLIENT). Loading the type is not possible, because it only exists in the CLIENT environment. The recommended fix is to annotate the method with this argument or return type with the same annotation. Lithium handles this error by assuming the class cannot be included in some optimizations.
[03Aug2025 02:09:08.320] [main/ERROR] [net.minecraftforge.fml.loading.RuntimeDistCleaner/DISTXFORM]: Attempted to load class com/mojang/blaze3d/vertex/PoseStack for invalid dist DEDICATED_SERVER
[03Aug2025 02:09:08.320] [main/WARN] [Radium Class Analysis/]: Radium Class Analysis Error: Class net.mehvahdjukaar.supplementaries.common.block.blocks.CannonBlock cannot be analysed, because getting declared methods crashes with RuntimeException: Attempted to load class com/mojang/blaze3d/vertex/PoseStack for invalid dist DEDICATED_SERVER. This is usually caused by modded entities declaring methods that have a return type or parameter type that is annotated with @OnlyIn(Dist.CLIENT). Loading the type is not possible, because it only exists in the CLIENT environment. The recommended fix is to annotate the method with this argument or return type with the same annotation. Lithium handles this error by assuming the class cannot be included in some optimizations.
[03Aug2025 02:09:08.320] [main/ERROR] [net.minecraftforge.fml.loading.RuntimeDistCleaner/DISTXFORM]: Attempted to load class com/mojang/blaze3d/vertex/PoseStack for invalid dist DEDICATED_SERVER
[03Aug2025 02:09:08.321] [main/WARN] [Radium Class Analysis/]: Radium Class Analysis Error: Class net.mehvahdjukaar.supplementaries.common.block.blocks.CannonBlock cannot be analysed, because getting declared methods crashes with RuntimeException: Attempted to load class com/mojang/blaze3d/vertex/PoseStack for invalid dist DEDICATED_SERVER. This is usually caused by modded entities declaring methods that have a return type or parameter type that is annotated with @OnlyIn(Dist.CLIENT). Loading the type is not possible, because it only exists in the CLIENT environment. The recommended fix is to annotate the method with this argument or return type with the same annotation. Lithium handles this error by assuming the class cannot be included in some optimizations.
[03Aug2025 02:09:08.321] [main/ERROR] [net.minecraftforge.fml.loading.RuntimeDistCleaner/DISTXFORM]: Attempted to load class com/mojang/blaze3d/vertex/PoseStack for invalid dist DEDICATED_SERVER
[03Aug2025 02:09:08.321] [main/WARN] [Radium Class Analysis/]: Radium Class Analysis Error: Class net.mehvahdjukaar.supplementaries.common.block.blocks.CannonBlock cannot be analysed, because getting declared methods crashes with RuntimeException: Attempted to load class com/mojang/blaze3d/vertex/PoseStack for invalid dist DEDICATED_SERVER. This is usually caused by modded entities declaring methods that have a return type or parameter type that is annotated with @OnlyIn(Dist.CLIENT). Loading the type is not possible, because it only exists in the CLIENT environment. The recommended fix is to annotate the method with this argument or return type with the same annotation. Lithium handles this error by assuming the class cannot be included in some optimizations.
[03Aug2025 02:09:08.322] [main/ERROR] [net.minecraftforge.fml.loading.RuntimeDistCleaner/DISTXFORM]: Attempted to load class com/mojang/blaze3d/vertex/PoseStack for invalid dist DEDICATED_SERVER
[03Aug2025 02:09:08.322] [main/WARN] [Radium Class Analysis/]: Radium Class Analysis Error: Class net.mehvahdjukaar.supplementaries.common.block.blocks.CannonBlock cannot be analysed, because getting declared methods crashes with RuntimeException: Attempted to load class com/mojang/blaze3d/vertex/PoseStack for invalid dist DEDICATED_SERVER. This is usually caused by modded entities declaring methods that have a return type or parameter type that is annotated with @OnlyIn(Dist.CLIENT). Loading the type is not possible, because it only exists in the CLIENT environment. The recommended fix is to annotate the method with this argument or return type with the same annotation. Lithium handles this error by assuming the class cannot be included in some optimizations.
[03Aug2025 02:09:08.322] [main/ERROR] [net.minecraftforge.fml.loading.RuntimeDistCleaner/DISTXFORM]: Attempted to load class com/mojang/blaze3d/vertex/PoseStack for invalid dist DEDICATED_SERVER
[03Aug2025 02:09:08.322] [main/WARN] [Radium Class Analysis/]: Radium Class Analysis Error: Class net.mehvahdjukaar.supplementaries.common.block.blocks.CannonBlock cannot be analysed, because getting declared methods crashes with RuntimeException: Attempted to load class com/mojang/blaze3d/vertex/PoseStack for invalid dist DEDICATED_SERVER. This is usually caused by modded entities declaring methods that have a return type or parameter type that is annotated with @OnlyIn(Dist.CLIENT). Loading the type is not possible, because it only exists in the CLIENT environment. The recommended fix is to annotate the method with this argument or return type with the same annotation. Lithium handles this error by assuming the class cannot be included in some optimizations.
[03Aug2025 02:09:08.323] [main/ERROR] [net.minecraftforge.fml.loading.RuntimeDistCleaner/DISTXFORM]: Attempted to load class com/mojang/blaze3d/vertex/PoseStack for invalid dist DEDICATED_SERVER
[03Aug2025 02:09:08.323] [main/WARN] [Radium Class Analysis/]: Radium Class Analysis Error: Class net.mehvahdjukaar.supplementaries.common.block.blocks.CannonBlock cannot be analysed, because getting declared methods crashes with RuntimeException: Attempted to load class com/mojang/blaze3d/vertex/PoseStack for invalid dist DEDICATED_SERVER. This is usually caused by modded entities declaring methods that have a return type or parameter type that is annotated with @OnlyIn(Dist.CLIENT). Loading the type is not possible, because it only exists in the CLIENT environment. The recommended fix is to annotate the method with this argument or return type with the same annotation. Lithium handles this error by assuming the class cannot be included in some optimizations.
[03Aug2025 02:09:08.323] [main/ERROR] [net.minecraftforge.fml.loading.RuntimeDistCleaner/DISTXFORM]: Attempted to load class com/mojang/blaze3d/vertex/PoseStack for invalid dist DEDICATED_SERVER
[03Aug2025 02:09:08.323] [main/WARN] [Radium Class Analysis/]: Radium Class Analysis Error: Class net.mehvahdjukaar.supplementaries.common.block.blocks.CannonBlock cannot be analysed, because getting declared methods crashes with RuntimeException: Attempted to load class com/mojang/blaze3d/vertex/PoseStack for invalid dist DEDICATED_SERVER. This is usually caused by modded entities declaring methods that have a return type or parameter type that is annotated with @OnlyIn(Dist.CLIENT). Loading the type is not possible, because it only exists in the CLIENT environment. The recommended fix is to annotate the method with this argument or return type with the same annotation. Lithium handles this error by assuming the class cannot be included in some optimizations.
[03Aug2025 02:09:08.324] [main/ERROR] [net.minecraftforge.fml.loading.RuntimeDistCleaner/DISTXFORM]: Attempted to load class com/mojang/blaze3d/vertex/PoseStack for invalid dist DEDICATED_SERVER
[03Aug2025 02:09:08.324] [main/WARN] [Radium Class Analysis/]: Radium Class Analysis Error: Class net.mehvahdjukaar.supplementaries.common.block.blocks.CannonBlock cannot be analysed, because getting declared methods crashes with RuntimeException: Attempted to load class com/mojang/blaze3d/vertex/PoseStack for invalid dist DEDICATED_SERVER. This is usually caused by modded entities declaring methods that have a return type or parameter type that is annotated with @OnlyIn(Dist.CLIENT). Loading the type is not possible, because it only exists in the CLIENT environment. The recommended fix is to annotate the method with this argument or return type with the same annotation. Lithium handles this error by assuming the class cannot be included in some optimizations.
[03Aug2025 02:09:08.324] [main/ERROR] [net.minecraftforge.fml.loading.RuntimeDistCleaner/DISTXFORM]: Attempted to load class com/mojang/blaze3d/vertex/PoseStack for invalid dist DEDICATED_SERVER
[03Aug2025 02:09:08.325] [main/WARN] [Radium Class Analysis/]: Radium Class Analysis Error: Class net.mehvahdjukaar.supplementaries.common.block.blocks.CannonBlock cannot be analysed, because getting declared methods crashes with RuntimeException: Attempted to load class com/mojang/blaze3d/vertex/PoseStack for invalid dist DEDICATED_SERVER. This is usually caused by modded entities declaring methods that have a return type or parameter type that is annotated with @OnlyIn(Dist.CLIENT). Loading the type is not possible, because it only exists in the CLIENT environment. The recommended fix is to annotate the method with this argument or return type with the same annotation. Lithium handles this error by assuming the class cannot be included in some optimizations.
[03Aug2025 02:09:08.325] [main/ERROR] [net.minecraftforge.fml.loading.RuntimeDistCleaner/DISTXFORM]: Attempted to load class com/mojang/blaze3d/vertex/PoseStack for invalid dist DEDICATED_SERVER
[03Aug2025 02:09:08.325] [main/WARN] [Radium Class Analysis/]: Radium Class Analysis Error: Class net.mehvahdjukaar.supplementaries.common.block.blocks.CannonBlock cannot be analysed, because getting declared methods crashes with RuntimeException: Attempted to load class com/mojang/blaze3d/vertex/PoseStack for invalid dist DEDICATED_SERVER. This is usually caused by modded entities declaring methods that have a return type or parameter type that is annotated with @OnlyIn(Dist.CLIENT). Loading the type is not possible, because it only exists in the CLIENT environment. The recommended fix is to annotate the method with this argument or return type with the same annotation. Lithium handles this error by assuming the class cannot be included in some optimizations.
[03Aug2025 02:09:12.328] [main/WARN] [net.minecraft.server.packs.VanillaPackResourcesBuilder/]: Assets URL 'union:/workspaces/KarmaCalde/servidor_minecraft/libraries/net/minecraft/server/1.20.1-20230612.114412/server-1.20.1-20230612.114412-srg.jar%23563!/assets/.mcassetsroot' uses unexpected schema
[03Aug2025 02:09:12.328] [main/WARN] [net.minecraft.server.packs.VanillaPackResourcesBuilder/]: Assets URL 'union:/workspaces/KarmaCalde/servidor_minecraft/libraries/net/minecraft/server/1.20.1-20230612.114412/server-1.20.1-20230612.114412-srg.jar%23563!/data/.mcassetsroot' uses unexpected schema
[03Aug2025 02:09:12.849] [main/INFO] [com.simibubi.create.Create/]: Created 667 recipes which will be injected into the game
[03Aug2025 02:09:12.866] [main/INFO] [com.simibubi.create.Create/]: Created 37 tags which will be injected into the game
[03Aug2025 02:09:13.199] [main/INFO] [Moonlight/]: Generated runtime resources for 1 packs in a total of: 39 ms
[03Aug2025 02:09:15.379] [main/INFO] [com.github.alexthe666.alexsmobs.AlexsMobs/]: Adding datapack listener capsid_recipes
[03Aug2025 02:09:15.815] [Worker-Main-2/WARN] [artifacts.Artifacts/]: Tag entries for curios:tags/items/magic_book.json cleared by tombstone-1.20.1-8.9.6.jar
[03Aug2025 02:09:16.844] [Worker-Main-1/INFO] [K-Turrets/]: Checking alexsmobs:entities/leafcutter_ant_queen loot table
[03Aug2025 02:09:17.023] [Worker-Main-1/INFO] [K-Turrets/]: Checking occultism:entities/possessed_warden loot table
[03Aug2025 02:09:17.034] [Worker-Main-1/INFO] [K-Turrets/]: Checking minecraft:entities/skeleton_horse loot table
[03Aug2025 02:09:17.066] [Worker-Main-1/INFO] [K-Turrets/]: Checking occultism:entities/possessed_endermite loot table
[03Aug2025 02:09:17.113] [Worker-Main-1/INFO] [K-Turrets/]: Checking artifacts:inject/entities/cow loot table
[03Aug2025 02:09:17.136] [Worker-Main-1/INFO] [K-Turrets/]: Checking creeperoverhaul:entities/jungle_creeper loot table
[03Aug2025 02:09:17.145] [Worker-Main-1/INFO] [K-Turrets/]: Checking cataclysm:entities/the_prowler loot table
[03Aug2025 02:09:17.161] [Worker-Main-1/INFO] [dev.foxgirl.crabclaws.CrabclawsMod/]: Added crab claw loot pool to minecraft:chests/underwater_ruin_small
[03Aug2025 02:09:17.164] [Worker-Main-1/INFO] [K-Turrets/]: Checking alexsmobs:entities/crocodile loot table
[03Aug2025 02:09:17.175] [Worker-Main-1/INFO] [K-Turrets/]: Checking minecraft:entities/sheep/red loot table
[03Aug2025 02:09:17.186] [Worker-Main-1/INFO] [K-Turrets/]: Checking friendsandfoes:entities/wildfire loot table
[03Aug2025 02:09:17.207] [Worker-Main-1/INFO] [K-Turrets/]: Checking aquamirae:entities/tortured_soul loot table
[03Aug2025 02:09:17.213] [Worker-Main-1/INFO] [K-Turrets/]: Checking alexsmobs:entities/skelewag loot table
[03Aug2025 02:09:17.279] [Worker-Main-1/INFO] [K-Turrets/]: Checking alexsmobs:entities/bunfungus loot table
[03Aug2025 02:09:17.282] [Worker-Main-1/INFO] [K-Turrets/]: Checking minecraft:entities/blaze loot table
[03Aug2025 02:09:17.282] [Worker-Main-1/INFO] [K-Turrets/]:    Including blaze_rod with uniform set item function 0.0 - 1.0
[03Aug2025 02:09:17.301] [Worker-Main-1/INFO] [K-Turrets/]: Checking minecraft:entities/husk loot table
[03Aug2025 02:09:17.301] [Worker-Main-1/INFO] [K-Turrets/]:    Including iron_ingot with random looting chance 0.008333334
[03Aug2025 02:09:17.301] [Worker-Main-1/INFO] [K-Turrets/]:    Including carrot with random looting chance 0.008333334
[03Aug2025 02:09:17.301] [Worker-Main-1/INFO] [K-Turrets/]:    Including potato with random looting chance 0.008333334
[03Aug2025 02:09:17.306] [Worker-Main-1/INFO] [K-Turrets/]: Checking goblintraders:entities/vein_goblin_trader loot table
[03Aug2025 02:09:17.307] [Worker-Main-1/INFO] [K-Turrets/]: Checking aquaculture:entities/atlantic_halibut loot table
[03Aug2025 02:09:17.319] [Worker-Main-1/INFO] [K-Turrets/]: Checking occultism:entities/possessed_shulker loot table
[03Aug2025 02:09:17.322] [Worker-Main-1/INFO] [K-Turrets/]: Checking minecraft:entities/sheep/black loot table
[03Aug2025 02:09:17.337] [Worker-Main-1/INFO] [K-Turrets/]: Checking minecraft:entities/chicken loot table
[03Aug2025 02:09:17.350] [Worker-Main-1/INFO] [K-Turrets/]: Checking occultism:entities/possessed_enderman loot table
[03Aug2025 02:09:17.351] [Worker-Main-1/INFO] [K-Turrets/]: Checking cataclysm:entities/royal_draugr loot table
[03Aug2025 02:09:17.351] [Worker-Main-1/INFO] [K-Turrets/]:    Including black_steel_ingot with random looting chance 0.025
[03Aug2025 02:09:17.352] [Worker-Main-1/INFO] [K-Turrets/]: Checking alexsmobs:entities/potoo loot table
[03Aug2025 02:09:17.366] [Worker-Main-1/INFO] [K-Turrets/]: Checking minecraft:entities/guardian loot table
[03Aug2025 02:09:17.374] [Worker-Main-1/INFO] [K-Turrets/]: Checking minecraft:entities/zoglin loot table
[03Aug2025 02:09:17.376] [Worker-Main-1/INFO] [K-Turrets/]: Checking duckling:entities/duck loot table
[03Aug2025 02:09:17.376] [Worker-Main-1/INFO] [K-Turrets/]: Checking tropicraft:entities/iguana loot table
[03Aug2025 02:09:17.379] [Worker-Main-1/INFO] [K-Turrets/]: Checking alexsmobs:entities/tusklin loot table
[03Aug2025 02:09:17.387] [Worker-Main-1/INFO] [K-Turrets/]: Checking alexsmobs:entities/bison loot table
[03Aug2025 02:09:17.389] [Worker-Main-1/INFO] [K-Turrets/]: Checking cataclysm:entities/the_baby_leviathan loot table
[03Aug2025 02:09:17.398] [Worker-Main-1/INFO] [K-Turrets/]: Checking untamedwilds:entities/wildebeest loot table
[03Aug2025 02:09:17.405] [Worker-Main-1/INFO] [K-Turrets/]: Checking tropicraft:entities/sardine loot table
[03Aug2025 02:09:17.405] [Worker-Main-1/INFO] [K-Turrets/]: Checking alexsmobs:entities/warped_mosco loot table
[03Aug2025 02:09:17.409] [Worker-Main-1/INFO] [K-Turrets/]: Checking alexsmobs:entities/catfish loot table
[03Aug2025 02:09:17.411] [Worker-Main-1/INFO] [K-Turrets/]: Checking minecraft:entities/parrot loot table
[03Aug2025 02:09:17.412] [Worker-Main-1/INFO] [K-Turrets/]: Checking tropicraft:entities/tropicreeper loot table
[03Aug2025 02:09:17.413] [Worker-Main-1/INFO] [K-Turrets/]: Checking untamedwilds:entities/tarantula loot table
[03Aug2025 02:09:17.427] [Worker-Main-1/INFO] [K-Turrets/]: Checking artifacts:entities/mimic loot table
[03Aug2025 02:09:17.439] [Worker-Main-1/INFO] [K-Turrets/]: Checking aquaculture:entities/pacific_halibut loot table
[03Aug2025 02:09:17.443] [Worker-Main-1/INFO] [K-Turrets/]: Checking untamedwilds:entities/softshell_turtle loot table
[03Aug2025 02:09:17.445] [Worker-Main-1/INFO] [K-Turrets/]: Checking alexsmobs:entities/froststalker loot table
[03Aug2025 02:09:17.445] [Worker-Main-1/INFO] [K-Turrets/]:    Including froststalker_horn with random looting chance 0.23
[03Aug2025 02:09:17.447] [Worker-Main-1/INFO] [K-Turrets/]: Checking aquaculture:entities/box_turtle loot table
[03Aug2025 02:09:17.448] [Worker-Main-1/INFO] [K-Turrets/]: Checking alexsmobs:entities/grizzly_bear loot table
[03Aug2025 02:09:17.449] [Worker-Main-1/INFO] [K-Turrets/]: Checking aquaculture:entities/atlantic_herring loot table
[03Aug2025 02:09:17.449] [Worker-Main-1/INFO] [K-Turrets/]: Checking mca:entities/female_zombie_villager loot table
[03Aug2025 02:09:17.451] [Worker-Main-1/ERROR] [net.minecraftforge.common.ForgeHooks/]: Couldn't parse element loot_tables:bygonenether:blocks/withered_blackstone_vertical_slab
java.lang.IllegalArgumentException: Can't find block bygonenether:withered_blackstone_vertical_slab
	at net.minecraft.world.level.storage.loot.predicates.LootItemBlockStatePropertyCondition$Serializer.m_81802_(LootItemBlockStatePropertyCondition.java:79) ~[server-1.20.1-20230612.114412-srg.jar%23563!/:?]
	at java.util.Optional.orElseThrow(Optional.java:403) ~[?:?]
	at net.minecraft.world.level.storage.loot.predicates.LootItemBlockStatePropertyCondition$Serializer.m_7561_(LootItemBlockStatePropertyCondition.java:79) ~[server-1.20.1-20230612.114412-srg.jar%23563!/:?]
	at net.minecraft.world.level.storage.loot.predicates.LootItemBlockStatePropertyCondition$Serializer.m_7561_(LootItemBlockStatePropertyCondition.java:68) ~[server-1.20.1-20230612.114412-srg.jar%23563!/:?]
	at net.minecraft.world.level.storage.loot.GsonAdapterFactory$JsonAdapter.deserialize(GsonAdapterFactory.java:102) ~[server-1.20.1-20230612.114412-srg.jar%23563!/:?]
	at com.google.gson.internal.bind.TreeTypeAdapter.read(TreeTypeAdapter.java:76) ~[gson-2.10.jar%2372!/:?]
	at com.google.gson.internal.bind.TypeAdapterRuntimeTypeWrapper.read(TypeAdapterRuntimeTypeWrapper.java:40) ~[gson-2.10.jar%2372!/:?]
	at com.google.gson.internal.bind.ArrayTypeAdapter.read(ArrayTypeAdapter.java:72) ~[gson-2.10.jar%2372!/:?]
	at com.google.gson.Gson.fromJson(Gson.java:1214) ~[gson-2.10.jar%2372!/:?]
	at com.google.gson.Gson.fromJson(Gson.java:1319) ~[gson-2.10.jar%2372!/:?]
	at com.google.gson.Gson.fromJson(Gson.java:1290) ~[gson-2.10.jar%2372!/:?]
	at com.google.gson.internal.bind.TreeTypeAdapter$GsonContextImpl.deserialize(TreeTypeAdapter.java:179) ~[gson-2.10.jar%2372!/:?]
	at net.minecraft.util.GsonHelper.m_13808_(GsonHelper.java:463) ~[server-1.20.1-20230612.114412-srg.jar%23563!/:?]
	at net.minecraft.util.GsonHelper.m_13845_(GsonHelper.java:481) ~[server-1.20.1-20230612.114412-srg.jar%23563!/:?]
	at net.minecraft.world.level.storage.loot.functions.LootItemConditionalFunction$Serializer.m_7561_(LootItemConditionalFunction.java:98) ~[server-1.20.1-20230612.114412-srg.jar%23563!/:?]
	at net.minecraft.world.level.storage.loot.functions.LootItemConditionalFunction$Serializer.m_7561_(LootItemConditionalFunction.java:88) ~[server-1.20.1-20230612.114412-srg.jar%23563!/:?]
	at net.minecraft.world.level.storage.loot.GsonAdapterFactory$JsonAdapter.deserialize(GsonAdapterFactory.java:102) ~[server-1.20.1-20230612.114412-srg.jar%23563!/:?]
	at com.google.gson.internal.bind.TreeTypeAdapter.read(TreeTypeAdapter.java:76) ~[gson-2.10.jar%2372!/:?]
	at com.google.gson.internal.bind.TypeAdapterRuntimeTypeWrapper.read(TypeAdapterRuntimeTypeWrapper.java:40) ~[gson-2.10.jar%2372!/:?]
	at com.google.gson.internal.bind.ArrayTypeAdapter.read(ArrayTypeAdapter.java:72) ~[gson-2.10.jar%2372!/:?]
	at com.google.gson.Gson.fromJson(Gson.java:1214) ~[gson-2.10.jar%2372!/:?]
	at com.google.gson.Gson.fromJson(Gson.java:1319) ~[gson-2.10.jar%2372!/:?]
	at com.google.gson.Gson.fromJson(Gson.java:1290) ~[gson-2.10.jar%2372!/:?]
	at com.google.gson.internal.bind.TreeTypeAdapter$GsonContextImpl.deserialize(TreeTypeAdapter.java:179) ~[gson-2.10.jar%2372!/:?]
	at net.minecraft.util.GsonHelper.m_13808_(GsonHelper.java:463) ~[server-1.20.1-20230612.114412-srg.jar%23563!/:?]
	at net.minecraft.util.GsonHelper.m_13845_(GsonHelper.java:481) ~[server-1.20.1-20230612.114412-srg.jar%23563!/:?]
	at net.minecraft.world.level.storage.loot.entries.LootPoolSingletonContainer$Serializer.m_5921_(LootPoolSingletonContainer.java:149) ~[server-1.20.1-20230612.114412-srg.jar%23563!/:?]
	at net.minecraft.world.level.storage.loot.entries.LootPoolSingletonContainer$Serializer.m_5921_(LootPoolSingletonContainer.java:129) ~[server-1.20.1-20230612.114412-srg.jar%23563!/:?]
	at net.minecraft.world.level.storage.loot.entries.LootPoolEntryContainer$Serializer.m_7561_(LootPoolEntryContainer.java:86) ~[server-1.20.1-20230612.114412-srg.jar%23563!/:?]
	at net.minecraft.world.level.storage.loot.entries.LootPoolEntryContainer$Serializer.m_7561_(LootPoolEntryContainer.java:74) ~[server-1.20.1-20230612.114412-srg.jar%23563!/:?]
	at net.minecraft.world.level.storage.loot.GsonAdapterFactory$JsonAdapter.deserialize(GsonAdapterFactory.java:102) ~[server-1.20.1-20230612.114412-srg.jar%23563!/:?]
	at com.google.gson.internal.bind.TreeTypeAdapter.read(TreeTypeAdapter.java:76) ~[gson-2.10.jar%2372!/:?]
	at com.google.gson.internal.bind.TypeAdapterRuntimeTypeWrapper.read(TypeAdapterRuntimeTypeWrapper.java:40) ~[gson-2.10.jar%2372!/:?]
	at com.google.gson.internal.bind.ArrayTypeAdapter.read(ArrayTypeAdapter.java:72) ~[gson-2.10.jar%2372!/:?]
	at com.google.gson.Gson.fromJson(Gson.java:1214) ~[gson-2.10.jar%2372!/:?]
	at com.google.gson.Gson.fromJson(Gson.java:1319) ~[gson-2.10.jar%2372!/:?]
	at com.google.gson.Gson.fromJson(Gson.java:1290) ~[gson-2.10.jar%2372!/:?]
	at com.google.gson.internal.bind.TreeTypeAdapter$GsonContextImpl.deserialize(TreeTypeAdapter.java:179) ~[gson-2.10.jar%2372!/:?]
	at net.minecraft.util.GsonHelper.m_13808_(GsonHelper.java:463) ~[server-1.20.1-20230612.114412-srg.jar%23563!/:?]
	at net.minecraft.util.GsonHelper.m_13836_(GsonHelper.java:471) ~[server-1.20.1-20230612.114412-srg.jar%23563!/:?]
	at net.minecraft.world.level.storage.loot.LootPool$Serializer.deserialize(LootPool.java:192) ~[server-1.20.1-20230612.114412-srg.jar%23563!/:?]
	at net.minecraft.world.level.storage.loot.LootPool$Serializer.deserialize(LootPool.java:189) ~[server-1.20.1-20230612.114412-srg.jar%23563!/:?]
	at com.google.gson.internal.bind.TreeTypeAdapter.read(TreeTypeAdapter.java:76) ~[gson-2.10.jar%2372!/:?]
	at com.google.gson.internal.bind.TypeAdapterRuntimeTypeWrapper.read(TypeAdapterRuntimeTypeWrapper.java:40) ~[gson-2.10.jar%2372!/:?]
	at com.google.gson.internal.bind.ArrayTypeAdapter.read(ArrayTypeAdapter.java:72) ~[gson-2.10.jar%2372!/:?]
	at com.google.gson.Gson.fromJson(Gson.java:1214) ~[gson-2.10.jar%2372!/:?]
	at com.google.gson.Gson.fromJson(Gson.java:1319) ~[gson-2.10.jar%2372!/:?]
	at com.google.gson.Gson.fromJson(Gson.java:1290) ~[gson-2.10.jar%2372!/:?]
	at com.google.gson.internal.bind.TreeTypeAdapter$GsonContextImpl.deserialize(TreeTypeAdapter.java:179) ~[gson-2.10.jar%2372!/:?]
	at net.minecraft.util.GsonHelper.m_13808_(GsonHelper.java:463) ~[server-1.20.1-20230612.114412-srg.jar%23563!/:?]
	at net.minecraft.util.GsonHelper.m_13845_(GsonHelper.java:481) ~[server-1.20.1-20230612.114412-srg.jar%23563!/:?]
	at net.minecraft.world.level.storage.loot.LootTable$Serializer.deserialize(LootTable.java:294) ~[server-1.20.1-20230612.114412-srg.jar%23563!/:?]
	at net.minecraft.world.level.storage.loot.LootTable$Serializer.deserialize(LootTable.java:291) ~[server-1.20.1-20230612.114412-srg.jar%23563!/:?]
	at com.google.gson.internal.bind.TreeTypeAdapter.read(TreeTypeAdapter.java:76) ~[gson-2.10.jar%2372!/:?]
	at com.google.gson.Gson.fromJson(Gson.java:1214) ~[gson-2.10.jar%2372!/:?]
	at com.google.gson.Gson.fromJson(Gson.java:1319) ~[gson-2.10.jar%2372!/:?]
	at com.google.gson.Gson.fromJson(Gson.java:1261) ~[gson-2.10.jar%2372!/:?]
	at net.minecraftforge.common.ForgeHooks.loadLootTable(ForgeHooks.java:871) ~[forge-1.20.1-47.3.7-universal.jar%23568!/:?]
	at net.minecraftforge.common.ForgeHooks.lambda$getLootTableDeserializer$3(ForgeHooks.java:848) ~[forge-1.20.1-47.3.7-universal.jar%23568!/:?]
	at net.minecraft.world.level.storage.loot.LootDataType.deserialize(LootDataType.java:45) ~[server-1.20.1-20230612.114412-srg.jar%23563!/:?]
	at net.minecraft.world.level.storage.loot.LootDataManager.lambda$scheduleElementParse$4(LootDataManager.java:56) ~[server-1.20.1-20230612.114412-srg.jar%23563!/:?]
	at java.util.HashMap.forEach(HashMap.java:1421) ~[?:?]
	at net.minecraft.world.level.storage.loot.LootDataManager.m_278660_(LootDataManager.java:55) ~[server-1.20.1-20230612.114412-srg.jar%23563!/:?]
	at java.util.concurrent.CompletableFuture$AsyncRun.run(CompletableFuture.java:1804) ~[?:?]
	at java.util.concurrent.CompletableFuture$AsyncRun.exec(CompletableFuture.java:1796) ~[?:?]
	at java.util.concurrent.ForkJoinTask.doExec(ForkJoinTask.java:373) ~[?:?]
	at java.util.concurrent.ForkJoinPool$WorkQueue.topLevelExec(ForkJoinPool.java:1182) ~[?:?]
	at java.util.concurrent.ForkJoinPool.scan(ForkJoinPool.java:1655) ~[?:?]
	at java.util.concurrent.ForkJoinPool.runWorker(ForkJoinPool.java:1622) ~[?:?]
	at java.util.concurrent.ForkJoinWorkerThread.run(ForkJoinWorkerThread.java:165) ~[?:?]
[03Aug2025 02:09:17.462] [Worker-Main-1/INFO] [K-Turrets/]: Checking untamedwilds:entities/shark loot table
[03Aug2025 02:09:17.462] [Worker-Main-1/INFO] [K-Turrets/]: Checking aquaculture:entities/catfish loot table
[03Aug2025 02:09:17.467] [Worker-Main-1/INFO] [K-Turrets/]: Checking friendsandfoes:entities/glare loot table
[03Aug2025 02:09:17.470] [Worker-Main-1/INFO] [K-Turrets/]: Checking aquaculture:entities/capitaine loot table
[03Aug2025 02:09:17.477] [Worker-Main-1/INFO] [K-Turrets/]: Checking minecraft:entities/sheep/light_gray loot table
[03Aug2025 02:09:17.479] [Worker-Main-1/INFO] [K-Turrets/]: Checking minecraft:entities/pufferfish loot table
[03Aug2025 02:09:17.480] [Worker-Main-1/INFO] [K-Turrets/]: Checking tropicraft:entities/hammerhead loot table
[03Aug2025 02:09:17.481] [Worker-Main-1/INFO] [K-Turrets/]: Checking minecraft:entities/creeper loot table
[03Aug2025 02:09:17.483] [Worker-Main-1/INFO] [K-Turrets/]: Checking aquaculture:entities/arrau_turtle loot table
[03Aug2025 02:09:17.488] [Worker-Main-1/INFO] [K-Turrets/]: Checking aquaculture:entities/gar loot table
[03Aug2025 02:09:17.499] [Worker-Main-1/INFO] [K-Turrets/]: Checking minecraft:entities/vindicator loot table
[03Aug2025 02:09:17.500] [Worker-Main-1/INFO] [K-Turrets/]:    Including emerald with uniform set item function 0.0 - 1.0
[03Aug2025 02:09:17.506] [Worker-Main-1/INFO] [K-Turrets/]: Checking mca:entities/male_zombie_villager loot table
[03Aug2025 02:09:17.537] [Worker-Main-1/INFO] [K-Turrets/]: Checking deeperdarker:entities/sludge loot table
[03Aug2025 02:09:17.542] [Worker-Main-1/INFO] [K-Turrets/]: Checking friendsandfoes:entities/moobloom loot table
[03Aug2025 02:09:17.552] [Worker-Main-1/INFO] [K-Turrets/]: Checking untamedwilds:entities/boar loot table
[03Aug2025 02:09:17.558] [Worker-Main-1/INFO] [K-Turrets/]: Checking minecraft:entities/polar_bear loot table
[03Aug2025 02:09:17.560] [Worker-Main-1/INFO] [K-Turrets/]: Checking untamedwilds:entities/giant_clam loot table
[03Aug2025 02:09:17.560] [Worker-Main-1/INFO] [K-Turrets/]:    Including material_giant_pearl with random looting chance 0.05
[03Aug2025 02:09:17.560] [Worker-Main-1/INFO] [K-Turrets/]: Checking cataclysm:entities/deepling_priest loot table
[03Aug2025 02:09:17.563] [Worker-Main-1/INFO] [K-Turrets/]: Checking minecraft:entities/cat loot table
[03Aug2025 02:09:17.563] [Worker-Main-1/INFO] [K-Turrets/]: Checking occultism:entities/afrit_wild loot table
[03Aug2025 02:09:17.565] [Worker-Main-1/INFO] [K-Turrets/]: Checking minecraft:entities/illusioner loot table
[03Aug2025 02:09:17.565] [Worker-Main-1/INFO] [K-Turrets/]:    Including emerald with uniform set item function 0.0 - 1.0
[03Aug2025 02:09:17.568] [Worker-Main-1/INFO] [K-Turrets/]: Checking minecraft:entities/sheep/magenta loot table
[03Aug2025 02:09:17.572] [Worker-Main-1/INFO] [K-Turrets/]: Checking occultism:entities/possessed_ghast loot table
[03Aug2025 02:09:17.579] [Worker-Main-1/INFO] [K-Turrets/]: Checking minecraft:entities/zombified_piglin loot table
[03Aug2025 02:09:17.579] [Worker-Main-1/INFO] [K-Turrets/]:    Including gold_ingot with random looting chance 0.025
[03Aug2025 02:09:17.587] [Worker-Main-1/INFO] [K-Turrets/]: Checking cataclysm:entities/ancient_remnant loot table
[03Aug2025 02:09:17.589] [Worker-Main-1/INFO] [K-Turrets/]: Checking cataclysm:entities/maledictus loot table
[03Aug2025 02:09:17.592] [Worker-Main-1/INFO] [K-Turrets/]: Checking minecraft:entities/cod loot table
[03Aug2025 02:09:17.593] [Worker-Main-1/INFO] [K-Turrets/]: Checking cataclysm:entities/ender_guardian loot table
[03Aug2025 02:09:17.594] [Worker-Main-1/INFO] [K-Turrets/]: Checking minecraft:entities/cow loot table
[03Aug2025 02:09:17.595] [Worker-Main-1/INFO] [K-Turrets/]: Checking alexsmobs:entities/crimson_mosquito_fly loot table
[03Aug2025 02:09:17.600] [Worker-Main-1/INFO] [K-Turrets/]: Checking creeperoverhaul:entities/swamp_creeper loot table
[03Aug2025 02:09:17.605] [Worker-Main-1/INFO] [K-Turrets/]: Checking artifacts:entity_equipment/piglin loot table
[03Aug2025 02:09:17.605] [Worker-Main-1/INFO] [K-Turrets/]: Checking aquamirae:entities/anglerfish loot table
[03Aug2025 02:09:17.605] [Worker-Main-1/INFO] [K-Turrets/]: Checking tropicraft:entities/marlin loot table
[03Aug2025 02:09:17.608] [Worker-Main-1/INFO] [K-Turrets/]: Checking cataclysm:entities/coralssus loot table
[03Aug2025 02:09:17.609] [Worker-Main-1/INFO] [K-Turrets/]: Checking witherstormmod:entities/sickened_snow_golem loot table
[03Aug2025 02:09:17.609] [Worker-Main-1/INFO] [K-Turrets/]: Checking duckling:entities/quackling loot table
[03Aug2025 02:09:17.610] [Worker-Main-1/INFO] [K-Turrets/]: Checking minecraft:entities/strider loot table
[03Aug2025 02:09:17.616] [Worker-Main-1/INFO] [K-Turrets/]: Checking alexsmobs:entities/comb_jelly loot table
[03Aug2025 02:09:17.623] [Worker-Main-1/INFO] [K-Turrets/]: Checking bygonenether:entities/wither_skeleton_knight loot table
[03Aug2025 02:09:17.623] [Worker-Main-1/INFO] [K-Turrets/]:    Including wither_skeleton_skull with random looting chance 0.025
[03Aug2025 02:09:17.626] [Worker-Main-1/INFO] [K-Turrets/]: Checking friendsandfoes:entities/tuff_golem loot table
[03Aug2025 02:09:17.630] [Worker-Main-1/INFO] [K-Turrets/]: Checking tropicraft:entities/sea_urchin loot table
[03Aug2025 02:09:17.633] [Worker-Main-1/INFO] [K-Turrets/]: Checking bygonenether:entities/wraither loot table
[03Aug2025 02:09:17.633] [Worker-Main-1/INFO] [K-Turrets/]:    Including wither_skeleton_skull with random looting chance 0.025
[03Aug2025 02:09:17.640] [Worker-Main-1/INFO] [K-Turrets/]: Checking artifacts:entity_equipment/piglin_brute loot table
[03Aug2025 02:09:17.646] [Worker-Main-1/INFO] [K-Turrets/]: Checking alexsmobs:entities/crimson_mosquito_fly_full loot table
[03Aug2025 02:09:17.649] [Worker-Main-1/INFO] [K-Turrets/]: Checking occultism:entities/possessed_elder_guardian loot table
[03Aug2025 02:09:17.660] [Worker-Main-1/INFO] [K-Turrets/]: Checking untamedwilds:entities/big_cat loot table
[03Aug2025 02:09:17.661] [Worker-Main-1/INFO] [K-Turrets/]: Checking alexsmobs:entities/guster_red loot table
[03Aug2025 02:09:17.663] [Worker-Main-1/INFO] [K-Turrets/]: Checking minecraft:entities/warden loot table
[03Aug2025 02:09:17.671] [Worker-Main-1/INFO] [K-Turrets/]: Checking alexsmobs:entities/straddler loot table
[03Aug2025 02:09:17.676] [Worker-Main-1/INFO] [K-Turrets/]: Checking creeperoverhaul:entities/dripstone_creeper loot table
[03Aug2025 02:09:17.691] [Worker-Main-1/INFO] [K-Turrets/]: Checking witherstormmod:entities/sickened_skeleton loot table
[03Aug2025 02:09:17.693] [Worker-Main-1/INFO] [K-Turrets/]: Checking untamedwilds:entities/tortoise loot table
[03Aug2025 02:09:17.705] [Worker-Main-1/INFO] [K-Turrets/]: Checking aquamirae:entities/eel loot table
[03Aug2025 02:09:17.707] [Worker-Main-1/INFO] [K-Turrets/]: Checking minecraft:entities/rabbit loot table
[03Aug2025 02:09:17.708] [Worker-Main-1/INFO] [K-Turrets/]:    Including rabbit_foot with random looting chance 0.1
[03Aug2025 02:09:17.713] [Worker-Main-1/INFO] [K-Turrets/]: Checking minecraft:entities/elder_guardian loot table
[03Aug2025 02:09:17.716] [Worker-Main-1/INFO] [K-Turrets/]: Checking occultism:entities/possessed_phantom loot table
[03Aug2025 02:09:17.719] [Worker-Main-1/INFO] [K-Turrets/]: Checking tropicraft:entities/piranha loot table
[03Aug2025 02:09:17.724] [Worker-Main-1/ERROR] [net.minecraftforge.common.ForgeHooks/]: Couldn't parse element loot_tables:adorable_eggs:blocks/armadillo_egg
com.google.gson.JsonSyntaxException: Expected name to be an item, was unknown string 'minecraft:armadillo_spawn_egg'
	at net.minecraft.util.GsonHelper.m_13866_(GsonHelper.java:145) ~[server-1.20.1-20230612.114412-srg.jar%23563!/:?]
	at java.util.Optional.orElseThrow(Optional.java:403) ~[?:?]
	at net.minecraft.util.GsonHelper.m_13874_(GsonHelper.java:145) ~[server-1.20.1-20230612.114412-srg.jar%23563!/:?]
	at net.minecraft.util.GsonHelper.m_13909_(GsonHelper.java:153) ~[server-1.20.1-20230612.114412-srg.jar%23563!/:?]
	at net.minecraft.world.level.storage.loot.entries.LootItem$Serializer.m_7267_(LootItem.java:55) ~[server-1.20.1-20230612.114412-srg.jar%23563!/:?]
	at net.minecraft.world.level.storage.loot.entries.LootItem$Serializer.m_7267_(LootItem.java:40) ~[server-1.20.1-20230612.114412-srg.jar%23563!/:?]
	at net.minecraft.world.level.storage.loot.entries.LootPoolSingletonContainer$Serializer.m_5921_(LootPoolSingletonContainer.java:151) ~[server-1.20.1-20230612.114412-srg.jar%23563!/:?]
	at net.minecraft.world.level.storage.loot.entries.LootPoolSingletonContainer$Serializer.m_5921_(LootPoolSingletonContainer.java:129) ~[server-1.20.1-20230612.114412-srg.jar%23563!/:?]
	at net.minecraft.world.level.storage.loot.entries.LootPoolEntryContainer$Serializer.m_7561_(LootPoolEntryContainer.java:86) ~[server-1.20.1-20230612.114412-srg.jar%23563!/:?]
	at net.minecraft.world.level.storage.loot.entries.LootPoolEntryContainer$Serializer.m_7561_(LootPoolEntryContainer.java:74) ~[server-1.20.1-20230612.114412-srg.jar%23563!/:?]
	at net.minecraft.world.level.storage.loot.GsonAdapterFactory$JsonAdapter.deserialize(GsonAdapterFactory.java:102) ~[server-1.20.1-20230612.114412-srg.jar%23563!/:?]
	at com.google.gson.internal.bind.TreeTypeAdapter.read(TreeTypeAdapter.java:76) ~[gson-2.10.jar%2372!/:?]
	at com.google.gson.internal.bind.TypeAdapterRuntimeTypeWrapper.read(TypeAdapterRuntimeTypeWrapper.java:40) ~[gson-2.10.jar%2372!/:?]
	at com.google.gson.internal.bind.ArrayTypeAdapter.read(ArrayTypeAdapter.java:72) ~[gson-2.10.jar%2372!/:?]
	at com.google.gson.Gson.fromJson(Gson.java:1214) ~[gson-2.10.jar%2372!/:?]
	at com.google.gson.Gson.fromJson(Gson.java:1319) ~[gson-2.10.jar%2372!/:?]
	at com.google.gson.Gson.fromJson(Gson.java:1290) ~[gson-2.10.jar%2372!/:?]
	at com.google.gson.internal.bind.TreeTypeAdapter$GsonContextImpl.deserialize(TreeTypeAdapter.java:179) ~[gson-2.10.jar%2372!/:?]
	at net.minecraft.util.GsonHelper.m_13808_(GsonHelper.java:463) ~[server-1.20.1-20230612.114412-srg.jar%23563!/:?]
	at net.minecraft.util.GsonHelper.m_13836_(GsonHelper.java:471) ~[server-1.20.1-20230612.114412-srg.jar%23563!/:?]
	at net.minecraft.world.level.storage.loot.LootPool$Serializer.deserialize(LootPool.java:192) ~[server-1.20.1-20230612.114412-srg.jar%23563!/:?]
	at net.minecraft.world.level.storage.loot.LootPool$Serializer.deserialize(LootPool.java:189) ~[server-1.20.1-20230612.114412-srg.jar%23563!/:?]
	at com.google.gson.internal.bind.TreeTypeAdapter.read(TreeTypeAdapter.java:76) ~[gson-2.10.jar%2372!/:?]
	at com.google.gson.internal.bind.TypeAdapterRuntimeTypeWrapper.read(TypeAdapterRuntimeTypeWrapper.java:40) ~[gson-2.10.jar%2372!/:?]
	at com.google.gson.internal.bind.ArrayTypeAdapter.read(ArrayTypeAdapter.java:72) ~[gson-2.10.jar%2372!/:?]
	at com.google.gson.Gson.fromJson(Gson.java:1214) ~[gson-2.10.jar%2372!/:?]
	at com.google.gson.Gson.fromJson(Gson.java:1319) ~[gson-2.10.jar%2372!/:?]
	at com.google.gson.Gson.fromJson(Gson.java:1290) ~[gson-2.10.jar%2372!/:?]
	at com.google.gson.internal.bind.TreeTypeAdapter$GsonContextImpl.deserialize(TreeTypeAdapter.java:179) ~[gson-2.10.jar%2372!/:?]
	at net.minecraft.util.GsonHelper.m_13808_(GsonHelper.java:463) ~[server-1.20.1-20230612.114412-srg.jar%23563!/:?]
	at net.minecraft.util.GsonHelper.m_13845_(GsonHelper.java:481) ~[server-1.20.1-20230612.114412-srg.jar%23563!/:?]
	at net.minecraft.world.level.storage.loot.LootTable$Serializer.deserialize(LootTable.java:294) ~[server-1.20.1-20230612.114412-srg.jar%23563!/:?]
	at net.minecraft.world.level.storage.loot.LootTable$Serializer.deserialize(LootTable.java:291) ~[server-1.20.1-20230612.114412-srg.jar%23563!/:?]
	at com.google.gson.internal.bind.TreeTypeAdapter.read(TreeTypeAdapter.java:76) ~[gson-2.10.jar%2372!/:?]
	at com.google.gson.Gson.fromJson(Gson.java:1214) ~[gson-2.10.jar%2372!/:?]
	at com.google.gson.Gson.fromJson(Gson.java:1319) ~[gson-2.10.jar%2372!/:?]
	at com.google.gson.Gson.fromJson(Gson.java:1261) ~[gson-2.10.jar%2372!/:?]
	at net.minecraftforge.common.ForgeHooks.loadLootTable(ForgeHooks.java:871) ~[forge-1.20.1-47.3.7-universal.jar%23568!/:?]
	at net.minecraftforge.common.ForgeHooks.lambda$getLootTableDeserializer$3(ForgeHooks.java:848) ~[forge-1.20.1-47.3.7-universal.jar%23568!/:?]
	at net.minecraft.world.level.storage.loot.LootDataType.deserialize(LootDataType.java:45) ~[server-1.20.1-20230612.114412-srg.jar%23563!/:?]
	at net.minecraft.world.level.storage.loot.LootDataManager.lambda$scheduleElementParse$4(LootDataManager.java:56) ~[server-1.20.1-20230612.114412-srg.jar%23563!/:?]
	at java.util.HashMap.forEach(HashMap.java:1421) ~[?:?]
	at net.minecraft.world.level.storage.loot.LootDataManager.m_278660_(LootDataManager.java:55) ~[server-1.20.1-20230612.114412-srg.jar%23563!/:?]
	at java.util.concurrent.CompletableFuture$AsyncRun.run(CompletableFuture.java:1804) ~[?:?]
	at java.util.concurrent.CompletableFuture$AsyncRun.exec(CompletableFuture.java:1796) ~[?:?]
	at java.util.concurrent.ForkJoinTask.doExec(ForkJoinTask.java:373) ~[?:?]
	at java.util.concurrent.ForkJoinPool$WorkQueue.topLevelExec(ForkJoinPool.java:1182) ~[?:?]
	at java.util.concurrent.ForkJoinPool.scan(ForkJoinPool.java:1655) ~[?:?]
	at java.util.concurrent.ForkJoinPool.runWorker(ForkJoinPool.java:1622) ~[?:?]
	at java.util.concurrent.ForkJoinWorkerThread.run(ForkJoinWorkerThread.java:165) ~[?:?]
[03Aug2025 02:09:17.731] [Worker-Main-1/INFO] [K-Turrets/]: Checking minecraft:entities/drowned loot table
[03Aug2025 02:09:17.731] [Worker-Main-1/INFO] [K-Turrets/]:    Including copper_ingot with random looting chance 0.11
[03Aug2025 02:09:17.733] [Worker-Main-1/ERROR] [net.minecraftforge.common.ForgeHooks/]: Couldn't parse element loot_tables:overweight_farming:blocks/peeled_overweight_ginger_block
com.google.gson.JsonSyntaxException: Expected name to be an item, was unknown string 'snowyspirit:ginger'
	at net.minecraft.util.GsonHelper.m_13866_(GsonHelper.java:145) ~[server-1.20.1-20230612.114412-srg.jar%23563!/:?]
	at java.util.Optional.orElseThrow(Optional.java:403) ~[?:?]
	at net.minecraft.util.GsonHelper.m_13874_(GsonHelper.java:145) ~[server-1.20.1-20230612.114412-srg.jar%23563!/:?]
	at net.minecraft.util.GsonHelper.m_13909_(GsonHelper.java:153) ~[server-1.20.1-20230612.114412-srg.jar%23563!/:?]
	at net.minecraft.world.level.storage.loot.entries.LootItem$Serializer.m_7267_(LootItem.java:55) ~[server-1.20.1-20230612.114412-srg.jar%23563!/:?]
	at net.minecraft.world.level.storage.loot.entries.LootItem$Serializer.m_7267_(LootItem.java:40) ~[server-1.20.1-20230612.114412-srg.jar%23563!/:?]
	at net.minecraft.world.level.storage.loot.entries.LootPoolSingletonContainer$Serializer.m_5921_(LootPoolSingletonContainer.java:151) ~[server-1.20.1-20230612.114412-srg.jar%23563!/:?]
	at net.minecraft.world.level.storage.loot.entries.LootPoolSingletonContainer$Serializer.m_5921_(LootPoolSingletonContainer.java:129) ~[server-1.20.1-20230612.114412-srg.jar%23563!/:?]
	at net.minecraft.world.level.storage.loot.entries.LootPoolEntryContainer$Serializer.m_7561_(LootPoolEntryContainer.java:86) ~[server-1.20.1-20230612.114412-srg.jar%23563!/:?]
	at net.minecraft.world.level.storage.loot.entries.LootPoolEntryContainer$Serializer.m_7561_(LootPoolEntryContainer.java:74) ~[server-1.20.1-20230612.114412-srg.jar%23563!/:?]
	at net.minecraft.world.level.storage.loot.GsonAdapterFactory$JsonAdapter.deserialize(GsonAdapterFactory.java:102) ~[server-1.20.1-20230612.114412-srg.jar%23563!/:?]
	at com.google.gson.internal.bind.TreeTypeAdapter.read(TreeTypeAdapter.java:76) ~[gson-2.10.jar%2372!/:?]
	at com.google.gson.internal.bind.TypeAdapterRuntimeTypeWrapper.read(TypeAdapterRuntimeTypeWrapper.java:40) ~[gson-2.10.jar%2372!/:?]
	at com.google.gson.internal.bind.ArrayTypeAdapter.read(ArrayTypeAdapter.java:72) ~[gson-2.10.jar%2372!/:?]
	at com.google.gson.Gson.fromJson(Gson.java:1214) ~[gson-2.10.jar%2372!/:?]
	at com.google.gson.Gson.fromJson(Gson.java:1319) ~[gson-2.10.jar%2372!/:?]
	at com.google.gson.Gson.fromJson(Gson.java:1290) ~[gson-2.10.jar%2372!/:?]
	at com.google.gson.internal.bind.TreeTypeAdapter$GsonContextImpl.deserialize(TreeTypeAdapter.java:179) ~[gson-2.10.jar%2372!/:?]
	at net.minecraft.util.GsonHelper.m_13808_(GsonHelper.java:463) ~[server-1.20.1-20230612.114412-srg.jar%23563!/:?]
	at net.minecraft.util.GsonHelper.m_13836_(GsonHelper.java:471) ~[server-1.20.1-20230612.114412-srg.jar%23563!/:?]
	at net.minecraft.world.level.storage.loot.entries.CompositeEntryBase$1.m_5921_(CompositeEntryBase.java:61) ~[server-1.20.1-20230612.114412-srg.jar%23563!/:?]
	at net.minecraft.world.level.storage.loot.entries.CompositeEntryBase$1.m_5921_(CompositeEntryBase.java:53) ~[server-1.20.1-20230612.114412-srg.jar%23563!/:?]
	at net.minecraft.world.level.storage.loot.entries.LootPoolEntryContainer$Serializer.m_7561_(LootPoolEntryContainer.java:86) ~[server-1.20.1-20230612.114412-srg.jar%23563!/:?]
	at net.minecraft.world.level.storage.loot.entries.LootPoolEntryContainer$Serializer.m_7561_(LootPoolEntryContainer.java:74) ~[server-1.20.1-20230612.114412-srg.jar%23563!/:?]
	at net.minecraft.world.level.storage.loot.GsonAdapterFactory$JsonAdapter.deserialize(GsonAdapterFactory.java:102) ~[server-1.20.1-20230612.114412-srg.jar%23563!/:?]
	at com.google.gson.internal.bind.TreeTypeAdapter.read(TreeTypeAdapter.java:76) ~[gson-2.10.jar%2372!/:?]
	at com.google.gson.internal.bind.TypeAdapterRuntimeTypeWrapper.read(TypeAdapterRuntimeTypeWrapper.java:40) ~[gson-2.10.jar%2372!/:?]
	at com.google.gson.internal.bind.ArrayTypeAdapter.read(ArrayTypeAdapter.java:72) ~[gson-2.10.jar%2372!/:?]
	at com.google.gson.Gson.fromJson(Gson.java:1214) ~[gson-2.10.jar%2372!/:?]
	at com.google.gson.Gson.fromJson(Gson.java:1319) ~[gson-2.10.jar%2372!/:?]
	at com.google.gson.Gson.fromJson(Gson.java:1290) ~[gson-2.10.jar%2372!/:?]
	at com.google.gson.internal.bind.TreeTypeAdapter$GsonContextImpl.deserialize(TreeTypeAdapter.java:179) ~[gson-2.10.jar%2372!/:?]
	at net.minecraft.util.GsonHelper.m_13808_(GsonHelper.java:463) ~[server-1.20.1-20230612.114412-srg.jar%23563!/:?]
	at net.minecraft.util.GsonHelper.m_13836_(GsonHelper.java:471) ~[server-1.20.1-20230612.114412-srg.jar%23563!/:?]
	at net.minecraft.world.level.storage.loot.entries.CompositeEntryBase$1.m_5921_(CompositeEntryBase.java:61) ~[server-1.20.1-20230612.114412-srg.jar%23563!/:?]
	at net.minecraft.world.level.storage.loot.entries.CompositeEntryBase$1.m_5921_(CompositeEntryBase.java:53) ~[server-1.20.1-20230612.114412-srg.jar%23563!/:?]
	at net.minecraft.world.level.storage.loot.entries.LootPoolEntryContainer$Serializer.m_7561_(LootPoolEntryContainer.java:86) ~[server-1.20.1-20230612.114412-srg.jar%23563!/:?]
	at net.minecraft.world.level.storage.loot.entries.LootPoolEntryContainer$Serializer.m_7561_(LootPoolEntryContainer.java:74) ~[server-1.20.1-20230612.114412-srg.jar%23563!/:?]
	at net.minecraft.world.level.storage.loot.GsonAdapterFactory$JsonAdapter.deserialize(GsonAdapterFactory.java:102) ~[server-1.20.1-20230612.114412-srg.jar%23563!/:?]
	at com.google.gson.internal.bind.TreeTypeAdapter.read(TreeTypeAdapter.java:76) ~[gson-2.10.jar%2372!/:?]
	at com.google.gson.internal.bind.TypeAdapterRuntimeTypeWrapper.read(TypeAdapterRuntimeTypeWrapper.java:40) ~[gson-2.10.jar%2372!/:?]
	at com.google.gson.internal.bind.ArrayTypeAdapter.read(ArrayTypeAdapter.java:72) ~[gson-2.10.jar%2372!/:?]
	at com.google.gson.Gson.fromJson(Gson.java:1214) ~[gson-2.10.jar%2372!/:?]
	at com.google.gson.Gson.fromJson(Gson.java:1319) ~[gson-2.10.jar%2372!/:?]
	at com.google.gson.Gson.fromJson(Gson.java:1290) ~[gson-2.10.jar%2372!/:?]
	at com.google.gson.internal.bind.TreeTypeAdapter$GsonContextImpl.deserialize(TreeTypeAdapter.java:179) ~[gson-2.10.jar%2372!/:?]
	at net.minecraft.util.GsonHelper.m_13808_(GsonHelper.java:463) ~[server-1.20.1-20230612.114412-srg.jar%23563!/:?]
	at net.minecraft.util.GsonHelper.m_13836_(GsonHelper.java:471) ~[server-1.20.1-20230612.114412-srg.jar%23563!/:?]
	at net.minecraft.world.level.storage.loot.LootPool$Serializer.deserialize(LootPool.java:192) ~[server-1.20.1-20230612.114412-srg.jar%23563!/:?]
	at net.minecraft.world.level.storage.loot.LootPool$Serializer.deserialize(LootPool.java:189) ~[server-1.20.1-20230612.114412-srg.jar%23563!/:?]
	at com.google.gson.internal.bind.TreeTypeAdapter.read(TreeTypeAdapter.java:76) ~[gson-2.10.jar%2372!/:?]
	at com.google.gson.internal.bind.TypeAdapterRuntimeTypeWrapper.read(TypeAdapterRuntimeTypeWrapper.java:40) ~[gson-2.10.jar%2372!/:?]
	at com.google.gson.internal.bind.ArrayTypeAdapter.read(ArrayTypeAdapter.java:72) ~[gson-2.10.jar%2372!/:?]
	at com.google.gson.Gson.fromJson(Gson.java:1214) ~[gson-2.10.jar%2372!/:?]
	at com.google.gson.Gson.fromJson(Gson.java:1319) ~[gson-2.10.jar%2372!/:?]
	at com.google.gson.Gson.fromJson(Gson.java:1290) ~[gson-2.10.jar%2372!/:?]
	at com.google.gson.internal.bind.TreeTypeAdapter$GsonContextImpl.deserialize(TreeTypeAdapter.java:179) ~[gson-2.10.jar%2372!/:?]
	at net.minecraft.util.GsonHelper.m_13808_(GsonHelper.java:463) ~[server-1.20.1-20230612.114412-srg.jar%23563!/:?]
	at net.minecraft.util.GsonHelper.m_13845_(GsonHelper.java:481) ~[server-1.20.1-20230612.114412-srg.jar%23563!/:?]
	at net.minecraft.world.level.storage.loot.LootTable$Serializer.deserialize(LootTable.java:294) ~[server-1.20.1-20230612.114412-srg.jar%23563!/:?]
	at net.minecraft.world.level.storage.loot.LootTable$Serializer.deserialize(LootTable.java:291) ~[server-1.20.1-20230612.114412-srg.jar%23563!/:?]
	at com.google.gson.internal.bind.TreeTypeAdapter.read(TreeTypeAdapter.java:76) ~[gson-2.10.jar%2372!/:?]
	at com.google.gson.Gson.fromJson(Gson.java:1214) ~[gson-2.10.jar%2372!/:?]
	at com.google.gson.Gson.fromJson(Gson.java:1319) ~[gson-2.10.jar%2372!/:?]
	at com.google.gson.Gson.fromJson(Gson.java:1261) ~[gson-2.10.jar%2372!/:?]
	at net.minecraftforge.common.ForgeHooks.loadLootTable(ForgeHooks.java:871) ~[forge-1.20.1-47.3.7-universal.jar%23568!/:?]
	at net.minecraftforge.common.ForgeHooks.lambda$getLootTableDeserializer$3(ForgeHooks.java:848) ~[forge-1.20.1-47.3.7-universal.jar%23568!/:?]
	at net.minecraft.world.level.storage.loot.LootDataType.deserialize(LootDataType.java:45) ~[server-1.20.1-20230612.114412-srg.jar%23563!/:?]
	at net.minecraft.world.level.storage.loot.LootDataManager.lambda$scheduleElementParse$4(LootDataManager.java:56) ~[server-1.20.1-20230612.114412-srg.jar%23563!/:?]
	at java.util.HashMap.forEach(HashMap.java:1421) ~[?:?]
	at net.minecraft.world.level.storage.loot.LootDataManager.m_278660_(LootDataManager.java:55) ~[server-1.20.1-20230612.114412-srg.jar%23563!/:?]
	at java.util.concurrent.CompletableFuture$AsyncRun.run(CompletableFuture.java:1804) ~[?:?]
	at java.util.concurrent.CompletableFuture$AsyncRun.exec(CompletableFuture.java:1796) ~[?:?]
	at java.util.concurrent.ForkJoinTask.doExec(ForkJoinTask.java:373) ~[?:?]
	at java.util.concurrent.ForkJoinPool$WorkQueue.topLevelExec(ForkJoinPool.java:1182) ~[?:?]
	at java.util.concurrent.ForkJoinPool.scan(ForkJoinPool.java:1655) ~[?:?]
	at java.util.concurrent.ForkJoinPool.runWorker(ForkJoinPool.java:1622) ~[?:?]
	at java.util.concurrent.ForkJoinWorkerThread.run(ForkJoinWorkerThread.java:165) ~[?:?]
[03Aug2025 02:09:33.611] [Worker-Main-1/INFO] [K-Turrets/]: Checking alexsmobs:entities/void_worm loot table
[03Aug2025 02:09:33.611] [Worker-Main-1/INFO] [K-Turrets/]: Checking alexsmobs:entities/tarantula_hawk loot table
[03Aug2025 02:09:33.616] [Worker-Main-1/ERROR] [net.minecraftforge.common.ForgeHooks/]: Couldn't parse element loot_tables:overweight_farming:blocks/overweight_sliced_kiwi_block
com.google.gson.JsonSyntaxException: Expected name to be an item, was unknown string 'hedgehog:kiwi'
	at net.minecraft.util.GsonHelper.m_13866_(GsonHelper.java:145) ~[server-1.20.1-20230612.114412-srg.jar%23563!/:?]
	at java.util.Optional.orElseThrow(Optional.java:403) ~[?:?]
	at net.minecraft.util.GsonHelper.m_13874_(GsonHelper.java:145) ~[server-1.20.1-20230612.114412-srg.jar%23563!/:?]
	at net.minecraft.util.GsonHelper.m_13909_(GsonHelper.java:153) ~[server-1.20.1-20230612.114412-srg.jar%23563!/:?]
	at net.minecraft.world.level.storage.loot.entries.LootItem$Serializer.m_7267_(LootItem.java:55) ~[server-1.20.1-20230612.114412-srg.jar%23563!/:?]
	at net.minecraft.world.level.storage.loot.entries.LootItem$Serializer.m_7267_(LootItem.java:40) ~[server-1.20.1-20230612.114412-srg.jar%23563!/:?]
	at net.minecraft.world.level.storage.loot.entries.LootPoolSingletonContainer$Serializer.m_5921_(LootPoolSingletonContainer.java:151) ~[server-1.20.1-20230612.114412-srg.jar%23563!/:?]
	at net.minecraft.world.level.storage.loot.entries.LootPoolSingletonContainer$Serializer.m_5921_(LootPoolSingletonContainer.java:129) ~[server-1.20.1-20230612.114412-srg.jar%23563!/:?]
	at net.minecraft.world.level.storage.loot.entries.LootPoolEntryContainer$Serializer.m_7561_(LootPoolEntryContainer.java:86) ~[server-1.20.1-20230612.114412-srg.jar%23563!/:?]
	at net.minecraft.world.level.storage.loot.entries.LootPoolEntryContainer$Serializer.m_7561_(LootPoolEntryContainer.java:74) ~[server-1.20.1-20230612.114412-srg.jar%23563!/:?]
	at net.minecraft.world.level.storage.loot.GsonAdapterFactory$JsonAdapter.deserialize(GsonAdapterFactory.java:102) ~[server-1.20.1-20230612.114412-srg.jar%23563!/:?]
	at com.google.gson.internal.bind.TreeTypeAdapter.read(TreeTypeAdapter.java:76) ~[gson-2.10.jar%2372!/:?]
	at com.google.gson.internal.bind.TypeAdapterRuntimeTypeWrapper.read(TypeAdapterRuntimeTypeWrapper.java:40) ~[gson-2.10.jar%2372!/:?]
	at com.google.gson.internal.bind.ArrayTypeAdapter.read(ArrayTypeAdapter.java:72) ~[gson-2.10.jar%2372!/:?]
	at com.google.gson.Gson.fromJson(Gson.java:1214) ~[gson-2.10.jar%2372!/:?]
	at com.google.gson.Gson.fromJson(Gson.java:1319) ~[gson-2.10.jar%2372!/:?]
	at com.google.gson.Gson.fromJson(Gson.java:1290) ~[gson-2.10.jar%2372!/:?]
	at com.google.gson.internal.bind.TreeTypeAdapter$GsonContextImpl.deserialize(TreeTypeAdapter.java:179) ~[gson-2.10.jar%2372!/:?]
	at net.minecraft.util.GsonHelper.m_13808_(GsonHelper.java:463) ~[server-1.20.1-20230612.114412-srg.jar%23563!/:?]
	at net.minecraft.util.GsonHelper.m_13836_(GsonHelper.java:471) ~[server-1.20.1-20230612.114412-srg.jar%23563!/:?]
	at net.minecraft.world.level.storage.loot.entries.CompositeEntryBase$1.m_5921_(CompositeEntryBase.java:61) ~[server-1.20.1-20230612.114412-srg.jar%23563!/:?]
	at net.minecraft.world.level.storage.loot.entries.CompositeEntryBase$1.m_5921_(CompositeEntryBase.java:53) ~[server-1.20.1-20230612.114412-srg.jar%23563!/:?]
	at net.minecraft.world.level.storage.loot.entries.LootPoolEntryContainer$Serializer.m_7561_(LootPoolEntryContainer.java:86) ~[server-1.20.1-20230612.114412-srg.jar%23563!/:?]
	at net.minecraft.world.level.storage.loot.entries.LootPoolEntryContainer$Serializer.m_7561_(LootPoolEntryContainer.java:74) ~[server-1.20.1-20230612.114412-srg.jar%23563!/:?]
	at net.minecraft.world.level.storage.loot.GsonAdapterFactory$JsonAdapter.deserialize(GsonAdapterFactory.java:102) ~[server-1.20.1-20230612.114412-srg.jar%23563!/:?]
	at com.google.gson.internal.bind.TreeTypeAdapter.read(TreeTypeAdapter.java:76) ~[gson-2.10.jar%2372!/:?]
	at com.google.gson.internal.bind.TypeAdapterRuntimeTypeWrapper.read(TypeAdapterRuntimeTypeWrapper.java:40) ~[gson-2.10.jar%2372!/:?]
	at com.google.gson.internal.bind.ArrayTypeAdapter.read(ArrayTypeAdapter.java:72) ~[gson-2.10.jar%2372!/:?]
	at com.google.gson.Gson.fromJson(Gson.java:1214) ~[gson-2.10.jar%2372!/:?]
	at com.google.gson.Gson.fromJson(Gson.java:1319) ~[gson-2.10.jar%2372!/:?]
	at com.google.gson.Gson.fromJson(Gson.java:1290) ~[gson-2.10.jar%2372!/:?]
	at com.google.gson.internal.bind.TreeTypeAdapter$GsonContextImpl.deserialize(TreeTypeAdapter.java:179) ~[gson-2.10.jar%2372!/:?]
	at net.minecraft.util.GsonHelper.m_13808_(GsonHelper.java:463) ~[server-1.20.1-20230612.114412-srg.jar%23563!/:?]
	at net.minecraft.util.GsonHelper.m_13836_(GsonHelper.java:471) ~[server-1.20.1-20230612.114412-srg.jar%23563!/:?]
	at net.minecraft.world.level.storage.loot.entries.CompositeEntryBase$1.m_5921_(CompositeEntryBase.java:61) ~[server-1.20.1-20230612.114412-srg.jar%23563!/:?]
	at net.minecraft.world.level.storage.loot.entries.CompositeEntryBase$1.m_5921_(CompositeEntryBase.java:53) ~[server-1.20.1-20230612.114412-srg.jar%23563!/:?]
	at net.minecraft.world.level.storage.loot.entries.LootPoolEntryContainer$Serializer.m_7561_(LootPoolEntryContainer.java:86) ~[server-1.20.1-20230612.114412-srg.jar%23563!/:?]
	at net.minecraft.world.level.storage.loot.entries.LootPoolEntryContainer$Serializer.m_7561_(LootPoolEntryContainer.java:74) ~[server-1.20.1-20230612.114412-srg.jar%23563!/:?]
	at net.minecraft.world.level.storage.loot.GsonAdapterFactory$JsonAdapter.deserialize(GsonAdapterFactory.java:102) ~[server-1.20.1-20230612.114412-srg.jar%23563!/:?]
	at com.google.gson.internal.bind.TreeTypeAdapter.read(TreeTypeAdapter.java:76) ~[gson-2.10.jar%2372!/:?]
	at com.google.gson.internal.bind.TypeAdapterRuntimeTypeWrapper.read(TypeAdapterRuntimeTypeWrapper.java:40) ~[gson-2.10.jar%2372!/:?]
	at com.google.gson.internal.bind.ArrayTypeAdapter.read(ArrayTypeAdapter.java:72) ~[gson-2.10.jar%2372!/:?]
	at com.google.gson.Gson.fromJson(Gson.java:1214) ~[gson-2.10.jar%2372!/:?]
	at com.google.gson.Gson.fromJson(Gson.java:1319) ~[gson-2.10.jar%2372!/:?]
	at com.google.gson.Gson.fromJson(Gson.java:1290) ~[gson-2.10.jar%2372!/:?]
	at com.google.gson.internal.bind.TreeTypeAdapter$GsonContextImpl.deserialize(TreeTypeAdapter.java:179) ~[gson-2.10.jar%2372!/:?]
	at net.minecraft.util.GsonHelper.m_13808_(GsonHelper.java:463) ~[server-1.20.1-20230612.114412-srg.jar%23563!/:?]
	at net.minecraft.util.GsonHelper.m_13836_(GsonHelper.java:471) ~[server-1.20.1-20230612.114412-srg.jar%23563!/:?]
	at net.minecraft.world.level.storage.loot.LootPool$Serializer.deserialize(LootPool.java:192) ~[server-1.20.1-20230612.114412-srg.jar%23563!/:?]
	at net.minecraft.world.level.storage.loot.LootPool$Serializer.deserialize(LootPool.java:189) ~[server-1.20.1-20230612.114412-srg.jar%23563!/:?]
	at com.google.gson.internal.bind.TreeTypeAdapter.read(TreeTypeAdapter.java:76) ~[gson-2.10.jar%2372!/:?]
	at com.google.gson.internal.bind.TypeAdapterRuntimeTypeWrapper.read(TypeAdapterRuntimeTypeWrapper.java:40) ~[gson-2.10.jar%2372!/:?]
	at com.google.gson.internal.bind.ArrayTypeAdapter.read(ArrayTypeAdapter.java:72) ~[gson-2.10.jar%2372!/:?]
	at com.google.gson.Gson.fromJson(Gson.java:1214) ~[gson-2.10.jar%2372!/:?]
	at com.google.gson.Gson.fromJson(Gson.java:1319) ~[gson-2.10.jar%2372!/:?]
	at com.google.gson.Gson.fromJson(Gson.java:1290) ~[gson-2.10.jar%2372!/:?]
	at com.google.gson.internal.bind.TreeTypeAdapter$GsonContextImpl.deserialize(TreeTypeAdapter.java:179) ~[gson-2.10.jar%2372!/:?]
	at net.minecraft.util.GsonHelper.m_13808_(GsonHelper.java:463) ~[server-1.20.1-20230612.114412-srg.jar%23563!/:?]
	at net.minecraft.util.GsonHelper.m_13845_(GsonHelper.java:481) ~[server-1.20.1-20230612.114412-srg.jar%23563!/:?]
	at net.minecraft.world.level.storage.loot.LootTable$Serializer.deserialize(LootTable.java:294) ~[server-1.20.1-20230612.114412-srg.jar%23563!/:?]
	at net.minecraft.world.level.storage.loot.LootTable$Serializer.deserialize(LootTable.java:291) ~[server-1.20.1-20230612.114412-srg.jar%23563!/:?]
	at com.google.gson.internal.bind.TreeTypeAdapter.read(TreeTypeAdapter.java:76) ~[gson-2.10.jar%2372!/:?]
	at com.google.gson.Gson.fromJson(Gson.java:1214) ~[gson-2.10.jar%2372!/:?]
	at com.google.gson.Gson.fromJson(Gson.java:1319) ~[gson-2.10.jar%2372!/:?]
	at com.google.gson.Gson.fromJson(Gson.java:1261) ~[gson-2.10.jar%2372!/:?]
	at net.minecraftforge.common.ForgeHooks.loadLootTable(ForgeHooks.java:871) ~[forge-1.20.1-47.3.7-universal.jar%23568!/:?]
	at net.minecraftforge.common.ForgeHooks.lambda$getLootTableDeserializer$3(ForgeHooks.java:848) ~[forge-1.20.1-47.3.7-universal.jar%23568!/:?]
	at net.minecraft.world.level.storage.loot.LootDataType.deserialize(LootDataType.java:45) ~[server-1.20.1-20230612.114412-srg.jar%23563!/:?]
	at net.minecraft.world.level.storage.loot.LootDataManager.lambda$scheduleElementParse$4(LootDataManager.java:56) ~[server-1.20.1-20230612.114412-srg.jar%23563!/:?]
	at java.util.HashMap.forEach(HashMap.java:1421) ~[?:?]
	at net.minecraft.world.level.storage.loot.LootDataManager.m_278660_(LootDataManager.java:55) ~[server-1.20.1-20230612.114412-srg.jar%23563!/:?]
	at java.util.concurrent.CompletableFuture$AsyncRun.run(CompletableFuture.java:1804) ~[?:?]
	at java.util.concurrent.CompletableFuture$AsyncRun.exec(CompletableFuture.java:1796) ~[?:?]
	at java.util.concurrent.ForkJoinTask.doExec(ForkJoinTask.java:373) ~[?:?]
	at java.util.concurrent.ForkJoinPool$WorkQueue.topLevelExec(ForkJoinPool.java:1182) ~[?:?]
	at java.util.concurrent.ForkJoinPool.scan(ForkJoinPool.java:1655) ~[?:?]
	at java.util.concurrent.ForkJoinPool.runWorker(ForkJoinPool.java:1622) ~[?:?]
	at java.util.concurrent.ForkJoinWorkerThread.run(ForkJoinWorkerThread.java:165) ~[?:?]
[03Aug2025 02:09:33.618] [Worker-Main-1/INFO] [K-Turrets/]: Checking aquaculture:entities/blackfish loot table
[03Aug2025 02:09:33.622] [Worker-Main-1/INFO] [K-Turrets/]: Checking creeperoverhaul:entities/spruce_creeper loot table
[03Aug2025 02:09:33.623] [Worker-Main-1/INFO] [K-Turrets/]: Checking minecraft:entities/squid loot table
[03Aug2025 02:09:33.631] [Worker-Main-1/INFO] [K-Turrets/]: Checking aquaculture:entities/pink_salmon loot table
[03Aug2025 02:09:33.632] [Worker-Main-1/INFO] [K-Turrets/]: Checking minecraft:entities/ghast loot table
[03Aug2025 02:09:33.644] [Worker-Main-1/INFO] [K-Turrets/]: Checking occultism:entities/possessed_skeleton loot table
[03Aug2025 02:09:33.644] [Worker-Main-1/INFO] [K-Turrets/]: Checking aquamirae:entities/spinefish loot table
[03Aug2025 02:09:33.644] [Worker-Main-1/INFO] [K-Turrets/]: Checking bygonenether:entities/corpor loot table
[03Aug2025 02:09:33.644] [Worker-Main-1/INFO] [K-Turrets/]:    Including wither_skeleton_skull with random looting chance 0.025
[03Aug2025 02:09:33.646] [Worker-Main-1/INFO] [K-Turrets/]: Checking tropicraft:entities/turtle loot table
[03Aug2025 02:09:33.649] [Worker-Main-1/INFO] [K-Turrets/]: Checking aquaculture:entities/bluegill loot table
[03Aug2025 02:09:33.655] [Worker-Main-1/INFO] [K-Turrets/]: Checking minecraft:entities/snow_golem loot table
[03Aug2025 02:09:33.659] [Worker-Main-1/INFO] [K-Turrets/]: Checking aquaculture:entities/atlantic_cod loot table
[03Aug2025 02:09:33.664] [Worker-Main-1/INFO] [K-Turrets/]: Checking aquamirae:entities/maw_random_item loot table
[03Aug2025 02:09:33.665] [Worker-Main-1/INFO] [K-Turrets/]: Checking creeperoverhaul:entities/badlands_creeper loot table
[03Aug2025 02:09:33.673] [Worker-Main-1/INFO] [K-Turrets/]: Checking minecraft:entities/sheep/yellow loot table
[03Aug2025 02:09:33.686] [Worker-Main-1/INFO] [K-Turrets/]: Checking witherstormmod:entities/sickened_chicken loot table
[03Aug2025 02:09:33.686] [Worker-Main-1/INFO] [K-Turrets/]: Checking alexsmobs:entities/cockroach_maracas loot table
[03Aug2025 02:09:33.686] [Worker-Main-1/INFO] [K-Turrets/]: Checking tropicraft:entities/cubera loot table
[03Aug2025 02:09:33.688] [Worker-Main-1/INFO] [K-Turrets/]: Checking cataclysm:entities/modern_remnant loot table
[03Aug2025 02:09:33.698] [Worker-Main-1/INFO] [K-Turrets/]: Checking alexsmobs:entities/rocky_roller loot table
[03Aug2025 02:09:33.709] [Worker-Main-1/INFO] [K-Turrets/]: Checking alexsmobs:entities/raccoon loot table
[03Aug2025 02:09:33.710] [Worker-Main-1/INFO] [K-Turrets/]: Checking minecraft:entities/trader_llama loot table
[03Aug2025 02:09:33.719] [Worker-Main-1/INFO] [K-Turrets/]: Checking cataclysm:entities/ignis loot table
[03Aug2025 02:09:33.720] [Worker-Main-1/INFO] [K-Turrets/]: Checking cataclysm:entities/koboleton loot table
[03Aug2025 02:09:33.720] [Worker-Main-1/INFO] [K-Turrets/]:    Including ancient_metal_ingot with random looting chance 0.025
[03Aug2025 02:09:33.722] [Worker-Main-1/INFO] [K-Turrets/]: Checking tropicraft:entities/tropical_fish loot table
[03Aug2025 02:09:33.734] [Worker-Main-1/INFO] [K-Turrets/]: Checking tropicraft:entities/starfish loot table
[03Aug2025 02:09:33.735] [Worker-Main-1/INFO] [K-Turrets/]: Checking minecraft:entities/sheep/pink loot table
[03Aug2025 02:09:33.746] [Worker-Main-1/INFO] [K-Turrets/]: Checking alexsmobs:entities/roadrunner loot table
[03Aug2025 02:09:33.751] [Worker-Main-1/INFO] [K-Turrets/]: Checking minecraft:entities/slime loot table
[03Aug2025 02:09:33.753] [Worker-Main-1/INFO] [K-Turrets/]: Checking aquaculture:entities/boulti loot table
[03Aug2025 02:09:33.754] [Worker-Main-1/INFO] [K-Turrets/]: Checking alexsmobs:entities/lobster loot table
[03Aug2025 02:09:33.758] [Worker-Main-1/INFO] [K-Turrets/]: Checking aquamirae:entities/maze_pillager loot table
[03Aug2025 02:09:33.759] [Worker-Main-1/INFO] [K-Turrets/]: Checking untamedwilds:entities/bear loot table
[03Aug2025 02:09:33.764] [Worker-Main-1/INFO] [K-Turrets/]: Checking alexsmobs:entities/seagull loot table
[03Aug2025 02:09:33.773] [Worker-Main-1/INFO] [K-Turrets/]: Checking friendsandfoes:entities/copper_golem loot table
[03Aug2025 02:09:33.781] [Worker-Main-1/INFO] [K-Turrets/]: Checking aquaculture:entities/tambaqui loot table
[03Aug2025 02:09:33.781] [Worker-Main-1/INFO] [K-Turrets/]: Checking untamedwilds:entities/sunfish loot table
[03Aug2025 02:09:33.786] [Worker-Main-1/INFO] [K-Turrets/]: Checking minecraft:entities/horse loot table
[03Aug2025 02:09:33.790] [Worker-Main-1/INFO] [K-Turrets/]: Checking minecraft:entities/mooshroom loot table
[03Aug2025 02:09:33.791] [Worker-Main-1/INFO] [K-Turrets/]: Checking alexsmobs:entities/kangaroo loot table
[03Aug2025 02:09:33.817] [Worker-Main-1/INFO] [K-Turrets/]: Checking deeperdarker:entities/shattered loot table
[03Aug2025 02:09:33.820] [Worker-Main-1/INFO] [K-Turrets/]: Checking minecraft:entities/spider loot table
[03Aug2025 02:09:33.821] [Worker-Main-1/INFO] [K-Turrets/]:    Including spider_eye with uniform set item function -1.0 - 1.0
[03Aug2025 02:09:33.823] [Worker-Main-1/INFO] [K-Turrets/]: Checking cataclysm:entities/wadjet loot table
[03Aug2025 02:09:33.831] [Worker-Main-1/INFO] [K-Turrets/]: Checking aquaculture:entities/piranha loot table
[03Aug2025 02:09:33.832] [Worker-Main-1/INFO] [K-Turrets/]: Checking aquaculture:entities/pollock loot table
[03Aug2025 02:09:33.845] [Worker-Main-1/INFO] [K-Turrets/]: Checking untamedwilds:entities/catfish loot table
[03Aug2025 02:09:33.848] [Worker-Main-1/INFO] [K-Turrets/]: Checking aquaculture:entities/red_grouper loot table
[03Aug2025 02:09:33.853] [Worker-Main-1/INFO] [K-Turrets/]: Checking creeperoverhaul:entities/bamboo_creeper loot table
[03Aug2025 02:09:33.855] [Worker-Main-1/INFO] [K-Turrets/]: Checking minecraft:entities/sheep/gray loot table
[03Aug2025 02:09:33.868] [Worker-Main-1/INFO] [K-Turrets/]: Checking minecraft:entities/magma_cube loot table
[03Aug2025 02:09:33.870] [Worker-Main-1/INFO] [K-Turrets/]: Checking untamedwilds:entities/trevally loot table
[03Aug2025 02:09:33.877] [Worker-Main-1/INFO] [K-Turrets/]: Checking aquamirae:entities/maze_mother loot table
[03Aug2025 02:09:33.878] [Worker-Main-1/INFO] [K-Turrets/]: Checking netherskeletons:entities/warped_skeleton loot table
[03Aug2025 02:09:33.879] [Worker-Main-1/INFO] [K-Turrets/]: Checking cataclysm:entities/ignited_berserker loot table
[03Aug2025 02:09:33.885] [Worker-Main-1/INFO] [K-Turrets/]: Checking cataclysm:entities/lionfish loot table
[03Aug2025 02:09:33.889] [Worker-Main-1/INFO] [K-Turrets/]: Checking alexsmobs:entities/froststalker_spikes loot table
[03Aug2025 02:09:33.904] [Worker-Main-1/INFO] [K-Turrets/]: Checking witherstormmod:entities/sickened_zombie loot table
[03Aug2025 02:09:33.904] [Worker-Main-1/INFO] [K-Turrets/]:    Including iron_ingot with random looting chance 0.008333334
[03Aug2025 02:09:33.904] [Worker-Main-1/INFO] [K-Turrets/]:    Including carrot with random looting chance 0.008333334
[03Aug2025 02:09:33.905] [Worker-Main-1/INFO] [K-Turrets/]:    Including potato with random looting chance 0.008333334
[03Aug2025 02:09:33.908] [Worker-Main-1/INFO] [dev.foxgirl.crabclaws.CrabclawsMod/]: Added crab claw loot pool to minecraft:chests/underwater_ruin_big
[03Aug2025 02:09:33.909] [Worker-Main-1/INFO] [K-Turrets/]: Checking alexsmobs:entities/warped_toad loot table
[03Aug2025 02:09:33.910] [Worker-Main-1/INFO] [K-Turrets/]: Checking cataclysm:entities/deepling loot table
[03Aug2025 02:09:33.918] [Worker-Main-1/INFO] [K-Turrets/]: Checking minecraft:entities/dolphin loot table
[03Aug2025 02:09:33.921] [Worker-Main-1/INFO] [K-Turrets/]: Checking aquamirae:entities/maw loot table
[03Aug2025 02:09:33.929] [Worker-Main-1/INFO] [K-Turrets/]: Checking witherstormmod:entities/sickened_cow loot table
[03Aug2025 02:09:33.932] [Worker-Main-1/INFO] [K-Turrets/]: Checking minecraft:entities/sheep/purple loot table
[03Aug2025 02:09:33.932] [Worker-Main-1/INFO] [K-Turrets/]: Checking alexsmobs:entities/catfish_large loot table
[03Aug2025 02:09:33.935] [Worker-Main-1/INFO] [K-Turrets/]: Checking netherskeletons:entities/skelly_piglin loot table
[03Aug2025 02:09:33.939] [Worker-Main-1/INFO] [K-Turrets/]: Checking alexsmobs:entities/flutter loot table
[03Aug2025 02:09:33.955] [Worker-Main-1/INFO] [K-Turrets/]: Checking alexsmobs:entities/guster loot table
[03Aug2025 02:09:33.962] [Worker-Main-1/INFO] [K-Turrets/]: Checking goblintraders:entities/goblin_trader loot table
[03Aug2025 02:09:33.963] [Worker-Main-1/INFO] [K-Turrets/]: Checking minecraft:entities/mule loot table
[03Aug2025 02:09:33.971] [Worker-Main-1/INFO] [K-Turrets/]: Checking alexsmobs:entities/cockroach loot table
[03Aug2025 02:09:33.972] [Worker-Main-1/INFO] [K-Turrets/]: Checking creeperoverhaul:entities/snowy_creeper loot table
[03Aug2025 02:09:33.973] [Worker-Main-1/INFO] [K-Turrets/]: Checking minecraft:entities/ravager loot table
[03Aug2025 02:09:33.978] [Worker-Main-1/INFO] [K-Turrets/]: Checking aquamirae:entities/golden_moth loot table
[03Aug2025 02:09:33.981] [Worker-Main-1/INFO] [K-Turrets/]: Checking minecraft:entities/donkey loot table
[03Aug2025 02:09:33.996] [Worker-Main-1/INFO] [K-Turrets/]: Checking alexsmobs:entities/cosmaw loot table
[03Aug2025 02:09:34.000] [Worker-Main-1/INFO] [K-Turrets/]: Checking cataclysm:entities/the_leviathan loot table
[03Aug2025 02:09:34.002] [Worker-Main-1/INFO] [K-Turrets/]: Checking minecraft:entities/sheep/white loot table
[03Aug2025 02:09:34.013] [Worker-Main-1/INFO] [K-Turrets/]: Checking alexsmobs:entities/murmur loot table
[03Aug2025 02:09:34.020] [Worker-Main-1/INFO] [K-Turrets/]: Checking minecraft:entities/phantom loot table
[03Aug2025 02:09:34.020] [Worker-Main-1/INFO] [K-Turrets/]:    Including phantom_membrane with uniform set item function 0.0 - 1.0
[03Aug2025 02:09:34.027] [Worker-Main-1/INFO] [K-Turrets/]: Checking alexsmobs:entities/toucan loot table
[03Aug2025 02:09:34.034] [Worker-Main-1/INFO] [K-Turrets/]: Checking cataclysm:entities/aptrgangr loot table
[03Aug2025 02:09:34.034] [Worker-Main-1/INFO] [K-Turrets/]: Checking deeperdarker:entities/sculk_centipede loot table
[03Aug2025 02:09:34.041] [Worker-Main-1/INFO] [K-Turrets/]: Checking untamedwilds:entities/aardvark loot table
[03Aug2025 02:09:34.042] [Worker-Main-1/INFO] [K-Turrets/]: Checking minecraft:entities/sheep/green loot table
[03Aug2025 02:09:34.051] [Worker-Main-1/INFO] [K-Turrets/]: Checking alexsmobs:entities/soul_vulture loot table
[03Aug2025 02:09:34.051] [Worker-Main-1/INFO] [K-Turrets/]: Checking untamedwilds:entities/hippo loot table
[03Aug2025 02:09:34.054] [Worker-Main-1/INFO] [K-Turrets/]: Checking witherstormmod:entities/sickened_spider loot table
[03Aug2025 02:09:34.055] [Worker-Main-1/INFO] [K-Turrets/]:    Including withered_spider_eye with uniform set item function -1.0 - 1.0
[03Aug2025 02:09:34.057] [Worker-Main-1/INFO] [K-Turrets/]: Checking untamedwilds:entities/bison loot table
[03Aug2025 02:09:34.061] [Worker-Main-1/INFO] [K-Turrets/]: Checking aquaculture:entities/brown_shrooma loot table
[03Aug2025 02:09:34.062] [Worker-Main-1/INFO] [K-Turrets/]: Checking alexsmobs:entities/gazelle loot table
[03Aug2025 02:09:34.063] [Worker-Main-1/INFO] [K-Turrets/]: Checking tropicraft:entities/tree_frog loot table
[03Aug2025 02:09:34.074] [Worker-Main-1/INFO] [K-Turrets/]: Checking cataclysm:entities/kobolediator loot table
[03Aug2025 02:09:34.078] [Worker-Main-1/INFO] [K-Turrets/]: Checking minecraft:entities/pig loot table
[03Aug2025 02:09:34.086] [Worker-Main-1/INFO] [K-Turrets/]: Checking aquaculture:entities/arapaima loot table
[03Aug2025 02:09:34.090] [Worker-Main-1/ERROR] [net.minecraftforge.common.ForgeHooks/]: Couldn't parse element loot_tables:overweight_farming:blocks/overweight_ginger_block
com.google.gson.JsonSyntaxException: Expected name to be an item, was unknown string 'snowyspirit:ginger'
	at net.minecraft.util.GsonHelper.m_13866_(GsonHelper.java:145) ~[server-1.20.1-20230612.114412-srg.jar%23563!/:?]
	at java.util.Optional.orElseThrow(Optional.java:403) ~[?:?]
	at net.minecraft.util.GsonHelper.m_13874_(GsonHelper.java:145) ~[server-1.20.1-20230612.114412-srg.jar%23563!/:?]
	at net.minecraft.util.GsonHelper.m_13909_(GsonHelper.java:153) ~[server-1.20.1-20230612.114412-srg.jar%23563!/:?]
	at net.minecraft.world.level.storage.loot.entries.LootItem$Serializer.m_7267_(LootItem.java:55) ~[server-1.20.1-20230612.114412-srg.jar%23563!/:?]
	at net.minecraft.world.level.storage.loot.entries.LootItem$Serializer.m_7267_(LootItem.java:40) ~[server-1.20.1-20230612.114412-srg.jar%23563!/:?]
	at net.minecraft.world.level.storage.loot.entries.LootPoolSingletonContainer$Serializer.m_5921_(LootPoolSingletonContainer.java:151) ~[server-1.20.1-20230612.114412-srg.jar%23563!/:?]
	at net.minecraft.world.level.storage.loot.entries.LootPoolSingletonContainer$Serializer.m_5921_(LootPoolSingletonContainer.java:129) ~[server-1.20.1-20230612.114412-srg.jar%23563!/:?]
	at net.minecraft.world.level.storage.loot.entries.LootPoolEntryContainer$Serializer.m_7561_(LootPoolEntryContainer.java:86) ~[server-1.20.1-20230612.114412-srg.jar%23563!/:?]
	at net.minecraft.world.level.storage.loot.entries.LootPoolEntryContainer$Serializer.m_7561_(LootPoolEntryContainer.java:74) ~[server-1.20.1-20230612.114412-srg.jar%23563!/:?]
	at net.minecraft.world.level.storage.loot.GsonAdapterFactory$JsonAdapter.deserialize(GsonAdapterFactory.java:102) ~[server-1.20.1-20230612.114412-srg.jar%23563!/:?]
	at com.google.gson.internal.bind.TreeTypeAdapter.read(TreeTypeAdapter.java:76) ~[gson-2.10.jar%2372!/:?]
	at com.google.gson.internal.bind.TypeAdapterRuntimeTypeWrapper.read(TypeAdapterRuntimeTypeWrapper.java:40) ~[gson-2.10.jar%2372!/:?]
	at com.google.gson.internal.bind.ArrayTypeAdapter.read(ArrayTypeAdapter.java:72) ~[gson-2.10.jar%2372!/:?]
	at com.google.gson.Gson.fromJson(Gson.java:1214) ~[gson-2.10.jar%2372!/:?]
	at com.google.gson.Gson.fromJson(Gson.java:1319) ~[gson-2.10.jar%2372!/:?]
	at com.google.gson.Gson.fromJson(Gson.java:1290) ~[gson-2.10.jar%2372!/:?]
	at com.google.gson.internal.bind.TreeTypeAdapter$GsonContextImpl.deserialize(TreeTypeAdapter.java:179) ~[gson-2.10.jar%2372!/:?]
	at net.minecraft.util.GsonHelper.m_13808_(GsonHelper.java:463) ~[server-1.20.1-20230612.114412-srg.jar%23563!/:?]
	at net.minecraft.util.GsonHelper.m_13836_(GsonHelper.java:471) ~[server-1.20.1-20230612.114412-srg.jar%23563!/:?]
	at net.minecraft.world.level.storage.loot.entries.CompositeEntryBase$1.m_5921_(CompositeEntryBase.java:61) ~[server-1.20.1-20230612.114412-srg.jar%23563!/:?]
	at net.minecraft.world.level.storage.loot.entries.CompositeEntryBase$1.m_5921_(CompositeEntryBase.java:53) ~[server-1.20.1-20230612.114412-srg.jar%23563!/:?]
	at net.minecraft.world.level.storage.loot.entries.LootPoolEntryContainer$Serializer.m_7561_(LootPoolEntryContainer.java:86) ~[server-1.20.1-20230612.114412-srg.jar%23563!/:?]
	at net.minecraft.world.level.storage.loot.entries.LootPoolEntryContainer$Serializer.m_7561_(LootPoolEntryContainer.java:74) ~[server-1.20.1-20230612.114412-srg.jar%23563!/:?]
	at net.minecraft.world.level.storage.loot.GsonAdapterFactory$JsonAdapter.deserialize(GsonAdapterFactory.java:102) ~[server-1.20.1-20230612.114412-srg.jar%23563!/:?]
	at com.google.gson.internal.bind.TreeTypeAdapter.read(TreeTypeAdapter.java:76) ~[gson-2.10.jar%2372!/:?]
	at com.google.gson.internal.bind.TypeAdapterRuntimeTypeWrapper.read(TypeAdapterRuntimeTypeWrapper.java:40) ~[gson-2.10.jar%2372!/:?]
	at com.google.gson.internal.bind.ArrayTypeAdapter.read(ArrayTypeAdapter.java:72) ~[gson-2.10.jar%2372!/:?]
	at com.google.gson.Gson.fromJson(Gson.java:1214) ~[gson-2.10.jar%2372!/:?]
	at com.google.gson.Gson.fromJson(Gson.java:1319) ~[gson-2.10.jar%2372!/:?]
	at com.google.gson.Gson.fromJson(Gson.java:1290) ~[gson-2.10.jar%2372!/:?]
	at com.google.gson.internal.bind.TreeTypeAdapter$GsonContextImpl.deserialize(TreeTypeAdapter.java:179) ~[gson-2.10.jar%2372!/:?]
	at net.minecraft.util.GsonHelper.m_13808_(GsonHelper.java:463) ~[server-1.20.1-20230612.114412-srg.jar%23563!/:?]
	at net.minecraft.util.GsonHelper.m_13836_(GsonHelper.java:471) ~[server-1.20.1-20230612.114412-srg.jar%23563!/:?]
	at net.minecraft.world.level.storage.loot.entries.CompositeEntryBase$1.m_5921_(CompositeEntryBase.java:61) ~[server-1.20.1-20230612.114412-srg.jar%23563!/:?]
	at net.minecraft.world.level.storage.loot.entries.CompositeEntryBase$1.m_5921_(CompositeEntryBase.java:53) ~[server-1.20.1-20230612.114412-srg.jar%23563!/:?]
	at net.minecraft.world.level.storage.loot.entries.LootPoolEntryContainer$Serializer.m_7561_(LootPoolEntryContainer.java:86) ~[server-1.20.1-20230612.114412-srg.jar%23563!/:?]
	at net.minecraft.world.level.storage.loot.entries.LootPoolEntryContainer$Serializer.m_7561_(LootPoolEntryContainer.java:74) ~[server-1.20.1-20230612.114412-srg.jar%23563!/:?]
	at net.minecraft.world.level.storage.loot.GsonAdapterFactory$JsonAdapter.deserialize(GsonAdapterFactory.java:102) ~[server-1.20.1-20230612.114412-srg.jar%23563!/:?]
	at com.google.gson.internal.bind.TreeTypeAdapter.read(TreeTypeAdapter.java:76) ~[gson-2.10.jar%2372!/:?]
	at com.google.gson.internal.bind.TypeAdapterRuntimeTypeWrapper.read(TypeAdapterRuntimeTypeWrapper.java:40) ~[gson-2.10.jar%2372!/:?]
	at com.google.gson.internal.bind.ArrayTypeAdapter.read(ArrayTypeAdapter.java:72) ~[gson-2.10.jar%2372!/:?]
	at com.google.gson.Gson.fromJson(Gson.java:1214) ~[gson-2.10.jar%2372!/:?]
	at com.google.gson.Gson.fromJson(Gson.java:1319) ~[gson-2.10.jar%2372!/:?]
	at com.google.gson.Gson.fromJson(Gson.java:1290) ~[gson-2.10.jar%2372!/:?]
	at com.google.gson.internal.bind.TreeTypeAdapter$GsonContextImpl.deserialize(TreeTypeAdapter.java:179) ~[gson-2.10.jar%2372!/:?]
	at net.minecraft.util.GsonHelper.m_13808_(GsonHelper.java:463) ~[server-1.20.1-20230612.114412-srg.jar%23563!/:?]
	at net.minecraft.util.GsonHelper.m_13836_(GsonHelper.java:471) ~[server-1.20.1-20230612.114412-srg.jar%23563!/:?]
	at net.minecraft.world.level.storage.loot.LootPool$Serializer.deserialize(LootPool.java:192) ~[server-1.20.1-20230612.114412-srg.jar%23563!/:?]
	at net.minecraft.world.level.storage.loot.LootPool$Serializer.deserialize(LootPool.java:189) ~[server-1.20.1-20230612.114412-srg.jar%23563!/:?]
	at com.google.gson.internal.bind.TreeTypeAdapter.read(TreeTypeAdapter.java:76) ~[gson-2.10.jar%2372!/:?]
	at com.google.gson.internal.bind.TypeAdapterRuntimeTypeWrapper.read(TypeAdapterRuntimeTypeWrapper.java:40) ~[gson-2.10.jar%2372!/:?]
	at com.google.gson.internal.bind.ArrayTypeAdapter.read(ArrayTypeAdapter.java:72) ~[gson-2.10.jar%2372!/:?]
	at com.google.gson.Gson.fromJson(Gson.java:1214) ~[gson-2.10.jar%2372!/:?]
	at com.google.gson.Gson.fromJson(Gson.java:1319) ~[gson-2.10.jar%2372!/:?]
	at com.google.gson.Gson.fromJson(Gson.java:1290) ~[gson-2.10.jar%2372!/:?]
	at com.google.gson.internal.bind.TreeTypeAdapter$GsonContextImpl.deserialize(TreeTypeAdapter.java:179) ~[gson-2.10.jar%2372!/:?]
	at net.minecraft.util.GsonHelper.m_13808_(GsonHelper.java:463) ~[server-1.20.1-20230612.114412-srg.jar%23563!/:?]
	at net.minecraft.util.GsonHelper.m_13845_(GsonHelper.java:481) ~[server-1.20.1-20230612.114412-srg.jar%23563!/:?]
	at net.minecraft.world.level.storage.loot.LootTable$Serializer.deserialize(LootTable.java:294) ~[server-1.20.1-20230612.114412-srg.jar%23563!/:?]
	at net.minecraft.world.level.storage.loot.LootTable$Serializer.deserialize(LootTable.java:291) ~[server-1.20.1-20230612.114412-srg.jar%23563!/:?]
	at com.google.gson.internal.bind.TreeTypeAdapter.read(TreeTypeAdapter.java:76) ~[gson-2.10.jar%2372!/:?]
	at com.google.gson.Gson.fromJson(Gson.java:1214) ~[gson-2.10.jar%2372!/:?]
	at com.google.gson.Gson.fromJson(Gson.java:1319) ~[gson-2.10.jar%2372!/:?]
	at com.google.gson.Gson.fromJson(Gson.java:1261) ~[gson-2.10.jar%2372!/:?]
	at net.minecraftforge.common.ForgeHooks.loadLootTable(ForgeHooks.java:871) ~[forge-1.20.1-47.3.7-universal.jar%23568!/:?]
	at net.minecraftforge.common.ForgeHooks.lambda$getLootTableDeserializer$3(ForgeHooks.java:848) ~[forge-1.20.1-47.3.7-universal.jar%23568!/:?]
	at net.minecraft.world.level.storage.loot.LootDataType.deserialize(LootDataType.java:45) ~[server-1.20.1-20230612.114412-srg.jar%23563!/:?]
	at net.minecraft.world.level.storage.loot.LootDataManager.lambda$scheduleElementParse$4(LootDataManager.java:56) ~[server-1.20.1-20230612.114412-srg.jar%23563!/:?]
	at java.util.HashMap.forEach(HashMap.java:1421) ~[?:?]
	at net.minecraft.world.level.storage.loot.LootDataManager.m_278660_(LootDataManager.java:55) ~[server-1.20.1-20230612.114412-srg.jar%23563!/:?]
	at java.util.concurrent.CompletableFuture$AsyncRun.run(CompletableFuture.java:1804) ~[?:?]
	at java.util.concurrent.CompletableFuture$AsyncRun.exec(CompletableFuture.java:1796) ~[?:?]
	at java.util.concurrent.ForkJoinTask.doExec(ForkJoinTask.java:373) ~[?:?]
	at java.util.concurrent.ForkJoinPool$WorkQueue.topLevelExec(ForkJoinPool.java:1182) ~[?:?]
	at java.util.concurrent.ForkJoinPool.scan(ForkJoinPool.java:1655) ~[?:?]
	at java.util.concurrent.ForkJoinPool.runWorker(ForkJoinPool.java:1622) ~[?:?]
	at java.util.concurrent.ForkJoinWorkerThread.run(ForkJoinWorkerThread.java:165) ~[?:?]
[03Aug2025 02:09:34.097] [Worker-Main-1/INFO] [K-Turrets/]: Checking alexsmobs:entities/farseer loot table
[03Aug2025 02:09:34.098] [Worker-Main-1/INFO] [K-Turrets/]: Checking aquaculture:entities/synodontis loot table
[03Aug2025 02:09:34.106] [Worker-Main-1/INFO] [K-Turrets/]: Checking alexsmobs:entities/mimic_octopus loot table
[03Aug2025 02:09:34.109] [Worker-Main-1/INFO] [K-Turrets/]: Checking friendsandfoes:entities/crab loot table
[03Aug2025 02:09:34.112] [Worker-Main-1/INFO] [K-Turrets/]: Checking alexsmobs:entities/cockroach_maracas_headless loot table
[03Aug2025 02:09:34.116] [Worker-Main-1/INFO] [K-Turrets/]: Checking alexsmobs:entities/flying_fish loot table
[03Aug2025 02:09:34.117] [Worker-Main-1/INFO] [K-Turrets/]: Checking cataclysm:entities/the_harbinger loot table
[03Aug2025 02:09:34.134] [Worker-Main-1/INFO] [K-Turrets/]: Checking tropicraft:entities/dolphin loot table
[03Aug2025 02:09:34.137] [Worker-Main-1/INFO] [K-Turrets/]: Checking aquaculture:entities/muskellunge loot table
[03Aug2025 02:09:34.140] [Worker-Main-1/INFO] [K-Turrets/]: Checking aquaculture:entities/rainbow_trout loot table
[03Aug2025 02:09:34.141] [Worker-Main-1/INFO] [K-Turrets/]: Checking tropicraft:entities/man_o_war loot table
[03Aug2025 02:09:34.141] [Worker-Main-1/INFO] [K-Turrets/]: Checking alexsmobs:entities/blobfish loot table
[03Aug2025 02:09:34.142] [Worker-Main-1/ERROR] [net.minecraftforge.common.ForgeHooks/]: Couldn't parse element loot_tables:overweight_farming:blocks/overweight_kiwi_block
com.google.gson.JsonSyntaxException: Expected name to be an item, was unknown string 'hedgehog:kiwi'
	at net.minecraft.util.GsonHelper.m_13866_(GsonHelper.java:145) ~[server-1.20.1-20230612.114412-srg.jar%23563!/:?]
	at java.util.Optional.orElseThrow(Optional.java:403) ~[?:?]
	at net.minecraft.util.GsonHelper.m_13874_(GsonHelper.java:145) ~[server-1.20.1-20230612.114412-srg.jar%23563!/:?]
	at net.minecraft.util.GsonHelper.m_13909_(GsonHelper.java:153) ~[server-1.20.1-20230612.114412-srg.jar%23563!/:?]
	at net.minecraft.world.level.storage.loot.entries.LootItem$Serializer.m_7267_(LootItem.java:55) ~[server-1.20.1-20230612.114412-srg.jar%23563!/:?]
	at net.minecraft.world.level.storage.loot.entries.LootItem$Serializer.m_7267_(LootItem.java:40) ~[server-1.20.1-20230612.114412-srg.jar%23563!/:?]
	at net.minecraft.world.level.storage.loot.entries.LootPoolSingletonContainer$Serializer.m_5921_(LootPoolSingletonContainer.java:151) ~[server-1.20.1-20230612.114412-srg.jar%23563!/:?]
	at net.minecraft.world.level.storage.loot.entries.LootPoolSingletonContainer$Serializer.m_5921_(LootPoolSingletonContainer.java:129) ~[server-1.20.1-20230612.114412-srg.jar%23563!/:?]
	at net.minecraft.world.level.storage.loot.entries.LootPoolEntryContainer$Serializer.m_7561_(LootPoolEntryContainer.java:86) ~[server-1.20.1-20230612.114412-srg.jar%23563!/:?]
	at net.minecraft.world.level.storage.loot.entries.LootPoolEntryContainer$Serializer.m_7561_(LootPoolEntryContainer.java:74) ~[server-1.20.1-20230612.114412-srg.jar%23563!/:?]
	at net.minecraft.world.level.storage.loot.GsonAdapterFactory$JsonAdapter.deserialize(GsonAdapterFactory.java:102) ~[server-1.20.1-20230612.114412-srg.jar%23563!/:?]
	at com.google.gson.internal.bind.TreeTypeAdapter.read(TreeTypeAdapter.java:76) ~[gson-2.10.jar%2372!/:?]
	at com.google.gson.internal.bind.TypeAdapterRuntimeTypeWrapper.read(TypeAdapterRuntimeTypeWrapper.java:40) ~[gson-2.10.jar%2372!/:?]
	at com.google.gson.internal.bind.ArrayTypeAdapter.read(ArrayTypeAdapter.java:72) ~[gson-2.10.jar%2372!/:?]
	at com.google.gson.Gson.fromJson(Gson.java:1214) ~[gson-2.10.jar%2372!/:?]
	at com.google.gson.Gson.fromJson(Gson.java:1319) ~[gson-2.10.jar%2372!/:?]
	at com.google.gson.Gson.fromJson(Gson.java:1290) ~[gson-2.10.jar%2372!/:?]
	at com.google.gson.internal.bind.TreeTypeAdapter$GsonContextImpl.deserialize(TreeTypeAdapter.java:179) ~[gson-2.10.jar%2372!/:?]
	at net.minecraft.util.GsonHelper.m_13808_(GsonHelper.java:463) ~[server-1.20.1-20230612.114412-srg.jar%23563!/:?]
	at net.minecraft.util.GsonHelper.m_13836_(GsonHelper.java:471) ~[server-1.20.1-20230612.114412-srg.jar%23563!/:?]
	at net.minecraft.world.level.storage.loot.entries.CompositeEntryBase$1.m_5921_(CompositeEntryBase.java:61) ~[server-1.20.1-20230612.114412-srg.jar%23563!/:?]
	at net.minecraft.world.level.storage.loot.entries.CompositeEntryBase$1.m_5921_(CompositeEntryBase.java:53) ~[server-1.20.1-20230612.114412-srg.jar%23563!/:?]
	at net.minecraft.world.level.storage.loot.entries.LootPoolEntryContainer$Serializer.m_7561_(LootPoolEntryContainer.java:86) ~[server-1.20.1-20230612.114412-srg.jar%23563!/:?]
	at net.minecraft.world.level.storage.loot.entries.LootPoolEntryContainer$Serializer.m_7561_(LootPoolEntryContainer.java:74) ~[server-1.20.1-20230612.114412-srg.jar%23563!/:?]
	at net.minecraft.world.level.storage.loot.GsonAdapterFactory$JsonAdapter.deserialize(GsonAdapterFactory.java:102) ~[server-1.20.1-20230612.114412-srg.jar%23563!/:?]
	at com.google.gson.internal.bind.TreeTypeAdapter.read(TreeTypeAdapter.java:76) ~[gson-2.10.jar%2372!/:?]
	at com.google.gson.internal.bind.TypeAdapterRuntimeTypeWrapper.read(TypeAdapterRuntimeTypeWrapper.java:40) ~[gson-2.10.jar%2372!/:?]
	at com.google.gson.internal.bind.ArrayTypeAdapter.read(ArrayTypeAdapter.java:72) ~[gson-2.10.jar%2372!/:?]
	at com.google.gson.Gson.fromJson(Gson.java:1214) ~[gson-2.10.jar%2372!/:?]
	at com.google.gson.Gson.fromJson(Gson.java:1319) ~[gson-2.10.jar%2372!/:?]
	at com.google.gson.Gson.fromJson(Gson.java:1290) ~[gson-2.10.jar%2372!/:?]
	at com.google.gson.internal.bind.TreeTypeAdapter$GsonContextImpl.deserialize(TreeTypeAdapter.java:179) ~[gson-2.10.jar%2372!/:?]
	at net.minecraft.util.GsonHelper.m_13808_(GsonHelper.java:463) ~[server-1.20.1-20230612.114412-srg.jar%23563!/:?]
	at net.minecraft.util.GsonHelper.m_13836_(GsonHelper.java:471) ~[server-1.20.1-20230612.114412-srg.jar%23563!/:?]
	at net.minecraft.world.level.storage.loot.entries.CompositeEntryBase$1.m_5921_(CompositeEntryBase.java:61) ~[server-1.20.1-20230612.114412-srg.jar%23563!/:?]
	at net.minecraft.world.level.storage.loot.entries.CompositeEntryBase$1.m_5921_(CompositeEntryBase.java:53) ~[server-1.20.1-20230612.114412-srg.jar%23563!/:?]
	at net.minecraft.world.level.storage.loot.entries.LootPoolEntryContainer$Serializer.m_7561_(LootPoolEntryContainer.java:86) ~[server-1.20.1-20230612.114412-srg.jar%23563!/:?]
	at net.minecraft.world.level.storage.loot.entries.LootPoolEntryContainer$Serializer.m_7561_(LootPoolEntryContainer.java:74) ~[server-1.20.1-20230612.114412-srg.jar%23563!/:?]
	at net.minecraft.world.level.storage.loot.GsonAdapterFactory$JsonAdapter.deserialize(GsonAdapterFactory.java:102) ~[server-1.20.1-20230612.114412-srg.jar%23563!/:?]
	at com.google.gson.internal.bind.TreeTypeAdapter.read(TreeTypeAdapter.java:76) ~[gson-2.10.jar%2372!/:?]
	at com.google.gson.internal.bind.TypeAdapterRuntimeTypeWrapper.read(TypeAdapterRuntimeTypeWrapper.java:40) ~[gson-2.10.jar%2372!/:?]
	at com.google.gson.internal.bind.ArrayTypeAdapter.read(ArrayTypeAdapter.java:72) ~[gson-2.10.jar%2372!/:?]
	at com.google.gson.Gson.fromJson(Gson.java:1214) ~[gson-2.10.jar%2372!/:?]
	at com.google.gson.Gson.fromJson(Gson.java:1319) ~[gson-2.10.jar%2372!/:?]
	at com.google.gson.Gson.fromJson(Gson.java:1290) ~[gson-2.10.jar%2372!/:?]
	at com.google.gson.internal.bind.TreeTypeAdapter$GsonContextImpl.deserialize(TreeTypeAdapter.java:179) ~[gson-2.10.jar%2372!/:?]
	at net.minecraft.util.GsonHelper.m_13808_(GsonHelper.java:463) ~[server-1.20.1-20230612.114412-srg.jar%23563!/:?]
	at net.minecraft.util.GsonHelper.m_13836_(GsonHelper.java:471) ~[server-1.20.1-20230612.114412-srg.jar%23563!/:?]
	at net.minecraft.world.level.storage.loot.LootPool$Serializer.deserialize(LootPool.java:192) ~[server-1.20.1-20230612.114412-srg.jar%23563!/:?]
	at net.minecraft.world.level.storage.loot.LootPool$Serializer.deserialize(LootPool.java:189) ~[server-1.20.1-20230612.114412-srg.jar%23563!/:?]
	at com.google.gson.internal.bind.TreeTypeAdapter.read(TreeTypeAdapter.java:76) ~[gson-2.10.jar%2372!/:?]
	at com.google.gson.internal.bind.TypeAdapterRuntimeTypeWrapper.read(TypeAdapterRuntimeTypeWrapper.java:40) ~[gson-2.10.jar%2372!/:?]
	at com.google.gson.internal.bind.ArrayTypeAdapter.read(ArrayTypeAdapter.java:72) ~[gson-2.10.jar%2372!/:?]
	at com.google.gson.Gson.fromJson(Gson.java:1214) ~[gson-2.10.jar%2372!/:?]
	at com.google.gson.Gson.fromJson(Gson.java:1319) ~[gson-2.10.jar%2372!/:?]
	at com.google.gson.Gson.fromJson(Gson.java:1290) ~[gson-2.10.jar%2372!/:?]
	at com.google.gson.internal.bind.TreeTypeAdapter$GsonContextImpl.deserialize(TreeTypeAdapter.java:179) ~[gson-2.10.jar%2372!/:?]
	at net.minecraft.util.GsonHelper.m_13808_(GsonHelper.java:463) ~[server-1.20.1-20230612.114412-srg.jar%23563!/:?]
	at net.minecraft.util.GsonHelper.m_13845_(GsonHelper.java:481) ~[server-1.20.1-20230612.114412-srg.jar%23563!/:?]
	at net.minecraft.world.level.storage.loot.LootTable$Serializer.deserialize(LootTable.java:294) ~[server-1.20.1-20230612.114412-srg.jar%23563!/:?]
	at net.minecraft.world.level.storage.loot.LootTable$Serializer.deserialize(LootTable.java:291) ~[server-1.20.1-20230612.114412-srg.jar%23563!/:?]
	at com.google.gson.internal.bind.TreeTypeAdapter.read(TreeTypeAdapter.java:76) ~[gson-2.10.jar%2372!/:?]
	at com.google.gson.Gson.fromJson(Gson.java:1214) ~[gson-2.10.jar%2372!/:?]
	at com.google.gson.Gson.fromJson(Gson.java:1319) ~[gson-2.10.jar%2372!/:?]
	at com.google.gson.Gson.fromJson(Gson.java:1261) ~[gson-2.10.jar%2372!/:?]
	at net.minecraftforge.common.ForgeHooks.loadLootTable(ForgeHooks.java:871) ~[forge-1.20.1-47.3.7-universal.jar%23568!/:?]
	at net.minecraftforge.common.ForgeHooks.lambda$getLootTableDeserializer$3(ForgeHooks.java:848) ~[forge-1.20.1-47.3.7-universal.jar%23568!/:?]
	at net.minecraft.world.level.storage.loot.LootDataType.deserialize(LootDataType.java:45) ~[server-1.20.1-20230612.114412-srg.jar%23563!/:?]
	at net.minecraft.world.level.storage.loot.LootDataManager.lambda$scheduleElementParse$4(LootDataManager.java:56) ~[server-1.20.1-20230612.114412-srg.jar%23563!/:?]
	at java.util.HashMap.forEach(HashMap.java:1421) ~[?:?]
	at net.minecraft.world.level.storage.loot.LootDataManager.m_278660_(LootDataManager.java:55) ~[server-1.20.1-20230612.114412-srg.jar%23563!/:?]
	at java.util.concurrent.CompletableFuture$AsyncRun.run(CompletableFuture.java:1804) ~[?:?]
	at java.util.concurrent.CompletableFuture$AsyncRun.exec(CompletableFuture.java:1796) ~[?:?]
	at java.util.concurrent.ForkJoinTask.doExec(ForkJoinTask.java:373) ~[?:?]
	at java.util.concurrent.ForkJoinPool$WorkQueue.topLevelExec(ForkJoinPool.java:1182) ~[?:?]
	at java.util.concurrent.ForkJoinPool.scan(ForkJoinPool.java:1655) ~[?:?]
	at java.util.concurrent.ForkJoinPool.runWorker(ForkJoinPool.java:1622) ~[?:?]
	at java.util.concurrent.ForkJoinWorkerThread.run(ForkJoinWorkerThread.java:165) ~[?:?]
[03Aug2025 02:09:34.144] [Worker-Main-1/INFO] [K-Turrets/]: Checking netherskeletons:entities/skelly_ghast loot table
[03Aug2025 02:09:34.147] [Worker-Main-1/INFO] [K-Turrets/]: Checking creeperoverhaul:entities/mushroom_creeper loot table
[03Aug2025 02:09:34.152] [Worker-Main-1/INFO] [K-Turrets/]: Checking minecraft:entities/sheep/lime loot table
[03Aug2025 02:09:34.152] [Worker-Main-1/ERROR] [net.minecraftforge.common.ForgeHooks/]: Couldn't parse element loot_tables:adorable_eggs:blocks/breeze_egg
com.google.gson.JsonSyntaxException: Expected name to be an item, was unknown string 'minecraft:breeze_spawn_egg'
	at net.minecraft.util.GsonHelper.m_13866_(GsonHelper.java:145) ~[server-1.20.1-20230612.114412-srg.jar%23563!/:?]
	at java.util.Optional.orElseThrow(Optional.java:403) ~[?:?]
	at net.minecraft.util.GsonHelper.m_13874_(GsonHelper.java:145) ~[server-1.20.1-20230612.114412-srg.jar%23563!/:?]
	at net.minecraft.util.GsonHelper.m_13909_(GsonHelper.java:153) ~[server-1.20.1-20230612.114412-srg.jar%23563!/:?]
	at net.minecraft.world.level.storage.loot.entries.LootItem$Serializer.m_7267_(LootItem.java:55) ~[server-1.20.1-20230612.114412-srg.jar%23563!/:?]
	at net.minecraft.world.level.storage.loot.entries.LootItem$Serializer.m_7267_(LootItem.java:40) ~[server-1.20.1-20230612.114412-srg.jar%23563!/:?]
	at net.minecraft.world.level.storage.loot.entries.LootPoolSingletonContainer$Serializer.m_5921_(LootPoolSingletonContainer.java:151) ~[server-1.20.1-20230612.114412-srg.jar%23563!/:?]
	at net.minecraft.world.level.storage.loot.entries.LootPoolSingletonContainer$Serializer.m_5921_(LootPoolSingletonContainer.java:129) ~[server-1.20.1-20230612.114412-srg.jar%23563!/:?]
	at net.minecraft.world.level.storage.loot.entries.LootPoolEntryContainer$Serializer.m_7561_(LootPoolEntryContainer.java:86) ~[server-1.20.1-20230612.114412-srg.jar%23563!/:?]
	at net.minecraft.world.level.storage.loot.entries.LootPoolEntryContainer$Serializer.m_7561_(LootPoolEntryContainer.java:74) ~[server-1.20.1-20230612.114412-srg.jar%23563!/:?]
	at net.minecraft.world.level.storage.loot.GsonAdapterFactory$JsonAdapter.deserialize(GsonAdapterFactory.java:102) ~[server-1.20.1-20230612.114412-srg.jar%23563!/:?]
	at com.google.gson.internal.bind.TreeTypeAdapter.read(TreeTypeAdapter.java:76) ~[gson-2.10.jar%2372!/:?]
	at com.google.gson.internal.bind.TypeAdapterRuntimeTypeWrapper.read(TypeAdapterRuntimeTypeWrapper.java:40) ~[gson-2.10.jar%2372!/:?]
	at com.google.gson.internal.bind.ArrayTypeAdapter.read(ArrayTypeAdapter.java:72) ~[gson-2.10.jar%2372!/:?]
	at com.google.gson.Gson.fromJson(Gson.java:1214) ~[gson-2.10.jar%2372!/:?]
	at com.google.gson.Gson.fromJson(Gson.java:1319) ~[gson-2.10.jar%2372!/:?]
	at com.google.gson.Gson.fromJson(Gson.java:1290) ~[gson-2.10.jar%2372!/:?]
	at com.google.gson.internal.bind.TreeTypeAdapter$GsonContextImpl.deserialize(TreeTypeAdapter.java:179) ~[gson-2.10.jar%2372!/:?]
	at net.minecraft.util.GsonHelper.m_13808_(GsonHelper.java:463) ~[server-1.20.1-20230612.114412-srg.jar%23563!/:?]
	at net.minecraft.util.GsonHelper.m_13836_(GsonHelper.java:471) ~[server-1.20.1-20230612.114412-srg.jar%23563!/:?]
	at net.minecraft.world.level.storage.loot.LootPool$Serializer.deserialize(LootPool.java:192) ~[server-1.20.1-20230612.114412-srg.jar%23563!/:?]
	at net.minecraft.world.level.storage.loot.LootPool$Serializer.deserialize(LootPool.java:189) ~[server-1.20.1-20230612.114412-srg.jar%23563!/:?]
	at com.google.gson.internal.bind.TreeTypeAdapter.read(TreeTypeAdapter.java:76) ~[gson-2.10.jar%2372!/:?]
	at com.google.gson.internal.bind.TypeAdapterRuntimeTypeWrapper.read(TypeAdapterRuntimeTypeWrapper.java:40) ~[gson-2.10.jar%2372!/:?]
	at com.google.gson.internal.bind.ArrayTypeAdapter.read(ArrayTypeAdapter.java:72) ~[gson-2.10.jar%2372!/:?]
	at com.google.gson.Gson.fromJson(Gson.java:1214) ~[gson-2.10.jar%2372!/:?]
	at com.google.gson.Gson.fromJson(Gson.java:1319) ~[gson-2.10.jar%2372!/:?]
	at com.google.gson.Gson.fromJson(Gson.java:1290) ~[gson-2.10.jar%2372!/:?]
	at com.google.gson.internal.bind.TreeTypeAdapter$GsonContextImpl.deserialize(TreeTypeAdapter.java:179) ~[gson-2.10.jar%2372!/:?]
	at net.minecraft.util.GsonHelper.m_13808_(GsonHelper.java:463) ~[server-1.20.1-20230612.114412-srg.jar%23563!/:?]
	at net.minecraft.util.GsonHelper.m_13845_(GsonHelper.java:481) ~[server-1.20.1-20230612.114412-srg.jar%23563!/:?]
	at net.minecraft.world.level.storage.loot.LootTable$Serializer.deserialize(LootTable.java:294) ~[server-1.20.1-20230612.114412-srg.jar%23563!/:?]
	at net.minecraft.world.level.storage.loot.LootTable$Serializer.deserialize(LootTable.java:291) ~[server-1.20.1-20230612.114412-srg.jar%23563!/:?]
	at com.google.gson.internal.bind.TreeTypeAdapter.read(TreeTypeAdapter.java:76) ~[gson-2.10.jar%2372!/:?]
	at com.google.gson.Gson.fromJson(Gson.java:1214) ~[gson-2.10.jar%2372!/:?]
	at com.google.gson.Gson.fromJson(Gson.java:1319) ~[gson-2.10.jar%2372!/:?]
	at com.google.gson.Gson.fromJson(Gson.java:1261) ~[gson-2.10.jar%2372!/:?]
	at net.minecraftforge.common.ForgeHooks.loadLootTable(ForgeHooks.java:871) ~[forge-1.20.1-47.3.7-universal.jar%23568!/:?]
	at net.minecraftforge.common.ForgeHooks.lambda$getLootTableDeserializer$3(ForgeHooks.java:848) ~[forge-1.20.1-47.3.7-universal.jar%23568!/:?]
	at net.minecraft.world.level.storage.loot.LootDataType.deserialize(LootDataType.java:45) ~[server-1.20.1-20230612.114412-srg.jar%23563!/:?]
	at net.minecraft.world.level.storage.loot.LootDataManager.lambda$scheduleElementParse$4(LootDataManager.java:56) ~[server-1.20.1-20230612.114412-srg.jar%23563!/:?]
	at java.util.HashMap.forEach(HashMap.java:1421) ~[?:?]
	at net.minecraft.world.level.storage.loot.LootDataManager.m_278660_(LootDataManager.java:55) ~[server-1.20.1-20230612.114412-srg.jar%23563!/:?]
	at java.util.concurrent.CompletableFuture$AsyncRun.run(CompletableFuture.java:1804) ~[?:?]
	at java.util.concurrent.CompletableFuture$AsyncRun.exec(CompletableFuture.java:1796) ~[?:?]
	at java.util.concurrent.ForkJoinTask.doExec(ForkJoinTask.java:373) ~[?:?]
	at java.util.concurrent.ForkJoinPool$WorkQueue.topLevelExec(ForkJoinPool.java:1182) ~[?:?]
	at java.util.concurrent.ForkJoinPool.scan(ForkJoinPool.java:1655) ~[?:?]
	at java.util.concurrent.ForkJoinPool.runWorker(ForkJoinPool.java:1622) ~[?:?]
	at java.util.concurrent.ForkJoinWorkerThread.run(ForkJoinWorkerThread.java:165) ~[?:?]
[03Aug2025 02:09:34.154] [Worker-Main-1/INFO] [K-Turrets/]: Checking occultism:entities/possessed_hoglin loot table
[03Aug2025 02:09:34.157] [Worker-Main-1/INFO] [K-Turrets/]: Checking minecraft:entities/sheep/blue loot table
[03Aug2025 02:09:34.168] [Worker-Main-1/INFO] [K-Turrets/]: Checking artifacts:entity_equipment/husk loot table
[03Aug2025 02:09:34.171] [Worker-Main-1/INFO] [K-Turrets/]: Checking creeperoverhaul:entities/ocean_creeper loot table
[03Aug2025 02:09:34.178] [Worker-Main-1/INFO] [K-Turrets/]: Checking artifacts:entity_equipment/ghast loot table
[03Aug2025 02:09:34.180] [Worker-Main-1/INFO] [K-Turrets/]: Checking minecraft:entities/salmon loot table
[03Aug2025 02:09:34.181] [Worker-Main-1/INFO] [K-Turrets/]: Checking minecraft:entities/sheep loot table
[03Aug2025 02:09:34.183] [Worker-Main-1/INFO] [K-Turrets/]: Checking creeperoverhaul:entities/beach_creeper loot table
[03Aug2025 02:09:34.183] [Worker-Main-1/INFO] [K-Turrets/]:    Including nautilus_shell with random looting chance 0.005
[03Aug2025 02:09:34.186] [Worker-Main-1/INFO] [K-Turrets/]: Checking cataclysm:entities/the_watcher loot table
[03Aug2025 02:09:34.198] [Worker-Main-1/INFO] [K-Turrets/]: Checking minecraft:entities/zombie_horse loot table
[03Aug2025 02:09:34.201] [Worker-Main-1/INFO] [K-Turrets/]: Checking alexsmobs:entities/crow loot table
[03Aug2025 02:09:34.204] [Worker-Main-1/INFO] [K-Turrets/]: Checking minecraft:entities/turtle loot table
[03Aug2025 02:09:34.205] [Worker-Main-1/INFO] [K-Turrets/]: Checking minecraft:entities/evoker loot table
[03Aug2025 02:09:34.205] [Worker-Main-1/INFO] [K-Turrets/]:    Including emerald with uniform set item function 0.0 - 1.0
[03Aug2025 02:09:34.206] [Worker-Main-1/INFO] [K-Turrets/]: Checking minecraft:entities/zombie_villager loot table
[03Aug2025 02:09:34.206] [Worker-Main-1/INFO] [K-Turrets/]:    Including iron_ingot with random looting chance 0.008333334
[03Aug2025 02:09:34.206] [Worker-Main-1/INFO] [K-Turrets/]:    Including carrot with random looting chance 0.008333334
[03Aug2025 02:09:34.206] [Worker-Main-1/INFO] [K-Turrets/]:    Including potato with random looting chance 0.008333334
[03Aug2025 02:09:34.207] [Worker-Main-1/INFO] [K-Turrets/]: Checking creeperoverhaul:entities/desert_creeper loot table
[03Aug2025 02:09:34.211] [Worker-Main-1/INFO] [K-Turrets/]: Checking deeperdarker:entities/sculk_snapper loot table
[03Aug2025 02:09:34.211] [Worker-Main-1/INFO] [K-Turrets/]: Checking deeperdarker:entities/stalker loot table
[03Aug2025 02:09:34.221] [Worker-Main-1/INFO] [K-Turrets/]: Checking creeperoverhaul:entities/cave_creeper loot table
[03Aug2025 02:09:34.221] [Worker-Main-1/INFO] [K-Turrets/]:    Including raw_iron with random looting chance 0.2
[03Aug2025 02:09:34.221] [Worker-Main-1/INFO] [K-Turrets/]:    Including raw_gold with random looting chance 0.1
[03Aug2025 02:09:34.221] [Worker-Main-1/INFO] [K-Turrets/]:    Including emerald with random looting chance 0.05
[03Aug2025 02:09:34.221] [Worker-Main-1/INFO] [K-Turrets/]:    Including diamond with random looting chance 0.01
[03Aug2025 02:09:34.222] [Worker-Main-1/ERROR] [net.minecraftforge.common.ForgeHooks/]: Couldn't parse element loot_tables:bygonenether:blocks/cracked_withered_blackstone_vertical_slab
com.google.gson.JsonSyntaxException: Expected name to be an item, was unknown string 'bygonenether:cracked_withered_blackstone_vertical_slab'
	at net.minecraft.util.GsonHelper.m_13866_(GsonHelper.java:145) ~[server-1.20.1-20230612.114412-srg.jar%23563!/:?]
	at java.util.Optional.orElseThrow(Optional.java:403) ~[?:?]
	at net.minecraft.util.GsonHelper.m_13874_(GsonHelper.java:145) ~[server-1.20.1-20230612.114412-srg.jar%23563!/:?]
	at net.minecraft.util.GsonHelper.m_13909_(GsonHelper.java:153) ~[server-1.20.1-20230612.114412-srg.jar%23563!/:?]
	at net.minecraft.world.level.storage.loot.entries.LootItem$Serializer.m_7267_(LootItem.java:55) ~[server-1.20.1-20230612.114412-srg.jar%23563!/:?]
	at net.minecraft.world.level.storage.loot.entries.LootItem$Serializer.m_7267_(LootItem.java:40) ~[server-1.20.1-20230612.114412-srg.jar%23563!/:?]
	at net.minecraft.world.level.storage.loot.entries.LootPoolSingletonContainer$Serializer.m_5921_(LootPoolSingletonContainer.java:151) ~[server-1.20.1-20230612.114412-srg.jar%23563!/:?]
	at net.minecraft.world.level.storage.loot.entries.LootPoolSingletonContainer$Serializer.m_5921_(LootPoolSingletonContainer.java:129) ~[server-1.20.1-20230612.114412-srg.jar%23563!/:?]
	at net.minecraft.world.level.storage.loot.entries.LootPoolEntryContainer$Serializer.m_7561_(LootPoolEntryContainer.java:86) ~[server-1.20.1-20230612.114412-srg.jar%23563!/:?]
	at net.minecraft.world.level.storage.loot.entries.LootPoolEntryContainer$Serializer.m_7561_(LootPoolEntryContainer.java:74) ~[server-1.20.1-20230612.114412-srg.jar%23563!/:?]
	at net.minecraft.world.level.storage.loot.GsonAdapterFactory$JsonAdapter.deserialize(GsonAdapterFactory.java:102) ~[server-1.20.1-20230612.114412-srg.jar%23563!/:?]
	at com.google.gson.internal.bind.TreeTypeAdapter.read(TreeTypeAdapter.java:76) ~[gson-2.10.jar%2372!/:?]
	at com.google.gson.internal.bind.TypeAdapterRuntimeTypeWrapper.read(TypeAdapterRuntimeTypeWrapper.java:40) ~[gson-2.10.jar%2372!/:?]
	at com.google.gson.internal.bind.ArrayTypeAdapter.read(ArrayTypeAdapter.java:72) ~[gson-2.10.jar%2372!/:?]
	at com.google.gson.Gson.fromJson(Gson.java:1214) ~[gson-2.10.jar%2372!/:?]
	at com.google.gson.Gson.fromJson(Gson.java:1319) ~[gson-2.10.jar%2372!/:?]
	at com.google.gson.Gson.fromJson(Gson.java:1290) ~[gson-2.10.jar%2372!/:?]
	at com.google.gson.internal.bind.TreeTypeAdapter$GsonContextImpl.deserialize(TreeTypeAdapter.java:179) ~[gson-2.10.jar%2372!/:?]
	at net.minecraft.util.GsonHelper.m_13808_(GsonHelper.java:463) ~[server-1.20.1-20230612.114412-srg.jar%23563!/:?]
	at net.minecraft.util.GsonHelper.m_13836_(GsonHelper.java:471) ~[server-1.20.1-20230612.114412-srg.jar%23563!/:?]
	at net.minecraft.world.level.storage.loot.LootPool$Serializer.deserialize(LootPool.java:192) ~[server-1.20.1-20230612.114412-srg.jar%23563!/:?]
	at net.minecraft.world.level.storage.loot.LootPool$Serializer.deserialize(LootPool.java:189) ~[server-1.20.1-20230612.114412-srg.jar%23563!/:?]
	at com.google.gson.internal.bind.TreeTypeAdapter.read(TreeTypeAdapter.java:76) ~[gson-2.10.jar%2372!/:?]
	at com.google.gson.internal.bind.TypeAdapterRuntimeTypeWrapper.read(TypeAdapterRuntimeTypeWrapper.java:40) ~[gson-2.10.jar%2372!/:?]
	at com.google.gson.internal.bind.ArrayTypeAdapter.read(ArrayTypeAdapter.java:72) ~[gson-2.10.jar%2372!/:?]
	at com.google.gson.Gson.fromJson(Gson.java:1214) ~[gson-2.10.jar%2372!/:?]
	at com.google.gson.Gson.fromJson(Gson.java:1319) ~[gson-2.10.jar%2372!/:?]
	at com.google.gson.Gson.fromJson(Gson.java:1290) ~[gson-2.10.jar%2372!/:?]
	at com.google.gson.internal.bind.TreeTypeAdapter$GsonContextImpl.deserialize(TreeTypeAdapter.java:179) ~[gson-2.10.jar%2372!/:?]
	at net.minecraft.util.GsonHelper.m_13808_(GsonHelper.java:463) ~[server-1.20.1-20230612.114412-srg.jar%23563!/:?]
	at net.minecraft.util.GsonHelper.m_13845_(GsonHelper.java:481) ~[server-1.20.1-20230612.114412-srg.jar%23563!/:?]
	at net.minecraft.world.level.storage.loot.LootTable$Serializer.deserialize(LootTable.java:294) ~[server-1.20.1-20230612.114412-srg.jar%23563!/:?]
	at net.minecraft.world.level.storage.loot.LootTable$Serializer.deserialize(LootTable.java:291) ~[server-1.20.1-20230612.114412-srg.jar%23563!/:?]
	at com.google.gson.internal.bind.TreeTypeAdapter.read(TreeTypeAdapter.java:76) ~[gson-2.10.jar%2372!/:?]
	at com.google.gson.Gson.fromJson(Gson.java:1214) ~[gson-2.10.jar%2372!/:?]
	at com.google.gson.Gson.fromJson(Gson.java:1319) ~[gson-2.10.jar%2372!/:?]
	at com.google.gson.Gson.fromJson(Gson.java:1261) ~[gson-2.10.jar%2372!/:?]
	at net.minecraftforge.common.ForgeHooks.loadLootTable(ForgeHooks.java:871) ~[forge-1.20.1-47.3.7-universal.jar%23568!/:?]
	at net.minecraftforge.common.ForgeHooks.lambda$getLootTableDeserializer$3(ForgeHooks.java:848) ~[forge-1.20.1-47.3.7-universal.jar%23568!/:?]
	at net.minecraft.world.level.storage.loot.LootDataType.deserialize(LootDataType.java:45) ~[server-1.20.1-20230612.114412-srg.jar%23563!/:?]
	at net.minecraft.world.level.storage.loot.LootDataManager.lambda$scheduleElementParse$4(LootDataManager.java:56) ~[server-1.20.1-20230612.114412-srg.jar%23563!/:?]
	at java.util.HashMap.forEach(HashMap.java:1421) ~[?:?]
	at net.minecraft.world.level.storage.loot.LootDataManager.m_278660_(LootDataManager.java:55) ~[server-1.20.1-20230612.114412-srg.jar%23563!/:?]
	at java.util.concurrent.CompletableFuture$AsyncRun.run(CompletableFuture.java:1804) ~[?:?]
	at java.util.concurrent.CompletableFuture$AsyncRun.exec(CompletableFuture.java:1796) ~[?:?]
	at java.util.concurrent.ForkJoinTask.doExec(ForkJoinTask.java:373) ~[?:?]
	at java.util.concurrent.ForkJoinPool$WorkQueue.topLevelExec(ForkJoinPool.java:1182) ~[?:?]
	at java.util.concurrent.ForkJoinPool.scan(ForkJoinPool.java:1655) ~[?:?]
	at java.util.concurrent.ForkJoinPool.runWorker(ForkJoinPool.java:1622) ~[?:?]
	at java.util.concurrent.ForkJoinWorkerThread.run(ForkJoinWorkerThread.java:165) ~[?:?]
[03Aug2025 02:09:34.225] [Worker-Main-1/INFO] [K-Turrets/]: Checking witherstormmod:entities/withered_symbiont loot table
[03Aug2025 02:09:34.232] [Worker-Main-1/INFO] [K-Turrets/]: Checking untamedwilds:entities/baleen_whale loot table
[03Aug2025 02:09:34.232] [Worker-Main-1/INFO] [K-Turrets/]: Checking creeperoverhaul:entities/hills_creeper loot table
[03Aug2025 02:09:34.233] [Worker-Main-1/INFO] [K-Turrets/]: Checking alexsmobs:entities/bone_serpent loot table
[03Aug2025 02:09:34.238] [Worker-Main-1/INFO] [K-Turrets/]: Checking minecraft:entities/iron_golem loot table
[03Aug2025 02:09:34.241] [Worker-Main-1/INFO] [K-Turrets/]: Checking aquaculture:entities/minnow loot table
[03Aug2025 02:09:34.244] [Worker-Main-1/INFO] [K-Turrets/]: Checking aquaculture:entities/perch loot table
[03Aug2025 02:09:34.245] [Worker-Main-1/INFO] [K-Turrets/]: Checking alexsmobs:entities/mimicube loot table
[03Aug2025 02:09:34.246] [Worker-Main-1/INFO] [K-Turrets/]: Checking aquaculture:entities/bayad loot table
[03Aug2025 02:09:34.251] [Worker-Main-1/INFO] [K-Turrets/]: Checking minecraft:entities/witch loot table
[03Aug2025 02:09:34.251] [Worker-Main-1/INFO] [K-Turrets/]: Checking artifacts:entity_equipment/drowned loot table
[03Aug2025 02:09:34.257] [Worker-Main-1/INFO] [K-Turrets/]: Checking aquaculture:entities/jellyfish loot table
[03Aug2025 02:09:34.260] [Worker-Main-1/INFO] [K-Turrets/]: Checking trapcraft:entities/dummy loot table
[03Aug2025 02:09:34.264] [Worker-Main-1/INFO] [K-Turrets/]: Checking aquaculture:entities/smallmouth_bass loot table
[03Aug2025 02:09:34.264] [Worker-Main-1/INFO] [K-Turrets/]: Checking cataclysm:entities/deepling_warlock loot table
[03Aug2025 02:09:34.283] [Worker-Main-1/INFO] [K-Turrets/]: Checking untamedwilds:entities/opossum loot table
[03Aug2025 02:09:34.294] [Worker-Main-1/INFO] [K-Turrets/]: Checking witherstormmod:entities/sickened_mushroom_cow loot table
[03Aug2025 02:09:34.305] [Worker-Main-1/INFO] [K-Turrets/]: Checking minecraft:entities/sheep/orange loot table
[03Aug2025 02:09:34.306] [Worker-Main-1/INFO] [K-Turrets/]: Checking aquaculture:entities/starshell_turtle loot table
[03Aug2025 02:09:34.308] [Worker-Main-1/INFO] [K-Turrets/]: Checking creeperoverhaul:entities/dark_oak_creeper loot table
[03Aug2025 02:09:34.317] [Worker-Main-1/INFO] [K-Turrets/]: Checking artifacts:inject/entities/mooshroom loot table
[03Aug2025 02:09:34.323] [Worker-Main-1/INFO] [K-Turrets/]: Checking minecraft:entities/tropical_fish loot table
[03Aug2025 02:09:34.324] [Worker-Main-1/INFO] [K-Turrets/]: Checking alexsmobs:entities/laviathan loot table
[03Aug2025 02:09:34.336] [Worker-Main-1/INFO] [K-Turrets/]: Checking cataclysm:entities/elite_draugr loot table
[03Aug2025 02:09:34.336] [Worker-Main-1/INFO] [K-Turrets/]:    Including black_steel_ingot with random looting chance 0.025
[03Aug2025 02:09:34.340] [Worker-Main-1/INFO] [K-Turrets/]: Checking untamedwilds:entities/terror_bird loot table
[03Aug2025 02:09:34.340] [Worker-Main-1/INFO] [K-Turrets/]: Checking alexsmobs:entities/shoebill loot table
[03Aug2025 02:09:34.341] [Worker-Main-1/INFO] [K-Turrets/]: Checking minecraft:entities/zombie loot table
[03Aug2025 02:09:34.341] [Worker-Main-1/INFO] [K-Turrets/]:    Including iron_ingot with random looting chance 0.008333334
[03Aug2025 02:09:34.342] [Worker-Main-1/INFO] [K-Turrets/]:    Including carrot with random looting chance 0.008333334
[03Aug2025 02:09:34.342] [Worker-Main-1/INFO] [K-Turrets/]:    Including potato with random looting chance 0.008333334
[03Aug2025 02:09:34.348] [Worker-Main-1/ERROR] [net.minecraftforge.common.ForgeHooks/]: Couldn't parse element loot_tables:adorable_eggs:blocks/bogged_egg
com.google.gson.JsonSyntaxException: Expected name to be an item, was unknown string 'minecraft:bogged_spawn_egg'
	at net.minecraft.util.GsonHelper.m_13866_(GsonHelper.java:145) ~[server-1.20.1-20230612.114412-srg.jar%23563!/:?]
	at java.util.Optional.orElseThrow(Optional.java:403) ~[?:?]
	at net.minecraft.util.GsonHelper.m_13874_(GsonHelper.java:145) ~[server-1.20.1-20230612.114412-srg.jar%23563!/:?]
	at net.minecraft.util.GsonHelper.m_13909_(GsonHelper.java:153) ~[server-1.20.1-20230612.114412-srg.jar%23563!/:?]
	at net.minecraft.world.level.storage.loot.entries.LootItem$Serializer.m_7267_(LootItem.java:55) ~[server-1.20.1-20230612.114412-srg.jar%23563!/:?]
	at net.minecraft.world.level.storage.loot.entries.LootItem$Serializer.m_7267_(LootItem.java:40) ~[server-1.20.1-20230612.114412-srg.jar%23563!/:?]
	at net.minecraft.world.level.storage.loot.entries.LootPoolSingletonContainer$Serializer.m_5921_(LootPoolSingletonContainer.java:151) ~[server-1.20.1-20230612.114412-srg.jar%23563!/:?]
	at net.minecraft.world.level.storage.loot.entries.LootPoolSingletonContainer$Serializer.m_5921_(LootPoolSingletonContainer.java:129) ~[server-1.20.1-20230612.114412-srg.jar%23563!/:?]
	at net.minecraft.world.level.storage.loot.entries.LootPoolEntryContainer$Serializer.m_7561_(LootPoolEntryContainer.java:86) ~[server-1.20.1-20230612.114412-srg.jar%23563!/:?]
	at net.minecraft.world.level.storage.loot.entries.LootPoolEntryContainer$Serializer.m_7561_(LootPoolEntryContainer.java:74) ~[server-1.20.1-20230612.114412-srg.jar%23563!/:?]
	at net.minecraft.world.level.storage.loot.GsonAdapterFactory$JsonAdapter.deserialize(GsonAdapterFactory.java:102) ~[server-1.20.1-20230612.114412-srg.jar%23563!/:?]
	at com.google.gson.internal.bind.TreeTypeAdapter.read(TreeTypeAdapter.java:76) ~[gson-2.10.jar%2372!/:?]
	at com.google.gson.internal.bind.TypeAdapterRuntimeTypeWrapper.read(TypeAdapterRuntimeTypeWrapper.java:40) ~[gson-2.10.jar%2372!/:?]
	at com.google.gson.internal.bind.ArrayTypeAdapter.read(ArrayTypeAdapter.java:72) ~[gson-2.10.jar%2372!/:?]
	at com.google.gson.Gson.fromJson(Gson.java:1214) ~[gson-2.10.jar%2372!/:?]
	at com.google.gson.Gson.fromJson(Gson.java:1319) ~[gson-2.10.jar%2372!/:?]
	at com.google.gson.Gson.fromJson(Gson.java:1290) ~[gson-2.10.jar%2372!/:?]
	at com.google.gson.internal.bind.TreeTypeAdapter$GsonContextImpl.deserialize(TreeTypeAdapter.java:179) ~[gson-2.10.jar%2372!/:?]
	at net.minecraft.util.GsonHelper.m_13808_(GsonHelper.java:463) ~[server-1.20.1-20230612.114412-srg.jar%23563!/:?]
	at net.minecraft.util.GsonHelper.m_13836_(GsonHelper.java:471) ~[server-1.20.1-20230612.114412-srg.jar%23563!/:?]
	at net.minecraft.world.level.storage.loot.LootPool$Serializer.deserialize(LootPool.java:192) ~[server-1.20.1-20230612.114412-srg.jar%23563!/:?]
	at net.minecraft.world.level.storage.loot.LootPool$Serializer.deserialize(LootPool.java:189) ~[server-1.20.1-20230612.114412-srg.jar%23563!/:?]
	at com.google.gson.internal.bind.TreeTypeAdapter.read(TreeTypeAdapter.java:76) ~[gson-2.10.jar%2372!/:?]
	at com.google.gson.internal.bind.TypeAdapterRuntimeTypeWrapper.read(TypeAdapterRuntimeTypeWrapper.java:40) ~[gson-2.10.jar%2372!/:?]
	at com.google.gson.internal.bind.ArrayTypeAdapter.read(ArrayTypeAdapter.java:72) ~[gson-2.10.jar%2372!/:?]
	at com.google.gson.Gson.fromJson(Gson.java:1214) ~[gson-2.10.jar%2372!/:?]
	at com.google.gson.Gson.fromJson(Gson.java:1319) ~[gson-2.10.jar%2372!/:?]
	at com.google.gson.Gson.fromJson(Gson.java:1290) ~[gson-2.10.jar%2372!/:?]
	at com.google.gson.internal.bind.TreeTypeAdapter$GsonContextImpl.deserialize(TreeTypeAdapter.java:179) ~[gson-2.10.jar%2372!/:?]
	at net.minecraft.util.GsonHelper.m_13808_(GsonHelper.java:463) ~[server-1.20.1-20230612.114412-srg.jar%23563!/:?]
	at net.minecraft.util.GsonHelper.m_13845_(GsonHelper.java:481) ~[server-1.20.1-20230612.114412-srg.jar%23563!/:?]
	at net.minecraft.world.level.storage.loot.LootTable$Serializer.deserialize(LootTable.java:294) ~[server-1.20.1-20230612.114412-srg.jar%23563!/:?]
	at net.minecraft.world.level.storage.loot.LootTable$Serializer.deserialize(LootTable.java:291) ~[server-1.20.1-20230612.114412-srg.jar%23563!/:?]
	at com.google.gson.internal.bind.TreeTypeAdapter.read(TreeTypeAdapter.java:76) ~[gson-2.10.jar%2372!/:?]
	at com.google.gson.Gson.fromJson(Gson.java:1214) ~[gson-2.10.jar%2372!/:?]
	at com.google.gson.Gson.fromJson(Gson.java:1319) ~[gson-2.10.jar%2372!/:?]
	at com.google.gson.Gson.fromJson(Gson.java:1261) ~[gson-2.10.jar%2372!/:?]
	at net.minecraftforge.common.ForgeHooks.loadLootTable(ForgeHooks.java:871) ~[forge-1.20.1-47.3.7-universal.jar%23568!/:?]
	at net.minecraftforge.common.ForgeHooks.lambda$getLootTableDeserializer$3(ForgeHooks.java:848) ~[forge-1.20.1-47.3.7-universal.jar%23568!/:?]
	at net.minecraft.world.level.storage.loot.LootDataType.deserialize(LootDataType.java:45) ~[server-1.20.1-20230612.114412-srg.jar%23563!/:?]
	at net.minecraft.world.level.storage.loot.LootDataManager.lambda$scheduleElementParse$4(LootDataManager.java:56) ~[server-1.20.1-20230612.114412-srg.jar%23563!/:?]
	at java.util.HashMap.forEach(HashMap.java:1421) ~[?:?]
	at net.minecraft.world.level.storage.loot.LootDataManager.m_278660_(LootDataManager.java:55) ~[server-1.20.1-20230612.114412-srg.jar%23563!/:?]
	at java.util.concurrent.CompletableFuture$AsyncRun.run(CompletableFuture.java:1804) ~[?:?]
	at java.util.concurrent.CompletableFuture$AsyncRun.exec(CompletableFuture.java:1796) ~[?:?]
	at java.util.concurrent.ForkJoinTask.doExec(ForkJoinTask.java:373) ~[?:?]
	at java.util.concurrent.ForkJoinPool$WorkQueue.topLevelExec(ForkJoinPool.java:1182) ~[?:?]
	at java.util.concurrent.ForkJoinPool.scan(ForkJoinPool.java:1655) ~[?:?]
	at java.util.concurrent.ForkJoinPool.runWorker(ForkJoinPool.java:1622) ~[?:?]
	at java.util.concurrent.ForkJoinWorkerThread.run(ForkJoinWorkerThread.java:165) ~[?:?]
[03Aug2025 02:09:34.359] [Worker-Main-1/INFO] [K-Turrets/]: Checking minecraft:entities/shulker loot table
[03Aug2025 02:09:34.366] [Worker-Main-1/INFO] [K-Turrets/]: Checking friendsandfoes:entities/iceologer loot table
[03Aug2025 02:09:34.366] [Worker-Main-1/INFO] [K-Turrets/]:    Including emerald with uniform set item function 0.0 - 1.0
[03Aug2025 02:09:34.376] [Worker-Main-1/INFO] [K-Turrets/]: Checking alexsmobs:entities/laviathan_obsidian loot table
[03Aug2025 02:09:34.378] [Worker-Main-1/INFO] [K-Turrets/]: Checking aquamirae:entities/maze_vindicator loot table
[03Aug2025 02:09:34.382] [Worker-Main-1/INFO] [K-Turrets/]: Checking alexsmobs:entities/moose loot table
[03Aug2025 02:09:34.382] [Worker-Main-1/INFO] [K-Turrets/]: Checking cataclysm:entities/deepling_brute loot table
[03Aug2025 02:09:34.387] [Worker-Main-1/INFO] [K-Turrets/]: Checking aquaculture:entities/red_shrooma loot table
[03Aug2025 02:09:34.389] [Worker-Main-1/INFO] [K-Turrets/]: Checking cataclysm:entities/endermaptera_has_jaws loot table
[03Aug2025 02:09:34.390] [Worker-Main-1/INFO] [K-Turrets/]: Checking alexsmobs:entities/centipede_head loot table
[03Aug2025 02:09:34.398] [Worker-Main-1/INFO] [K-Turrets/]: Checking aquamirae:entities/maze_captain loot table
[03Aug2025 02:09:34.399] [Worker-Main-1/INFO] [K-Turrets/]: Checking bygonenether:entities/warped_enderman loot table
[03Aug2025 02:09:34.399] [Worker-Main-1/INFO] [K-Turrets/]:    Including warped_ender_pearl with uniform set item function 0.0 - 1.0
[03Aug2025 02:09:34.399] [Worker-Main-1/INFO] [K-Turrets/]:    Including warped_ender_pearl with random looting chance 0.25
[03Aug2025 02:09:34.404] [Worker-Main-1/INFO] [K-Turrets/]: Checking alexsmobs:entities/rattlesnake loot table
[03Aug2025 02:09:34.408] [Worker-Main-1/INFO] [K-Turrets/]: Checking witherstormmod:entities/sickened_creeper loot table
[03Aug2025 02:09:34.415] [Worker-Main-1/INFO] [K-Turrets/]: Checking alexsmobs:entities/guster_soul loot table
[03Aug2025 02:09:34.418] [Worker-Main-1/INFO] [K-Turrets/]: Checking cataclysm:entities/netherite_ministrosity loot table
[03Aug2025 02:09:34.427] [Worker-Main-1/INFO] [K-Turrets/]: Checking occultism:entities/wild_hunt_skeleton loot table
[03Aug2025 02:09:34.447] [Worker-Main-1/INFO] [K-Turrets/]: Checking dungeons_arise:entities/gladiator_loot loot table
[03Aug2025 02:09:34.452] [Worker-Main-1/INFO] [K-Turrets/]: Checking witherstormmod:entities/sickened_phantom loot table
[03Aug2025 02:09:34.452] [Worker-Main-1/INFO] [K-Turrets/]:    Including phantom_membrane with uniform set item function 0.0 - 1.0
[03Aug2025 02:09:34.454] [Worker-Main-1/INFO] [K-Turrets/]: Checking alexsmobs:entities/catfish_medium loot table
[03Aug2025 02:09:34.455] [Worker-Main-1/INFO] [K-Turrets/]: Checking cataclysm:entities/netherite_monstrosity loot table
[03Aug2025 02:09:34.458] [Worker-Main-1/INFO] [K-Turrets/]: Checking untamedwilds:entities/rhino loot table
[03Aug2025 02:09:34.461] [Worker-Main-1/INFO] [K-Turrets/]: Checking tropicraft:entities/eih loot table
[03Aug2025 02:09:34.464] [Worker-Main-1/INFO] [K-Turrets/]: Checking untamedwilds:entities/manatee loot table
[03Aug2025 02:09:34.469] [Worker-Main-1/INFO] [K-Turrets/]: Checking alexsmobs:entities/soul_vulture_heart loot table
[03Aug2025 02:09:34.473] [Worker-Main-1/INFO] [K-Turrets/]: Checking cataclysm:entities/draugr loot table
[03Aug2025 02:09:34.473] [Worker-Main-1/INFO] [K-Turrets/]:    Including black_steel_ingot with random looting chance 0.025
[03Aug2025 02:09:34.474] [Worker-Main-1/INFO] [K-Turrets/]: Checking witherstormmod:entities/sickened_pig loot table
[03Aug2025 02:09:34.475] [Worker-Main-1/INFO] [K-Turrets/]: Checking alexsmobs:entities/cosmic_cod loot table
[03Aug2025 02:09:34.479] [Worker-Main-1/INFO] [K-Turrets/]: Checking untamedwilds:entities/camel loot table
[03Aug2025 02:09:34.480] [Worker-Main-1/INFO] [K-Turrets/]: Checking cataclysm:entities/amethyst_crab loot table
[03Aug2025 02:09:34.480] [Worker-Main-1/INFO] [K-Turrets/]: Checking artifacts:entity_equipment/zombie loot table
[03Aug2025 02:09:34.480] [Worker-Main-1/INFO] [K-Turrets/]: Checking tropicraft:entities/eagle_ray loot table
[03Aug2025 02:09:34.482] [Worker-Main-1/INFO] [K-Turrets/]: Checking cataclysm:entities/deepling_angler loot table
[03Aug2025 02:09:34.486] [Worker-Main-1/INFO] [K-Turrets/]: Checking minecraft:entities/glow_squid loot table
[03Aug2025 02:09:34.492] [Worker-Main-1/INFO] [K-Turrets/]: Checking cataclysm:entities/coral_golem loot table
[03Aug2025 02:09:34.495] [Worker-Main-1/INFO] [K-Turrets/]: Checking alexsmobs:entities/mudskipper loot table
[03Aug2025 02:09:34.497] [Worker-Main-1/INFO] [K-Turrets/]: Checking alexsmobs:entities/enderiophage loot table
[03Aug2025 02:09:34.500] [Worker-Main-1/INFO] [K-Turrets/]: Checking artifacts:entity_equipment/stray loot table
[03Aug2025 02:09:34.507] [Worker-Main-1/INFO] [K-Turrets/]: Checking alexsmobs:entities/giant_squid loot table
[03Aug2025 02:09:34.510] [Worker-Main-1/INFO] [K-Turrets/]: Checking artifacts:entity_equipment/wither_skeleton loot table
[03Aug2025 02:09:34.512] [Worker-Main-1/INFO] [K-Turrets/]: Checking minecraft:entities/hoglin loot table
[03Aug2025 02:09:34.516] [Worker-Main-1/INFO] [K-Turrets/]: Checking minecraft:entities/skeleton loot table
[03Aug2025 02:09:34.517] [Worker-Main-1/INFO] [K-Turrets/]: Checking minecraft:entities/enderman loot table
[03Aug2025 02:09:34.519] [Worker-Main-1/INFO] [K-Turrets/]: Checking occultism:entities/wild_hunt_wither_skeleton loot table
[03Aug2025 02:09:34.520] [Worker-Main-1/INFO] [K-Turrets/]: Checking minecraft:entities/llama loot table
[03Aug2025 02:09:34.521] [Worker-Main-1/INFO] [K-Turrets/]: Checking untamedwilds:entities/arowana loot table
[03Aug2025 02:09:34.531] [Worker-Main-1/ERROR] [net.minecraftforge.common.ForgeHooks/]: Couldn't parse element loot_tables:overweight_farming:blocks/peeled_overweight_kiwi_block
com.google.gson.JsonSyntaxException: Expected name to be an item, was unknown string 'hedgehog:kiwi'
	at net.minecraft.util.GsonHelper.m_13866_(GsonHelper.java:145) ~[server-1.20.1-20230612.114412-srg.jar%23563!/:?]
	at java.util.Optional.orElseThrow(Optional.java:403) ~[?:?]
	at net.minecraft.util.GsonHelper.m_13874_(GsonHelper.java:145) ~[server-1.20.1-20230612.114412-srg.jar%23563!/:?]
	at net.minecraft.util.GsonHelper.m_13909_(GsonHelper.java:153) ~[server-1.20.1-20230612.114412-srg.jar%23563!/:?]
	at net.minecraft.world.level.storage.loot.entries.LootItem$Serializer.m_7267_(LootItem.java:55) ~[server-1.20.1-20230612.114412-srg.jar%23563!/:?]
	at net.minecraft.world.level.storage.loot.entries.LootItem$Serializer.m_7267_(LootItem.java:40) ~[server-1.20.1-20230612.114412-srg.jar%23563!/:?]
	at net.minecraft.world.level.storage.loot.entries.LootPoolSingletonContainer$Serializer.m_5921_(LootPoolSingletonContainer.java:151) ~[server-1.20.1-20230612.114412-srg.jar%23563!/:?]
	at net.minecraft.world.level.storage.loot.entries.LootPoolSingletonContainer$Serializer.m_5921_(LootPoolSingletonContainer.java:129) ~[server-1.20.1-20230612.114412-srg.jar%23563!/:?]
	at net.minecraft.world.level.storage.loot.entries.LootPoolEntryContainer$Serializer.m_7561_(LootPoolEntryContainer.java:86) ~[server-1.20.1-20230612.114412-srg.jar%23563!/:?]
	at net.minecraft.world.level.storage.loot.entries.LootPoolEntryContainer$Serializer.m_7561_(LootPoolEntryContainer.java:74) ~[server-1.20.1-20230612.114412-srg.jar%23563!/:?]
	at net.minecraft.world.level.storage.loot.GsonAdapterFactory$JsonAdapter.deserialize(GsonAdapterFactory.java:102) ~[server-1.20.1-20230612.114412-srg.jar%23563!/:?]
	at com.google.gson.internal.bind.TreeTypeAdapter.read(TreeTypeAdapter.java:76) ~[gson-2.10.jar%2372!/:?]
	at com.google.gson.internal.bind.TypeAdapterRuntimeTypeWrapper.read(TypeAdapterRuntimeTypeWrapper.java:40) ~[gson-2.10.jar%2372!/:?]
	at com.google.gson.internal.bind.ArrayTypeAdapter.read(ArrayTypeAdapter.java:72) ~[gson-2.10.jar%2372!/:?]
	at com.google.gson.Gson.fromJson(Gson.java:1214) ~[gson-2.10.jar%2372!/:?]
	at com.google.gson.Gson.fromJson(Gson.java:1319) ~[gson-2.10.jar%2372!/:?]
	at com.google.gson.Gson.fromJson(Gson.java:1290) ~[gson-2.10.jar%2372!/:?]
	at com.google.gson.internal.bind.TreeTypeAdapter$GsonContextImpl.deserialize(TreeTypeAdapter.java:179) ~[gson-2.10.jar%2372!/:?]
	at net.minecraft.util.GsonHelper.m_13808_(GsonHelper.java:463) ~[server-1.20.1-20230612.114412-srg.jar%23563!/:?]
	at net.minecraft.util.GsonHelper.m_13836_(GsonHelper.java:471) ~[server-1.20.1-20230612.114412-srg.jar%23563!/:?]
	at net.minecraft.world.level.storage.loot.entries.CompositeEntryBase$1.m_5921_(CompositeEntryBase.java:61) ~[server-1.20.1-20230612.114412-srg.jar%23563!/:?]
	at net.minecraft.world.level.storage.loot.entries.CompositeEntryBase$1.m_5921_(CompositeEntryBase.java:53) ~[server-1.20.1-20230612.114412-srg.jar%23563!/:?]
	at net.minecraft.world.level.storage.loot.entries.LootPoolEntryContainer$Serializer.m_7561_(LootPoolEntryContainer.java:86) ~[server-1.20.1-20230612.114412-srg.jar%23563!/:?]
	at net.minecraft.world.level.storage.loot.entries.LootPoolEntryContainer$Serializer.m_7561_(LootPoolEntryContainer.java:74) ~[server-1.20.1-20230612.114412-srg.jar%23563!/:?]
	at net.minecraft.world.level.storage.loot.GsonAdapterFactory$JsonAdapter.deserialize(GsonAdapterFactory.java:102) ~[server-1.20.1-20230612.114412-srg.jar%23563!/:?]
	at com.google.gson.internal.bind.TreeTypeAdapter.read(TreeTypeAdapter.java:76) ~[gson-2.10.jar%2372!/:?]
	at com.google.gson.internal.bind.TypeAdapterRuntimeTypeWrapper.read(TypeAdapterRuntimeTypeWrapper.java:40) ~[gson-2.10.jar%2372!/:?]
	at com.google.gson.internal.bind.ArrayTypeAdapter.read(ArrayTypeAdapter.java:72) ~[gson-2.10.jar%2372!/:?]
	at com.google.gson.Gson.fromJson(Gson.java:1214) ~[gson-2.10.jar%2372!/:?]
	at com.google.gson.Gson.fromJson(Gson.java:1319) ~[gson-2.10.jar%2372!/:?]
	at com.google.gson.Gson.fromJson(Gson.java:1290) ~[gson-2.10.jar%2372!/:?]
	at com.google.gson.internal.bind.TreeTypeAdapter$GsonContextImpl.deserialize(TreeTypeAdapter.java:179) ~[gson-2.10.jar%2372!/:?]
	at net.minecraft.util.GsonHelper.m_13808_(GsonHelper.java:463) ~[server-1.20.1-20230612.114412-srg.jar%23563!/:?]
	at net.minecraft.util.GsonHelper.m_13836_(GsonHelper.java:471) ~[server-1.20.1-20230612.114412-srg.jar%23563!/:?]
	at net.minecraft.world.level.storage.loot.entries.CompositeEntryBase$1.m_5921_(CompositeEntryBase.java:61) ~[server-1.20.1-20230612.114412-srg.jar%23563!/:?]
	at net.minecraft.world.level.storage.loot.entries.CompositeEntryBase$1.m_5921_(CompositeEntryBase.java:53) ~[server-1.20.1-20230612.114412-srg.jar%23563!/:?]
	at net.minecraft.world.level.storage.loot.entries.LootPoolEntryContainer$Serializer.m_7561_(LootPoolEntryContainer.java:86) ~[server-1.20.1-20230612.114412-srg.jar%23563!/:?]
	at net.minecraft.world.level.storage.loot.entries.LootPoolEntryContainer$Serializer.m_7561_(LootPoolEntryContainer.java:74) ~[server-1.20.1-20230612.114412-srg.jar%23563!/:?]
	at net.minecraft.world.level.storage.loot.GsonAdapterFactory$JsonAdapter.deserialize(GsonAdapterFactory.java:102) ~[server-1.20.1-20230612.114412-srg.jar%23563!/:?]
	at com.google.gson.internal.bind.TreeTypeAdapter.read(TreeTypeAdapter.java:76) ~[gson-2.10.jar%2372!/:?]
	at com.google.gson.internal.bind.TypeAdapterRuntimeTypeWrapper.read(TypeAdapterRuntimeTypeWrapper.java:40) ~[gson-2.10.jar%2372!/:?]
	at com.google.gson.internal.bind.ArrayTypeAdapter.read(ArrayTypeAdapter.java:72) ~[gson-2.10.jar%2372!/:?]
	at com.google.gson.Gson.fromJson(Gson.java:1214) ~[gson-2.10.jar%2372!/:?]
	at com.google.gson.Gson.fromJson(Gson.java:1319) ~[gson-2.10.jar%2372!/:?]
	at com.google.gson.Gson.fromJson(Gson.java:1290) ~[gson-2.10.jar%2372!/:?]
	at com.google.gson.internal.bind.TreeTypeAdapter$GsonContextImpl.deserialize(TreeTypeAdapter.java:179) ~[gson-2.10.jar%2372!/:?]
	at net.minecraft.util.GsonHelper.m_13808_(GsonHelper.java:463) ~[server-1.20.1-20230612.114412-srg.jar%23563!/:?]
	at net.minecraft.util.GsonHelper.m_13836_(GsonHelper.java:471) ~[server-1.20.1-20230612.114412-srg.jar%23563!/:?]
	at net.minecraft.world.level.storage.loot.LootPool$Serializer.deserialize(LootPool.java:192) ~[server-1.20.1-20230612.114412-srg.jar%23563!/:?]
	at net.minecraft.world.level.storage.loot.LootPool$Serializer.deserialize(LootPool.java:189) ~[server-1.20.1-20230612.114412-srg.jar%23563!/:?]
	at com.google.gson.internal.bind.TreeTypeAdapter.read(TreeTypeAdapter.java:76) ~[gson-2.10.jar%2372!/:?]
	at com.google.gson.internal.bind.TypeAdapterRuntimeTypeWrapper.read(TypeAdapterRuntimeTypeWrapper.java:40) ~[gson-2.10.jar%2372!/:?]
	at com.google.gson.internal.bind.ArrayTypeAdapter.read(ArrayTypeAdapter.java:72) ~[gson-2.10.jar%2372!/:?]
	at com.google.gson.Gson.fromJson(Gson.java:1214) ~[gson-2.10.jar%2372!/:?]
	at com.google.gson.Gson.fromJson(Gson.java:1319) ~[gson-2.10.jar%2372!/:?]
	at com.google.gson.Gson.fromJson(Gson.java:1290) ~[gson-2.10.jar%2372!/:?]
	at com.google.gson.internal.bind.TreeTypeAdapter$GsonContextImpl.deserialize(TreeTypeAdapter.java:179) ~[gson-2.10.jar%2372!/:?]
	at net.minecraft.util.GsonHelper.m_13808_(GsonHelper.java:463) ~[server-1.20.1-20230612.114412-srg.jar%23563!/:?]
	at net.minecraft.util.GsonHelper.m_13845_(GsonHelper.java:481) ~[server-1.20.1-20230612.114412-srg.jar%23563!/:?]
	at net.minecraft.world.level.storage.loot.LootTable$Serializer.deserialize(LootTable.java:294) ~[server-1.20.1-20230612.114412-srg.jar%23563!/:?]
	at net.minecraft.world.level.storage.loot.LootTable$Serializer.deserialize(LootTable.java:291) ~[server-1.20.1-20230612.114412-srg.jar%23563!/:?]
	at com.google.gson.internal.bind.TreeTypeAdapter.read(TreeTypeAdapter.java:76) ~[gson-2.10.jar%2372!/:?]
	at com.google.gson.Gson.fromJson(Gson.java:1214) ~[gson-2.10.jar%2372!/:?]
	at com.google.gson.Gson.fromJson(Gson.java:1319) ~[gson-2.10.jar%2372!/:?]
	at com.google.gson.Gson.fromJson(Gson.java:1261) ~[gson-2.10.jar%2372!/:?]
	at net.minecraftforge.common.ForgeHooks.loadLootTable(ForgeHooks.java:871) ~[forge-1.20.1-47.3.7-universal.jar%23568!/:?]
	at net.minecraftforge.common.ForgeHooks.lambda$getLootTableDeserializer$3(ForgeHooks.java:848) ~[forge-1.20.1-47.3.7-universal.jar%23568!/:?]
	at net.minecraft.world.level.storage.loot.LootDataType.deserialize(LootDataType.java:45) ~[server-1.20.1-20230612.114412-srg.jar%23563!/:?]
	at net.minecraft.world.level.storage.loot.LootDataManager.lambda$scheduleElementParse$4(LootDataManager.java:56) ~[server-1.20.1-20230612.114412-srg.jar%23563!/:?]
	at java.util.HashMap.forEach(HashMap.java:1421) ~[?:?]
	at net.minecraft.world.level.storage.loot.LootDataManager.m_278660_(LootDataManager.java:55) ~[server-1.20.1-20230612.114412-srg.jar%23563!/:?]
	at java.util.concurrent.CompletableFuture$AsyncRun.run(CompletableFuture.java:1804) ~[?:?]
	at java.util.concurrent.CompletableFuture$AsyncRun.exec(CompletableFuture.java:1796) ~[?:?]
	at java.util.concurrent.ForkJoinTask.doExec(ForkJoinTask.java:373) ~[?:?]
	at java.util.concurrent.ForkJoinPool$WorkQueue.topLevelExec(ForkJoinPool.java:1182) ~[?:?]
	at java.util.concurrent.ForkJoinPool.scan(ForkJoinPool.java:1655) ~[?:?]
	at java.util.concurrent.ForkJoinPool.runWorker(ForkJoinPool.java:1622) ~[?:?]
	at java.util.concurrent.ForkJoinWorkerThread.run(ForkJoinWorkerThread.java:165) ~[?:?]
[03Aug2025 02:09:34.533] [Worker-Main-1/INFO] [K-Turrets/]: Checking minecraft:entities/wither_skeleton loot table
[03Aug2025 02:09:34.533] [Worker-Main-1/INFO] [K-Turrets/]:    Including wither_skeleton_skull with random looting chance 0.025
[03Aug2025 02:09:34.535] [Worker-Main-1/INFO] [K-Turrets/]: Checking alexsmobs:entities/fly loot table
[03Aug2025 02:09:34.538] [Worker-Main-1/INFO] [K-Turrets/]: Checking occultism:entities/possessed_weak_shulker loot table
[03Aug2025 02:09:34.541] [Worker-Main-1/INFO] [K-Turrets/]: Checking creeperoverhaul:entities/savannah_creeper loot table
[03Aug2025 02:09:34.546] [Worker-Main-1/INFO] [K-Turrets/]: Checking minecraft:entities/stray loot table
[03Aug2025 02:09:34.546] [Worker-Main-1/INFO] [K-Turrets/]:    Including tipped_arrow with uniform set item function 0.0 - 1.0
[03Aug2025 02:09:34.549] [Worker-Main-1/INFO] [K-Turrets/]: Checking alexsmobs:entities/blue_jay loot table
[03Aug2025 02:09:34.556] [Worker-Main-1/INFO] [K-Turrets/]: Checking aquamirae:entities/captain_cornelia loot table
[03Aug2025 02:09:34.557] [Worker-Main-1/INFO] [K-Turrets/]: Checking minecraft:entities/sheep/light_blue loot table
[03Aug2025 02:09:34.560] [Worker-Main-1/INFO] [K-Turrets/]: Checking deeperdarker:entities/sculk_leech loot table
[03Aug2025 02:09:34.574] [Worker-Main-1/INFO] [K-Turrets/]: Checking aquaculture:entities/carp loot table
[03Aug2025 02:09:34.577] [Worker-Main-1/INFO] [K-Turrets/]: Checking cataclysm:entities/ender_golem loot table
[03Aug2025 02:09:34.579] [Worker-Main-1/INFO] [K-Turrets/]: Checking artifacts:entity_equipment/skeleton loot table
[03Aug2025 02:09:34.587] [Worker-Main-1/INFO] [K-Turrets/]: Checking alexsmobs:entities/crimson_mosquito_full loot table
[03Aug2025 02:09:34.596] [Worker-Main-1/INFO] [K-Turrets/]: Checking untamedwilds:entities/monitor loot table
[03Aug2025 02:09:34.600] [Worker-Main-1/INFO] [K-Turrets/]: Checking minecraft:entities/sheep/brown loot table
[03Aug2025 02:09:34.607] [Worker-Main-1/INFO] [K-Turrets/]: Checking alexsmobs:entities/bald_eagle loot table
[03Aug2025 02:09:34.607] [Worker-Main-1/INFO] [K-Turrets/]: Checking alexsmobs:entities/dropbear loot table
[03Aug2025 02:09:34.621] [Worker-Main-1/INFO] [K-Turrets/]: Checking minecraft:entities/cave_spider loot table
[03Aug2025 02:09:34.621] [Worker-Main-1/INFO] [K-Turrets/]:    Including spider_eye with uniform set item function -1.0 - 1.0
[03Aug2025 02:09:34.624] [Worker-Main-1/INFO] [K-Turrets/]: Checking netherskeletons:entities/crimson_skeleton loot table
[03Aug2025 02:09:34.625] [Worker-Main-1/INFO] [K-Turrets/]: Checking cataclysm:entities/ignited_revenant loot table
[03Aug2025 02:09:34.626] [Worker-Main-1/INFO] [K-Turrets/]: Checking minecraft:entities/sheep/cyan loot table
[03Aug2025 02:09:34.626] [Worker-Main-1/ERROR] [net.minecraftforge.common.ForgeHooks/]: Couldn't parse element loot_tables:adorable_eggs:blocks/creaking_egg
com.google.gson.JsonSyntaxException: Expected name to be an item, was unknown string 'minecraft:creaking_spawn_egg'
	at net.minecraft.util.GsonHelper.m_13866_(GsonHelper.java:145) ~[server-1.20.1-20230612.114412-srg.jar%23563!/:?]
	at java.util.Optional.orElseThrow(Optional.java:403) ~[?:?]
	at net.minecraft.util.GsonHelper.m_13874_(GsonHelper.java:145) ~[server-1.20.1-20230612.114412-srg.jar%23563!/:?]
	at net.minecraft.util.GsonHelper.m_13909_(GsonHelper.java:153) ~[server-1.20.1-20230612.114412-srg.jar%23563!/:?]
	at net.minecraft.world.level.storage.loot.entries.LootItem$Serializer.m_7267_(LootItem.java:55) ~[server-1.20.1-20230612.114412-srg.jar%23563!/:?]
	at net.minecraft.world.level.storage.loot.entries.LootItem$Serializer.m_7267_(LootItem.java:40) ~[server-1.20.1-20230612.114412-srg.jar%23563!/:?]
	at net.minecraft.world.level.storage.loot.entries.LootPoolSingletonContainer$Serializer.m_5921_(LootPoolSingletonContainer.java:151) ~[server-1.20.1-20230612.114412-srg.jar%23563!/:?]
	at net.minecraft.world.level.storage.loot.entries.LootPoolSingletonContainer$Serializer.m_5921_(LootPoolSingletonContainer.java:129) ~[server-1.20.1-20230612.114412-srg.jar%23563!/:?]
	at net.minecraft.world.level.storage.loot.entries.LootPoolEntryContainer$Serializer.m_7561_(LootPoolEntryContainer.java:86) ~[server-1.20.1-20230612.114412-srg.jar%23563!/:?]
	at net.minecraft.world.level.storage.loot.entries.LootPoolEntryContainer$Serializer.m_7561_(LootPoolEntryContainer.java:74) ~[server-1.20.1-20230612.114412-srg.jar%23563!/:?]
	at net.minecraft.world.level.storage.loot.GsonAdapterFactory$JsonAdapter.deserialize(GsonAdapterFactory.java:102) ~[server-1.20.1-20230612.114412-srg.jar%23563!/:?]
	at com.google.gson.internal.bind.TreeTypeAdapter.read(TreeTypeAdapter.java:76) ~[gson-2.10.jar%2372!/:?]
	at com.google.gson.internal.bind.TypeAdapterRuntimeTypeWrapper.read(TypeAdapterRuntimeTypeWrapper.java:40) ~[gson-2.10.jar%2372!/:?]
	at com.google.gson.internal.bind.ArrayTypeAdapter.read(ArrayTypeAdapter.java:72) ~[gson-2.10.jar%2372!/:?]
	at com.google.gson.Gson.fromJson(Gson.java:1214) ~[gson-2.10.jar%2372!/:?]
	at com.google.gson.Gson.fromJson(Gson.java:1319) ~[gson-2.10.jar%2372!/:?]
	at com.google.gson.Gson.fromJson(Gson.java:1290) ~[gson-2.10.jar%2372!/:?]
	at com.google.gson.internal.bind.TreeTypeAdapter$GsonContextImpl.deserialize(TreeTypeAdapter.java:179) ~[gson-2.10.jar%2372!/:?]
	at net.minecraft.util.GsonHelper.m_13808_(GsonHelper.java:463) ~[server-1.20.1-20230612.114412-srg.jar%23563!/:?]
	at net.minecraft.util.GsonHelper.m_13836_(GsonHelper.java:471) ~[server-1.20.1-20230612.114412-srg.jar%23563!/:?]
	at net.minecraft.world.level.storage.loot.LootPool$Serializer.deserialize(LootPool.java:192) ~[server-1.20.1-20230612.114412-srg.jar%23563!/:?]
	at net.minecraft.world.level.storage.loot.LootPool$Serializer.deserialize(LootPool.java:189) ~[server-1.20.1-20230612.114412-srg.jar%23563!/:?]
	at com.google.gson.internal.bind.TreeTypeAdapter.read(TreeTypeAdapter.java:76) ~[gson-2.10.jar%2372!/:?]
	at com.google.gson.internal.bind.TypeAdapterRuntimeTypeWrapper.read(TypeAdapterRuntimeTypeWrapper.java:40) ~[gson-2.10.jar%2372!/:?]
	at com.google.gson.internal.bind.ArrayTypeAdapter.read(ArrayTypeAdapter.java:72) ~[gson-2.10.jar%2372!/:?]
	at com.google.gson.Gson.fromJson(Gson.java:1214) ~[gson-2.10.jar%2372!/:?]
	at com.google.gson.Gson.fromJson(Gson.java:1319) ~[gson-2.10.jar%2372!/:?]
	at com.google.gson.Gson.fromJson(Gson.java:1290) ~[gson-2.10.jar%2372!/:?]
	at com.google.gson.internal.bind.TreeTypeAdapter$GsonContextImpl.deserialize(TreeTypeAdapter.java:179) ~[gson-2.10.jar%2372!/:?]
	at net.minecraft.util.GsonHelper.m_13808_(GsonHelper.java:463) ~[server-1.20.1-20230612.114412-srg.jar%23563!/:?]
	at net.minecraft.util.GsonHelper.m_13845_(GsonHelper.java:481) ~[server-1.20.1-20230612.114412-srg.jar%23563!/:?]
	at net.minecraft.world.level.storage.loot.LootTable$Serializer.deserialize(LootTable.java:294) ~[server-1.20.1-20230612.114412-srg.jar%23563!/:?]
	at net.minecraft.world.level.storage.loot.LootTable$Serializer.deserialize(LootTable.java:291) ~[server-1.20.1-20230612.114412-srg.jar%23563!/:?]
	at com.google.gson.internal.bind.TreeTypeAdapter.read(TreeTypeAdapter.java:76) ~[gson-2.10.jar%2372!/:?]
	at com.google.gson.Gson.fromJson(Gson.java:1214) ~[gson-2.10.jar%2372!/:?]
	at com.google.gson.Gson.fromJson(Gson.java:1319) ~[gson-2.10.jar%2372!/:?]
	at com.google.gson.Gson.fromJson(Gson.java:1261) ~[gson-2.10.jar%2372!/:?]
	at net.minecraftforge.common.ForgeHooks.loadLootTable(ForgeHooks.java:871) ~[forge-1.20.1-47.3.7-universal.jar%23568!/:?]
	at net.minecraftforge.common.ForgeHooks.lambda$getLootTableDeserializer$3(ForgeHooks.java:848) ~[forge-1.20.1-47.3.7-universal.jar%23568!/:?]
	at net.minecraft.world.level.storage.loot.LootDataType.deserialize(LootDataType.java:45) ~[server-1.20.1-20230612.114412-srg.jar%23563!/:?]
	at net.minecraft.world.level.storage.loot.LootDataManager.lambda$scheduleElementParse$4(LootDataManager.java:56) ~[server-1.20.1-20230612.114412-srg.jar%23563!/:?]
	at java.util.HashMap.forEach(HashMap.java:1421) ~[?:?]
	at net.minecraft.world.level.storage.loot.LootDataManager.m_278660_(LootDataManager.java:55) ~[server-1.20.1-20230612.114412-srg.jar%23563!/:?]
	at java.util.concurrent.CompletableFuture$AsyncRun.run(CompletableFuture.java:1804) ~[?:?]
	at java.util.concurrent.CompletableFuture$AsyncRun.exec(CompletableFuture.java:1796) ~[?:?]
	at java.util.concurrent.ForkJoinTask.doExec(ForkJoinTask.java:373) ~[?:?]
	at java.util.concurrent.ForkJoinPool$WorkQueue.topLevelExec(ForkJoinPool.java:1182) ~[?:?]
	at java.util.concurrent.ForkJoinPool.scan(ForkJoinPool.java:1655) ~[?:?]
	at java.util.concurrent.ForkJoinPool.runWorker(ForkJoinPool.java:1622) ~[?:?]
	at java.util.concurrent.ForkJoinWorkerThread.run(ForkJoinWorkerThread.java:165) ~[?:?]
[03Aug2025 02:09:34.629] [Worker-Main-1/INFO] [K-Turrets/]: Checking aquaculture:entities/tuna loot table
[03Aug2025 02:09:34.632] [Worker-Main-1/INFO] [K-Turrets/]: Checking aquaculture:entities/brown_trout loot table
[03Aug2025 02:09:34.634] [Worker-Main-1/INFO] [K-Turrets/]: Checking witherstormmod:entities/sickened_iron_golem loot table
[03Aug2025 02:09:34.635] [Worker-Main-1/INFO] [K-Turrets/]: Checking alexsmobs:entities/crimson_mosquito loot table
[03Aug2025 02:09:34.636] [Worker-Main-1/INFO] [K-Turrets/]: Checking artifacts:entity_equipment/zombified_piglin loot table
[03Aug2025 02:09:34.639] [Worker-Main-1/INFO] [K-Turrets/]: Checking alexsmobs:entities/banana_slug loot table
[03Aug2025 02:09:34.639] [Worker-Main-1/ERROR] [net.minecraftforge.common.ForgeHooks/]: Couldn't parse element loot_tables:bygonenether:blocks/warped_nether_brick_vertical_slab
java.lang.IllegalArgumentException: Can't find block bygonenether:warped_nether_brick_vertical_slab
	at net.minecraft.world.level.storage.loot.predicates.LootItemBlockStatePropertyCondition$Serializer.m_81802_(LootItemBlockStatePropertyCondition.java:79) ~[server-1.20.1-20230612.114412-srg.jar%23563!/:?]
	at java.util.Optional.orElseThrow(Optional.java:403) ~[?:?]
	at net.minecraft.world.level.storage.loot.predicates.LootItemBlockStatePropertyCondition$Serializer.m_7561_(LootItemBlockStatePropertyCondition.java:79) ~[server-1.20.1-20230612.114412-srg.jar%23563!/:?]
	at net.minecraft.world.level.storage.loot.predicates.LootItemBlockStatePropertyCondition$Serializer.m_7561_(LootItemBlockStatePropertyCondition.java:68) ~[server-1.20.1-20230612.114412-srg.jar%23563!/:?]
	at net.minecraft.world.level.storage.loot.GsonAdapterFactory$JsonAdapter.deserialize(GsonAdapterFactory.java:102) ~[server-1.20.1-20230612.114412-srg.jar%23563!/:?]
	at com.google.gson.internal.bind.TreeTypeAdapter.read(TreeTypeAdapter.java:76) ~[gson-2.10.jar%2372!/:?]
	at com.google.gson.internal.bind.TypeAdapterRuntimeTypeWrapper.read(TypeAdapterRuntimeTypeWrapper.java:40) ~[gson-2.10.jar%2372!/:?]
	at com.google.gson.internal.bind.ArrayTypeAdapter.read(ArrayTypeAdapter.java:72) ~[gson-2.10.jar%2372!/:?]
	at com.google.gson.Gson.fromJson(Gson.java:1214) ~[gson-2.10.jar%2372!/:?]
	at com.google.gson.Gson.fromJson(Gson.java:1319) ~[gson-2.10.jar%2372!/:?]
	at com.google.gson.Gson.fromJson(Gson.java:1290) ~[gson-2.10.jar%2372!/:?]
	at com.google.gson.internal.bind.TreeTypeAdapter$GsonContextImpl.deserialize(TreeTypeAdapter.java:179) ~[gson-2.10.jar%2372!/:?]
	at net.minecraft.util.GsonHelper.m_13808_(GsonHelper.java:463) ~[server-1.20.1-20230612.114412-srg.jar%23563!/:?]
	at net.minecraft.util.GsonHelper.m_13845_(GsonHelper.java:481) ~[server-1.20.1-20230612.114412-srg.jar%23563!/:?]
	at net.minecraft.world.level.storage.loot.functions.LootItemConditionalFunction$Serializer.m_7561_(LootItemConditionalFunction.java:98) ~[server-1.20.1-20230612.114412-srg.jar%23563!/:?]
	at net.minecraft.world.level.storage.loot.functions.LootItemConditionalFunction$Serializer.m_7561_(LootItemConditionalFunction.java:88) ~[server-1.20.1-20230612.114412-srg.jar%23563!/:?]
	at net.minecraft.world.level.storage.loot.GsonAdapterFactory$JsonAdapter.deserialize(GsonAdapterFactory.java:102) ~[server-1.20.1-20230612.114412-srg.jar%23563!/:?]
	at com.google.gson.internal.bind.TreeTypeAdapter.read(TreeTypeAdapter.java:76) ~[gson-2.10.jar%2372!/:?]
	at com.google.gson.internal.bind.TypeAdapterRuntimeTypeWrapper.read(TypeAdapterRuntimeTypeWrapper.java:40) ~[gson-2.10.jar%2372!/:?]
	at com.google.gson.internal.bind.ArrayTypeAdapter.read(ArrayTypeAdapter.java:72) ~[gson-2.10.jar%2372!/:?]
	at com.google.gson.Gson.fromJson(Gson.java:1214) ~[gson-2.10.jar%2372!/:?]
	at com.google.gson.Gson.fromJson(Gson.java:1319) ~[gson-2.10.jar%2372!/:?]
	at com.google.gson.Gson.fromJson(Gson.java:1290) ~[gson-2.10.jar%2372!/:?]
	at com.google.gson.internal.bind.TreeTypeAdapter$GsonContextImpl.deserialize(TreeTypeAdapter.java:179) ~[gson-2.10.jar%2372!/:?]
	at net.minecraft.util.GsonHelper.m_13808_(GsonHelper.java:463) ~[server-1.20.1-20230612.114412-srg.jar%23563!/:?]
	at net.minecraft.util.GsonHelper.m_13845_(GsonHelper.java:481) ~[server-1.20.1-20230612.114412-srg.jar%23563!/:?]
	at net.minecraft.world.level.storage.loot.entries.LootPoolSingletonContainer$Serializer.m_5921_(LootPoolSingletonContainer.java:149) ~[server-1.20.1-20230612.114412-srg.jar%23563!/:?]
	at net.minecraft.world.level.storage.loot.entries.LootPoolSingletonContainer$Serializer.m_5921_(LootPoolSingletonContainer.java:129) ~[server-1.20.1-20230612.114412-srg.jar%23563!/:?]
	at net.minecraft.world.level.storage.loot.entries.LootPoolEntryContainer$Serializer.m_7561_(LootPoolEntryContainer.java:86) ~[server-1.20.1-20230612.114412-srg.jar%23563!/:?]
	at net.minecraft.world.level.storage.loot.entries.LootPoolEntryContainer$Serializer.m_7561_(LootPoolEntryContainer.java:74) ~[server-1.20.1-20230612.114412-srg.jar%23563!/:?]
	at net.minecraft.world.level.storage.loot.GsonAdapterFactory$JsonAdapter.deserialize(GsonAdapterFactory.java:102) ~[server-1.20.1-20230612.114412-srg.jar%23563!/:?]
	at com.google.gson.internal.bind.TreeTypeAdapter.read(TreeTypeAdapter.java:76) ~[gson-2.10.jar%2372!/:?]
	at com.google.gson.internal.bind.TypeAdapterRuntimeTypeWrapper.read(TypeAdapterRuntimeTypeWrapper.java:40) ~[gson-2.10.jar%2372!/:?]
	at com.google.gson.internal.bind.ArrayTypeAdapter.read(ArrayTypeAdapter.java:72) ~[gson-2.10.jar%2372!/:?]
	at com.google.gson.Gson.fromJson(Gson.java:1214) ~[gson-2.10.jar%2372!/:?]
	at com.google.gson.Gson.fromJson(Gson.java:1319) ~[gson-2.10.jar%2372!/:?]
	at com.google.gson.Gson.fromJson(Gson.java:1290) ~[gson-2.10.jar%2372!/:?]
	at com.google.gson.internal.bind.TreeTypeAdapter$GsonContextImpl.deserialize(TreeTypeAdapter.java:179) ~[gson-2.10.jar%2372!/:?]
	at net.minecraft.util.GsonHelper.m_13808_(GsonHelper.java:463) ~[server-1.20.1-20230612.114412-srg.jar%23563!/:?]
	at net.minecraft.util.GsonHelper.m_13836_(GsonHelper.java:471) ~[server-1.20.1-20230612.114412-srg.jar%23563!/:?]
	at net.minecraft.world.level.storage.loot.LootPool$Serializer.deserialize(LootPool.java:192) ~[server-1.20.1-20230612.114412-srg.jar%23563!/:?]
	at net.minecraft.world.level.storage.loot.LootPool$Serializer.deserialize(LootPool.java:189) ~[server-1.20.1-20230612.114412-srg.jar%23563!/:?]
	at com.google.gson.internal.bind.TreeTypeAdapter.read(TreeTypeAdapter.java:76) ~[gson-2.10.jar%2372!/:?]
	at com.google.gson.internal.bind.TypeAdapterRuntimeTypeWrapper.read(TypeAdapterRuntimeTypeWrapper.java:40) ~[gson-2.10.jar%2372!/:?]
	at com.google.gson.internal.bind.ArrayTypeAdapter.read(ArrayTypeAdapter.java:72) ~[gson-2.10.jar%2372!/:?]
	at com.google.gson.Gson.fromJson(Gson.java:1214) ~[gson-2.10.jar%2372!/:?]
	at com.google.gson.Gson.fromJson(Gson.java:1319) ~[gson-2.10.jar%2372!/:?]
	at com.google.gson.Gson.fromJson(Gson.java:1290) ~[gson-2.10.jar%2372!/:?]
	at com.google.gson.internal.bind.TreeTypeAdapter$GsonContextImpl.deserialize(TreeTypeAdapter.java:179) ~[gson-2.10.jar%2372!/:?]
	at net.minecraft.util.GsonHelper.m_13808_(GsonHelper.java:463) ~[server-1.20.1-20230612.114412-srg.jar%23563!/:?]
	at net.minecraft.util.GsonHelper.m_13845_(GsonHelper.java:481) ~[server-1.20.1-20230612.114412-srg.jar%23563!/:?]
	at net.minecraft.world.level.storage.loot.LootTable$Serializer.deserialize(LootTable.java:294) ~[server-1.20.1-20230612.114412-srg.jar%23563!/:?]
	at net.minecraft.world.level.storage.loot.LootTable$Serializer.deserialize(LootTable.java:291) ~[server-1.20.1-20230612.114412-srg.jar%23563!/:?]
	at com.google.gson.internal.bind.TreeTypeAdapter.read(TreeTypeAdapter.java:76) ~[gson-2.10.jar%2372!/:?]
	at com.google.gson.Gson.fromJson(Gson.java:1214) ~[gson-2.10.jar%2372!/:?]
	at com.google.gson.Gson.fromJson(Gson.java:1319) ~[gson-2.10.jar%2372!/:?]
	at com.google.gson.Gson.fromJson(Gson.java:1261) ~[gson-2.10.jar%2372!/:?]
	at net.minecraftforge.common.ForgeHooks.loadLootTable(ForgeHooks.java:871) ~[forge-1.20.1-47.3.7-universal.jar%23568!/:?]
	at net.minecraftforge.common.ForgeHooks.lambda$getLootTableDeserializer$3(ForgeHooks.java:848) ~[forge-1.20.1-47.3.7-universal.jar%23568!/:?]
	at net.minecraft.world.level.storage.loot.LootDataType.deserialize(LootDataType.java:45) ~[server-1.20.1-20230612.114412-srg.jar%23563!/:?]
	at net.minecraft.world.level.storage.loot.LootDataManager.lambda$scheduleElementParse$4(LootDataManager.java:56) ~[server-1.20.1-20230612.114412-srg.jar%23563!/:?]
	at java.util.HashMap.forEach(HashMap.java:1421) ~[?:?]
	at net.minecraft.world.level.storage.loot.LootDataManager.m_278660_(LootDataManager.java:55) ~[server-1.20.1-20230612.114412-srg.jar%23563!/:?]
	at java.util.concurrent.CompletableFuture$AsyncRun.run(CompletableFuture.java:1804) ~[?:?]
	at java.util.concurrent.CompletableFuture$AsyncRun.exec(CompletableFuture.java:1796) ~[?:?]
	at java.util.concurrent.ForkJoinTask.doExec(ForkJoinTask.java:373) ~[?:?]
	at java.util.concurrent.ForkJoinPool$WorkQueue.topLevelExec(ForkJoinPool.java:1182) ~[?:?]
	at java.util.concurrent.ForkJoinPool.scan(ForkJoinPool.java:1655) ~[?:?]
	at java.util.concurrent.ForkJoinPool.runWorker(ForkJoinPool.java:1622) ~[?:?]
	at java.util.concurrent.ForkJoinWorkerThread.run(ForkJoinWorkerThread.java:165) ~[?:?]
[03Aug2025 02:09:34.648] [Worker-Main-1/INFO] [K-Turrets/]: Checking witherstormmod:entities/sickened_villager loot table
[03Aug2025 02:09:34.649] [Worker-Main-1/INFO] [K-Turrets/]:    Including iron_ingot with random looting chance 0.008333334
[03Aug2025 02:09:34.649] [Worker-Main-1/INFO] [K-Turrets/]:    Including carrot with random looting chance 0.008333334
[03Aug2025 02:09:34.649] [Worker-Main-1/INFO] [K-Turrets/]:    Including potato with random looting chance 0.008333334
[03Aug2025 02:09:34.652] [Worker-Main-1/INFO] [K-Turrets/]: Checking minecraft:entities/panda loot table
[03Aug2025 02:09:34.654] [Worker-Main-1/INFO] [K-Turrets/]: Checking alexsmobs:entities/emu loot table
[03Aug2025 02:09:34.656] [Worker-Main-1/INFO] [K-Turrets/]: Checking alexsmobs:entities/skreecher loot table
[03Aug2025 02:09:34.657] [Worker-Main-1/INFO] [K-Turrets/]: Checking untamedwilds:entities/sawfish loot table
[03Aug2025 02:09:34.660] [main/WARN] [net.minecraft.world.level.storage.loot.LootDataManager/]: Datapack tried to redefine minecraft:empty loot table, ignoring
[03Aug2025 02:09:34.769] [main/WARN] [net.minecraft.world.level.storage.loot.LootDataManager/]: Found loot table element validation problem in {loot_tables:alexsmobs:gameplay/seal_reward}.pools[0].entries[0]->{minecraft:gameplay/fishing/junk}.pools[1].condition[1]: Parameters [<parameter minecraft:origin>] are not provided in this context
[03Aug2025 02:09:35.643] [main/INFO] [net.minecraft.world.item.crafting.RecipeManager/]: Skipping loading recipe toolbelt:pouch_upgrade_1_via_sewing as it's serializer returned null
[03Aug2025 02:09:35.742] [main/ERROR] [net.minecraft.world.item.crafting.RecipeManager/]: Parsing error loading recipe dramaticdoors:tall_chipped_modern_crimson_door Unknown item 'chipped:classic_windowed_crimson_door'
[03Aug2025 02:09:35.756] [main/ERROR] [net.minecraft.world.item.crafting.RecipeManager/]: Parsing error loading recipe dramaticdoors:tall_chipped_sliding_warped_door Unknown item 'chipped:sliding_warped_door'
[03Aug2025 02:09:35.782] [main/ERROR] [net.minecraft.world.item.crafting.RecipeManager/]: Parsing error loading recipe mobdropsrecipes_overworld:rotten_flesh Pattern references symbol 'S' but it's not defined in the key
[03Aug2025 02:09:35.883] [main/ERROR] [net.minecraft.world.item.crafting.RecipeManager/]: Parsing error loading recipe dramaticdoors:tall_chipped_modern_spruce_door Unknown item 'chipped:classic_windowed_spruce_door'
[03Aug2025 02:09:35.894] [main/INFO] [net.minecraft.world.item.crafting.RecipeManager/]: Skipping loading recipe supplementaries:inspirations/flag_clear as it's serializer returned null
[03Aug2025 02:09:35.896] [main/INFO] [net.minecraft.world.item.crafting.RecipeManager/]: Skipping loading recipe toolbelt:pouch_upgrade_6_via_sewing as it's serializer returned null
[03Aug2025 02:09:35.918] [main/INFO] [net.minecraft.world.item.crafting.RecipeManager/]: Skipping loading recipe toolbelt:pouch_via_sewing as it's serializer returned null
[03Aug2025 02:09:35.932] [main/ERROR] [net.minecraft.world.item.crafting.RecipeManager/]: Parsing error loading recipe dramaticdoors:tall_chipped_modern_mangrove_door Unknown item 'chipped:classic_windowed_mangrove_door'
[03Aug2025 02:09:36.002] [main/INFO] [net.minecraft.world.item.crafting.RecipeManager/]: Skipping loading recipe supplementaries:inspirations/blackboard_clear as it's serializer returned null
[03Aug2025 02:09:36.022] [main/ERROR] [net.minecraft.world.item.crafting.RecipeManager/]: Parsing error loading recipe dramaticdoors:tall_chipped_modern_jungle_door Unknown item 'chipped:classic_windowed_jungle_door'
[03Aug2025 02:09:36.052] [main/INFO] [net.minecraft.world.item.crafting.RecipeManager/]: Skipping loading recipe supplementaries:inspirations/flag_dye as it's serializer returned null
[03Aug2025 02:09:36.082] [main/INFO] [net.minecraft.world.item.crafting.RecipeManager/]: Skipping loading recipe toolbelt:pouch_upgrade_3_via_sewing as it's serializer returned null
[03Aug2025 02:09:36.088] [main/ERROR] [net.minecraft.world.item.crafting.RecipeManager/]: Parsing error loading recipe dramaticdoors:tall_chipped_modern_birch_door Unknown item 'chipped:classic_windowed_birch_door'
[03Aug2025 02:09:36.096] [main/INFO] [net.minecraft.world.item.crafting.RecipeManager/]: Skipping loading recipe toolbelt:pouch_upgrade_4_via_sewing as it's serializer returned null
[03Aug2025 02:09:36.104] [main/ERROR] [net.minecraft.world.item.crafting.RecipeManager/]: Parsing error loading recipe dramaticdoors:tall_chipped_modern_acacia_door Unknown item 'chipped:classic_windowed_acacia_door'
[03Aug2025 02:09:36.117] [main/INFO] [net.minecraft.world.item.crafting.RecipeManager/]: Skipping loading recipe toolbelt:pouch_upgrade_7_via_sewing as it's serializer returned null
[03Aug2025 02:09:36.133] [main/ERROR] [net.minecraft.world.item.crafting.RecipeManager/]: Parsing error loading recipe dramaticdoors:tall_chipped_screen_mangrove_door Unknown item 'chipped:screen_mangrove_door'
[03Aug2025 02:09:36.159] [main/ERROR] [net.minecraft.world.item.crafting.RecipeManager/]: Parsing error loading recipe dramaticdoors:tall_chipped_shack_mangrove_door Unknown item 'chipped:shack_mangrove_door'
[03Aug2025 02:09:36.174] [main/ERROR] [net.minecraft.world.item.crafting.RecipeManager/]: Parsing error loading recipe dramaticdoors:tall_chipped_tiled_mangrove_door Unknown item 'chipped:tiled_mangrove_door'
[03Aug2025 02:09:36.202] [main/INFO] [net.minecraft.world.item.crafting.RecipeManager/]: Skipping loading recipe toolbelt:pouch_upgrade_5_via_sewing as it's serializer returned null
[03Aug2025 02:09:36.213] [main/INFO] [net.minecraft.world.item.crafting.RecipeManager/]: Skipping loading recipe toolbelt:belt_via_sewing as it's serializer returned null
[03Aug2025 02:09:36.216] [main/ERROR] [net.minecraft.world.item.crafting.RecipeManager/]: Parsing error loading recipe dramaticdoors:tall_chipped_modern_warped_door Unknown item 'chipped:classic_windowed_warped_door'
[03Aug2025 02:09:36.226] [main/INFO] [net.minecraft.world.item.crafting.RecipeManager/]: Skipping loading recipe toolbelt:pouch_upgrade_2_via_sewing as it's serializer returned null
[03Aug2025 02:09:36.235] [main/ERROR] [net.minecraft.world.item.crafting.RecipeManager/]: Parsing error loading recipe dramaticdoors:tall_chipped_modern_dark_oak_door Unknown item 'chipped:classic_windowed_dark_oak_door'
[03Aug2025 02:09:36.252] [main/INFO] [net.minecraft.world.item.crafting.RecipeManager/]: Loaded 56 recipes
[03Aug2025 02:09:36.294] [main/ERROR] [net.minecraft.server.ServerAdvancementManager/]: Parsing error loading custom advancement dramaticdoors:recipes/redstone/tall_chipped_modern_warped_door: Unknown item id 'chipped:classic_windowed_warped_door'
[03Aug2025 02:09:36.297] [main/ERROR] [net.minecraft.server.ServerAdvancementManager/]: Parsing error loading custom advancement dramaticdoors:recipes/redstone/tall_chipped_sliding_warped_door: Unknown item id 'chipped:sliding_warped_door'
[03Aug2025 02:09:36.310] [main/ERROR] [net.minecraft.server.ServerAdvancementManager/]: Parsing error loading custom advancement overweight_farming:husbandry/unpeel_vegetables: Failed to parse 'location' field
[03Aug2025 02:09:36.311] [main/ERROR] [net.minecraft.server.ServerAdvancementManager/]: Parsing error loading custom advancement dramaticdoors:recipes/redstone/tall_chipped_screen_mangrove_door: Unknown item id 'chipped:screen_mangrove_door'
[03Aug2025 02:09:36.315] [main/ERROR] [net.minecraft.server.ServerAdvancementManager/]: Parsing error loading custom advancement dramaticdoors:recipes/redstone/tall_chipped_modern_spruce_door: Unknown item id 'chipped:classic_windowed_spruce_door'
[03Aug2025 02:09:36.335] [main/ERROR] [net.minecraft.server.ServerAdvancementManager/]: Parsing error loading custom advancement dramaticdoors:recipes/redstone/tall_chipped_modern_mangrove_door: Unknown item id 'chipped:classic_windowed_mangrove_door'
[03Aug2025 02:09:36.380] [main/ERROR] [net.minecraft.server.ServerAdvancementManager/]: Parsing error loading custom advancement dramaticdoors:recipes/redstone/tall_chipped_modern_birch_door: Unknown item id 'chipped:classic_windowed_birch_door'
[03Aug2025 02:09:36.397] [main/ERROR] [net.minecraft.server.ServerAdvancementManager/]: Parsing error loading custom advancement dramaticdoors:recipes/redstone/tall_chipped_shack_mangrove_door: Unknown item id 'chipped:shack_mangrove_door'
[03Aug2025 02:09:36.424] [main/ERROR] [net.minecraft.server.ServerAdvancementManager/]: Parsing error loading custom advancement overweight_farming:husbandry/peel_overweight_onion: Failed to parse 'location' field
[03Aug2025 02:09:36.432] [main/ERROR] [net.minecraft.server.ServerAdvancementManager/]: Parsing error loading custom advancement dramaticdoors:recipes/redstone/tall_chipped_tiled_mangrove_door: Unknown item id 'chipped:tiled_mangrove_door'
[03Aug2025 02:09:36.438] [main/ERROR] [net.minecraft.server.ServerAdvancementManager/]: Parsing error loading custom advancement dramaticdoors:recipes/redstone/tall_chipped_modern_dark_oak_door: Unknown item id 'chipped:classic_windowed_dark_oak_door'
[03Aug2025 02:09:36.449] [main/ERROR] [net.minecraft.server.ServerAdvancementManager/]: Parsing error loading custom advancement dramaticdoors:recipes/redstone/tall_chipped_modern_jungle_door: Unknown item id 'chipped:classic_windowed_jungle_door'
[03Aug2025 02:09:36.483] [main/ERROR] [net.minecraft.server.ServerAdvancementManager/]: Parsing error loading custom advancement dramaticdoors:recipes/redstone/tall_chipped_modern_acacia_door: Unknown item id 'chipped:classic_windowed_acacia_door'
[03Aug2025 02:09:36.510] [main/ERROR] [net.minecraft.server.ServerAdvancementManager/]: Parsing error loading custom advancement dramaticdoors:recipes/redstone/tall_chipped_modern_crimson_door: Unknown item id 'chipped:classic_windowed_crimson_door'
[03Aug2025 02:09:36.550] [main/INFO] [net.minecraft.advancements.AdvancementList/]: Loaded 9754 advancements
[03Aug2025 02:09:36.564] [main/INFO] [placebo/]: Registered 0 additional recipes.
[03Aug2025 02:09:36.588] [main/INFO] [top.theillusivec4.curios.Curios/]: Loaded 13 curio slots
[03Aug2025 02:09:36.603] [main/INFO] [top.theillusivec4.curios.Curios/]: Loaded 11 curio entities
[03Aug2025 02:09:36.612] [main/WARN] [net.minecraftforge.common.loot.LootModifierManager/]: Could not decode GlobalLootModifier with json id bygonenether:soul_stone_from_block - error: Unknown registry key in ResourceKey[minecraft:root / forge:global_loot_modifier_serializers]: bygonenether:replace_item
[03Aug2025 02:09:36.612] [main/WARN] [net.minecraftforge.common.loot.LootModifierManager/]: Could not decode GlobalLootModifier with json id bygonenether:soul_stone_in_catacombs - error: Unknown registry key in ResourceKey[minecraft:root / forge:global_loot_modifier_serializers]: bygonenether:replace_item
[03Aug2025 02:09:36.615] [main/INFO] [untamedwilds.UntamedWilds/]: Beginning loading of data for data loader: spawn_tables
[03Aug2025 02:09:36.616] [main/INFO] [untamedwilds.UntamedWilds/]: Data loader for spawn_tables loaded 8 jsons
[03Aug2025 02:09:36.616] [main/INFO] [untamedwilds.UntamedWilds/]: Beginning loading of data for data loader: entities
[03Aug2025 02:09:36.626] [main/INFO] [untamedwilds.UntamedWilds/]: Data loader for entities loaded 39 jsons
[03Aug2025 02:09:36.634] [main/INFO] [com.lootintegrations.LootintegrationsMod/]: Parsing loot modifiers for:lootintegrations:yung_dungeonloot_nether with loottable: lootintegrations:chests/nether
[03Aug2025 02:09:36.634] [main/INFO] [com.lootintegrations.LootintegrationsMod/]: Parsing loot modifiers for:lootintegrations:yung_dungeonloot_medium with loottable: lootintegrations:chests/medium
[03Aug2025 02:09:36.635] [main/INFO] [com.lootintegrations.LootintegrationsMod/]: Parsing loot modifiers for:lootintegrations:yung_villageloot_house with loottable: lootintegrations:chests/village
[03Aug2025 02:09:36.635] [main/INFO] [com.lootintegrations.LootintegrationsMod/]: Parsing loot modifiers for:lootintegrations:yung_dungeonloot_water with loottable: lootintegrations:chests/water
[03Aug2025 02:09:36.635] [main/INFO] [com.lootintegrations.LootintegrationsMod/]: Parsing loot modifiers for:lootintegrations:yung_dungeonloot_easy with loottable: lootintegrations:chests/easy
[03Aug2025 02:09:36.635] [main/INFO] [com.lootintegrations.LootintegrationsMod/]: Parsing loot modifiers for:lootintegrations:dungeonloot_no_overflow with loottable: minecraft:chests/simple_dungeon
[03Aug2025 02:09:36.755] [main/INFO] [Supplementaries/]: Loaded 27 flute songs
[03Aug2025 02:09:36.769] [main/INFO] [Dungeon Crawl/]: Loading data...
[03Aug2025 02:09:36.991] [main/INFO] [Dungeon Crawl/]: Done.
[03Aug2025 02:09:37.023] [main/INFO] [com.brutalbosses.BrutalBosses/]: Loaded boss variant for: minecraft:drowned
[03Aug2025 02:09:37.023] [main/INFO] [com.brutalbosses.BrutalBosses/]: Loaded boss variant for: minecraft:iron_golem
[03Aug2025 02:09:37.023] [main/INFO] [com.brutalbosses.BrutalBosses/]: Loaded boss variant for: minecraft:snow_golem
[03Aug2025 02:09:37.024] [main/INFO] [com.brutalbosses.BrutalBosses/]: Loaded boss variant for: minecraft:zombie
[03Aug2025 02:09:37.024] [main/INFO] [com.brutalbosses.BrutalBosses/]: Loaded boss variant for: minecraft:skeleton
[03Aug2025 02:09:37.024] [main/INFO] [com.brutalbosses.BrutalBosses/]: Loaded boss variant for: minecraft:pillager
[03Aug2025 02:09:37.024] [main/INFO] [com.brutalbosses.BrutalBosses/]: Loaded boss variant for: minecraft:vex
[03Aug2025 02:09:37.024] [main/INFO] [com.brutalbosses.BrutalBosses/]: Loaded boss variant for: minecraft:evoker
[03Aug2025 02:09:37.024] [main/INFO] [com.brutalbosses.BrutalBosses/]: Loaded boss variant for: minecraft:zombie
[03Aug2025 02:09:37.025] [main/INFO] [com.brutalbosses.BrutalBosses/]: Loaded boss variant for: minecraft:vindicator
[03Aug2025 02:09:37.025] [main/INFO] [com.brutalbosses.BrutalBosses/]: Loaded boss variant for: minecraft:wither_skeleton
[03Aug2025 02:09:37.025] [main/INFO] [com.brutalbosses.BrutalBosses/]: Loaded boss variant for: minecraft:wither_skeleton
[03Aug2025 02:09:37.025] [main/INFO] [com.brutalbosses.BrutalBosses/]: Loaded boss variant for: minecraft:cave_spider
[03Aug2025 02:09:37.025] [main/INFO] [com.brutalbosses.BrutalBosses/]: Loaded boss variant for: minecraft:zombie
[03Aug2025 02:09:37.025] [main/INFO] [com.brutalbosses.BrutalBosses/]: Loaded boss variant for: minecraft:husk
[03Aug2025 02:09:37.025] [main/INFO] [com.brutalbosses.BrutalBosses/]: Loaded boss variant for: minecraft:evoker
[03Aug2025 02:09:37.025] [main/INFO] [com.brutalbosses.BrutalBosses/]: Loaded boss variant for: minecraft:wandering_trader
[03Aug2025 02:09:37.025] [main/INFO] [com.brutalbosses.BrutalBosses/]: Loaded boss variant for: minecraft:guardian
[03Aug2025 02:09:37.025] [main/INFO] [com.brutalbosses.BrutalBosses/]: Loaded boss variant for: minecraft:vindicator
[03Aug2025 02:09:37.025] [main/INFO] [com.brutalbosses.BrutalBosses/]: Loaded boss variant for: minecraft:shulker
[03Aug2025 02:09:37.025] [main/INFO] [com.brutalbosses.BrutalBosses/]: Loaded boss variant for: minecraft:zoglin
[03Aug2025 02:09:37.025] [main/INFO] [com.brutalbosses.BrutalBosses/]: Loaded boss variant for: minecraft:chicken
[03Aug2025 02:09:37.025] [main/INFO] [com.brutalbosses.BrutalBosses/]: Loaded boss variant for: minecraft:blaze
[03Aug2025 02:09:37.025] [main/INFO] [com.brutalbosses.BrutalBosses/]: Loaded boss variant for: minecraft:witch
[03Aug2025 02:09:37.025] [main/INFO] [com.brutalbosses.BrutalBosses/]: Loaded boss variant for: minecraft:phantom
[03Aug2025 02:09:37.025] [main/INFO] [com.brutalbosses.BrutalBosses/]: Loaded boss variant for: minecraft:mooshroom
[03Aug2025 02:09:37.025] [main/INFO] [com.brutalbosses.BrutalBosses/]: Loaded boss variant for: minecraft:rabbit
[03Aug2025 02:09:37.026] [main/INFO] [com.brutalbosses.BrutalBosses/]: Loaded boss variant for: minecraft:piglin_brute
[03Aug2025 02:09:37.026] [main/INFO] [com.brutalbosses.BrutalBosses/]: Loaded boss variant for: minecraft:ghast
[03Aug2025 02:09:37.026] [main/INFO] [com.brutalbosses.BrutalBosses/]: Loaded boss variant for: minecraft:stray
[03Aug2025 02:09:37.060] [main/INFO] [placebo/]: Registered 0 gear_sets.
[03Aug2025 02:09:38.009] [main/ERROR] [net.minecraftforge.fml.loading.RuntimeDistCleaner/DISTXFORM]: Attempted to load class net/minecraft/client/renderer/RenderType for invalid dist DEDICATED_SERVER
[03Aug2025 02:09:38.009] [main/WARN] [Radium Class Analysis/]: Radium Class Analysis Error: Class net.darkhax.darkutilities.features.filters.BlockEntityFilter cannot be analysed, because getting declared methods crashes with RuntimeException: Attempted to load class net/minecraft/client/renderer/RenderType for invalid dist DEDICATED_SERVER. This is usually caused by modded entities declaring methods that have a return type or parameter type that is annotated with @OnlyIn(Dist.CLIENT). Loading the type is not possible, because it only exists in the CLIENT environment. The recommended fix is to annotate the method with this argument or return type with the same annotation. Lithium handles this error by assuming the class cannot be included in some optimizations.
[03Aug2025 02:09:38.010] [main/ERROR] [net.minecraftforge.fml.loading.RuntimeDistCleaner/DISTXFORM]: Attempted to load class net/minecraft/client/renderer/RenderType for invalid dist DEDICATED_SERVER
[03Aug2025 02:09:38.010] [main/WARN] [Radium Class Analysis/]: Radium Class Analysis Error: Class net.darkhax.darkutilities.features.filters.BlockEntityFilter cannot be analysed, because getting declared methods crashes with RuntimeException: Attempted to load class net/minecraft/client/renderer/RenderType for invalid dist DEDICATED_SERVER. This is usually caused by modded entities declaring methods that have a return type or parameter type that is annotated with @OnlyIn(Dist.CLIENT). Loading the type is not possible, because it only exists in the CLIENT environment. The recommended fix is to annotate the method with this argument or return type with the same annotation. Lithium handles this error by assuming the class cannot be included in some optimizations.
[03Aug2025 02:09:38.011] [main/ERROR] [net.minecraftforge.fml.loading.RuntimeDistCleaner/DISTXFORM]: Attempted to load class net/minecraft/client/renderer/RenderType for invalid dist DEDICATED_SERVER
[03Aug2025 02:09:38.011] [main/WARN] [Radium Class Analysis/]: Radium Class Analysis Error: Class net.darkhax.darkutilities.features.filters.BlockEntityFilter cannot be analysed, because getting declared methods crashes with RuntimeException: Attempted to load class net/minecraft/client/renderer/RenderType for invalid dist DEDICATED_SERVER. This is usually caused by modded entities declaring methods that have a return type or parameter type that is annotated with @OnlyIn(Dist.CLIENT). Loading the type is not possible, because it only exists in the CLIENT environment. The recommended fix is to annotate the method with this argument or return type with the same annotation. Lithium handles this error by assuming the class cannot be included in some optimizations.
[03Aug2025 02:09:38.012] [main/ERROR] [net.minecraftforge.fml.loading.RuntimeDistCleaner/DISTXFORM]: Attempted to load class net/minecraft/client/renderer/RenderType for invalid dist DEDICATED_SERVER
[03Aug2025 02:09:38.012] [main/WARN] [Radium Class Analysis/]: Radium Class Analysis Error: Class net.darkhax.darkutilities.features.filters.BlockEntityFilter cannot be analysed, because getting declared methods crashes with RuntimeException: Attempted to load class net/minecraft/client/renderer/RenderType for invalid dist DEDICATED_SERVER. This is usually caused by modded entities declaring methods that have a return type or parameter type that is annotated with @OnlyIn(Dist.CLIENT). Loading the type is not possible, because it only exists in the CLIENT environment. The recommended fix is to annotate the method with this argument or return type with the same annotation. Lithium handles this error by assuming the class cannot be included in some optimizations.
[03Aug2025 02:09:38.012] [main/ERROR] [net.minecraftforge.fml.loading.RuntimeDistCleaner/DISTXFORM]: Attempted to load class net/minecraft/client/renderer/RenderType for invalid dist DEDICATED_SERVER
[03Aug2025 02:09:38.013] [main/WARN] [Radium Class Analysis/]: Radium Class Analysis Error: Class net.darkhax.darkutilities.features.filters.BlockEntityFilter cannot be analysed, because getting declared methods crashes with RuntimeException: Attempted to load class net/minecraft/client/renderer/RenderType for invalid dist DEDICATED_SERVER. This is usually caused by modded entities declaring methods that have a return type or parameter type that is annotated with @OnlyIn(Dist.CLIENT). Loading the type is not possible, because it only exists in the CLIENT environment. The recommended fix is to annotate the method with this argument or return type with the same annotation. Lithium handles this error by assuming the class cannot be included in some optimizations.
[03Aug2025 02:09:38.013] [main/ERROR] [net.minecraftforge.fml.loading.RuntimeDistCleaner/DISTXFORM]: Attempted to load class net/minecraft/client/renderer/RenderType for invalid dist DEDICATED_SERVER
[03Aug2025 02:09:38.013] [main/WARN] [Radium Class Analysis/]: Radium Class Analysis Error: Class net.darkhax.darkutilities.features.filters.BlockEntityFilter cannot be analysed, because getting declared methods crashes with RuntimeException: Attempted to load class net/minecraft/client/renderer/RenderType for invalid dist DEDICATED_SERVER. This is usually caused by modded entities declaring methods that have a return type or parameter type that is annotated with @OnlyIn(Dist.CLIENT). Loading the type is not possible, because it only exists in the CLIENT environment. The recommended fix is to annotate the method with this argument or return type with the same annotation. Lithium handles this error by assuming the class cannot be included in some optimizations.
[03Aug2025 02:09:38.014] [main/ERROR] [net.minecraftforge.fml.loading.RuntimeDistCleaner/DISTXFORM]: Attempted to load class net/minecraft/client/renderer/RenderType for invalid dist DEDICATED_SERVER
[03Aug2025 02:09:38.014] [main/WARN] [Radium Class Analysis/]: Radium Class Analysis Error: Class net.darkhax.darkutilities.features.filters.BlockEntityFilter cannot be analysed, because getting declared methods crashes with RuntimeException: Attempted to load class net/minecraft/client/renderer/RenderType for invalid dist DEDICATED_SERVER. This is usually caused by modded entities declaring methods that have a return type or parameter type that is annotated with @OnlyIn(Dist.CLIENT). Loading the type is not possible, because it only exists in the CLIENT environment. The recommended fix is to annotate the method with this argument or return type with the same annotation. Lithium handles this error by assuming the class cannot be included in some optimizations.
[03Aug2025 02:09:38.015] [main/ERROR] [net.minecraftforge.fml.loading.RuntimeDistCleaner/DISTXFORM]: Attempted to load class net/minecraft/client/renderer/RenderType for invalid dist DEDICATED_SERVER
[03Aug2025 02:09:38.015] [main/WARN] [Radium Class Analysis/]: Radium Class Analysis Error: Class net.darkhax.darkutilities.features.filters.BlockEntityFilter cannot be analysed, because getting declared methods crashes with RuntimeException: Attempted to load class net/minecraft/client/renderer/RenderType for invalid dist DEDICATED_SERVER. This is usually caused by modded entities declaring methods that have a return type or parameter type that is annotated with @OnlyIn(Dist.CLIENT). Loading the type is not possible, because it only exists in the CLIENT environment. The recommended fix is to annotate the method with this argument or return type with the same annotation. Lithium handles this error by assuming the class cannot be included in some optimizations.
[03Aug2025 02:09:38.015] [main/ERROR] [net.minecraftforge.fml.loading.RuntimeDistCleaner/DISTXFORM]: Attempted to load class net/minecraft/client/renderer/RenderType for invalid dist DEDICATED_SERVER
[03Aug2025 02:09:38.016] [main/WARN] [Radium Class Analysis/]: Radium Class Analysis Error: Class net.darkhax.darkutilities.features.filters.BlockEntityFilter cannot be analysed, because getting declared methods crashes with RuntimeException: Attempted to load class net/minecraft/client/renderer/RenderType for invalid dist DEDICATED_SERVER. This is usually caused by modded entities declaring methods that have a return type or parameter type that is annotated with @OnlyIn(Dist.CLIENT). Loading the type is not possible, because it only exists in the CLIENT environment. The recommended fix is to annotate the method with this argument or return type with the same annotation. Lithium handles this error by assuming the class cannot be included in some optimizations.
[03Aug2025 02:09:38.016] [main/ERROR] [net.minecraftforge.fml.loading.RuntimeDistCleaner/DISTXFORM]: Attempted to load class net/minecraft/client/renderer/RenderType for invalid dist DEDICATED_SERVER
[03Aug2025 02:09:38.017] [main/WARN] [Radium Class Analysis/]: Radium Class Analysis Error: Class net.darkhax.darkutilities.features.filters.BlockEntityFilter cannot be analysed, because getting declared methods crashes with RuntimeException: Attempted to load class net/minecraft/client/renderer/RenderType for invalid dist DEDICATED_SERVER. This is usually caused by modded entities declaring methods that have a return type or parameter type that is annotated with @OnlyIn(Dist.CLIENT). Loading the type is not possible, because it only exists in the CLIENT environment. The recommended fix is to annotate the method with this argument or return type with the same annotation. Lithium handles this error by assuming the class cannot be included in some optimizations.
[03Aug2025 02:09:38.017] [main/ERROR] [net.minecraftforge.fml.loading.RuntimeDistCleaner/DISTXFORM]: Attempted to load class net/minecraft/client/renderer/RenderType for invalid dist DEDICATED_SERVER
[03Aug2025 02:09:38.018] [main/WARN] [Radium Class Analysis/]: Radium Class Analysis Error: Class net.darkhax.darkutilities.features.filters.BlockEntityFilter cannot be analysed, because getting declared methods crashes with RuntimeException: Attempted to load class net/minecraft/client/renderer/RenderType for invalid dist DEDICATED_SERVER. This is usually caused by modded entities declaring methods that have a return type or parameter type that is annotated with @OnlyIn(Dist.CLIENT). Loading the type is not possible, because it only exists in the CLIENT environment. The recommended fix is to annotate the method with this argument or return type with the same annotation. Lithium handles this error by assuming the class cannot be included in some optimizations.
[03Aug2025 02:09:38.019] [main/ERROR] [net.minecraftforge.fml.loading.RuntimeDistCleaner/DISTXFORM]: Attempted to load class net/minecraft/client/renderer/RenderType for invalid dist DEDICATED_SERVER
[03Aug2025 02:09:38.019] [main/WARN] [Radium Class Analysis/]: Radium Class Analysis Error: Class net.darkhax.darkutilities.features.filters.BlockEntityFilter cannot be analysed, because getting declared methods crashes with RuntimeException: Attempted to load class net/minecraft/client/renderer/RenderType for invalid dist DEDICATED_SERVER. This is usually caused by modded entities declaring methods that have a return type or parameter type that is annotated with @OnlyIn(Dist.CLIENT). Loading the type is not possible, because it only exists in the CLIENT environment. The recommended fix is to annotate the method with this argument or return type with the same annotation. Lithium handles this error by assuming the class cannot be included in some optimizations.
[03Aug2025 02:09:38.020] [main/ERROR] [net.minecraftforge.fml.loading.RuntimeDistCleaner/DISTXFORM]: Attempted to load class net/minecraft/client/renderer/RenderType for invalid dist DEDICATED_SERVER
[03Aug2025 02:09:38.020] [main/WARN] [Radium Class Analysis/]: Radium Class Analysis Error: Class net.darkhax.darkutilities.features.filters.BlockEntityFilter cannot be analysed, because getting declared methods crashes with RuntimeException: Attempted to load class net/minecraft/client/renderer/RenderType for invalid dist DEDICATED_SERVER. This is usually caused by modded entities declaring methods that have a return type or parameter type that is annotated with @OnlyIn(Dist.CLIENT). Loading the type is not possible, because it only exists in the CLIENT environment. The recommended fix is to annotate the method with this argument or return type with the same annotation. Lithium handles this error by assuming the class cannot be included in some optimizations.
[03Aug2025 02:09:38.021] [main/ERROR] [net.minecraftforge.fml.loading.RuntimeDistCleaner/DISTXFORM]: Attempted to load class net/minecraft/client/renderer/RenderType for invalid dist DEDICATED_SERVER
[03Aug2025 02:09:38.021] [main/WARN] [Radium Class Analysis/]: Radium Class Analysis Error: Class net.darkhax.darkutilities.features.filters.BlockEntityFilter cannot be analysed, because getting declared methods crashes with RuntimeException: Attempted to load class net/minecraft/client/renderer/RenderType for invalid dist DEDICATED_SERVER. This is usually caused by modded entities declaring methods that have a return type or parameter type that is annotated with @OnlyIn(Dist.CLIENT). Loading the type is not possible, because it only exists in the CLIENT environment. The recommended fix is to annotate the method with this argument or return type with the same annotation. Lithium handles this error by assuming the class cannot be included in some optimizations.
[03Aug2025 02:09:38.022] [main/ERROR] [net.minecraftforge.fml.loading.RuntimeDistCleaner/DISTXFORM]: Attempted to load class net/minecraft/client/renderer/RenderType for invalid dist DEDICATED_SERVER
[03Aug2025 02:09:38.022] [main/WARN] [Radium Class Analysis/]: Radium Class Analysis Error: Class net.darkhax.darkutilities.features.filters.BlockEntityFilter cannot be analysed, because getting declared methods crashes with RuntimeException: Attempted to load class net/minecraft/client/renderer/RenderType for invalid dist DEDICATED_SERVER. This is usually caused by modded entities declaring methods that have a return type or parameter type that is annotated with @OnlyIn(Dist.CLIENT). Loading the type is not possible, because it only exists in the CLIENT environment. The recommended fix is to annotate the method with this argument or return type with the same annotation. Lithium handles this error by assuming the class cannot be included in some optimizations.
[03Aug2025 02:09:38.022] [main/ERROR] [net.minecraftforge.fml.loading.RuntimeDistCleaner/DISTXFORM]: Attempted to load class net/minecraft/client/renderer/RenderType for invalid dist DEDICATED_SERVER
[03Aug2025 02:09:38.023] [main/WARN] [Radium Class Analysis/]: Radium Class Analysis Error: Class net.darkhax.darkutilities.features.filters.BlockEntityFilter cannot be analysed, because getting declared methods crashes with RuntimeException: Attempted to load class net/minecraft/client/renderer/RenderType for invalid dist DEDICATED_SERVER. This is usually caused by modded entities declaring methods that have a return type or parameter type that is annotated with @OnlyIn(Dist.CLIENT). Loading the type is not possible, because it only exists in the CLIENT environment. The recommended fix is to annotate the method with this argument or return type with the same annotation. Lithium handles this error by assuming the class cannot be included in some optimizations.
[03Aug2025 02:09:38.025] [main/ERROR] [net.minecraftforge.fml.loading.RuntimeDistCleaner/DISTXFORM]: Attempted to load class net/minecraft/client/renderer/RenderType for invalid dist DEDICATED_SERVER
[03Aug2025 02:09:38.025] [main/WARN] [Radium Class Analysis/]: Radium Class Analysis Error: Class net.darkhax.darkutilities.features.filters.BlockEntityFilter cannot be analysed, because getting declared methods crashes with RuntimeException: Attempted to load class net/minecraft/client/renderer/RenderType for invalid dist DEDICATED_SERVER. This is usually caused by modded entities declaring methods that have a return type or parameter type that is annotated with @OnlyIn(Dist.CLIENT). Loading the type is not possible, because it only exists in the CLIENT environment. The recommended fix is to annotate the method with this argument or return type with the same annotation. Lithium handles this error by assuming the class cannot be included in some optimizations.
[03Aug2025 02:09:38.026] [main/ERROR] [net.minecraftforge.fml.loading.RuntimeDistCleaner/DISTXFORM]: Attempted to load class net/minecraft/client/renderer/RenderType for invalid dist DEDICATED_SERVER
[03Aug2025 02:09:38.026] [main/WARN] [Radium Class Analysis/]: Radium Class Analysis Error: Class net.darkhax.darkutilities.features.filters.BlockEntityFilter cannot be analysed, because getting declared methods crashes with RuntimeException: Attempted to load class net/minecraft/client/renderer/RenderType for invalid dist DEDICATED_SERVER. This is usually caused by modded entities declaring methods that have a return type or parameter type that is annotated with @OnlyIn(Dist.CLIENT). Loading the type is not possible, because it only exists in the CLIENT environment. The recommended fix is to annotate the method with this argument or return type with the same annotation. Lithium handles this error by assuming the class cannot be included in some optimizations.
[03Aug2025 02:09:38.027] [main/ERROR] [net.minecraftforge.fml.loading.RuntimeDistCleaner/DISTXFORM]: Attempted to load class net/minecraft/client/renderer/RenderType for invalid dist DEDICATED_SERVER
[03Aug2025 02:09:38.027] [main/WARN] [Radium Class Analysis/]: Radium Class Analysis Error: Class net.darkhax.darkutilities.features.filters.BlockEntityFilter cannot be analysed, because getting declared methods crashes with RuntimeException: Attempted to load class net/minecraft/client/renderer/RenderType for invalid dist DEDICATED_SERVER. This is usually caused by modded entities declaring methods that have a return type or parameter type that is annotated with @OnlyIn(Dist.CLIENT). Loading the type is not possible, because it only exists in the CLIENT environment. The recommended fix is to annotate the method with this argument or return type with the same annotation. Lithium handles this error by assuming the class cannot be included in some optimizations.
[03Aug2025 02:09:38.028] [main/ERROR] [net.minecraftforge.fml.loading.RuntimeDistCleaner/DISTXFORM]: Attempted to load class net/minecraft/client/renderer/RenderType for invalid dist DEDICATED_SERVER
[03Aug2025 02:09:38.028] [main/WARN] [Radium Class Analysis/]: Radium Class Analysis Error: Class net.darkhax.darkutilities.features.filters.BlockEntityFilter cannot be analysed, because getting declared methods crashes with RuntimeException: Attempted to load class net/minecraft/client/renderer/RenderType for invalid dist DEDICATED_SERVER. This is usually caused by modded entities declaring methods that have a return type or parameter type that is annotated with @OnlyIn(Dist.CLIENT). Loading the type is not possible, because it only exists in the CLIENT environment. The recommended fix is to annotate the method with this argument or return type with the same annotation. Lithium handles this error by assuming the class cannot be included in some optimizations.
[03Aug2025 02:09:38.029] [main/ERROR] [net.minecraftforge.fml.loading.RuntimeDistCleaner/DISTXFORM]: Attempted to load class net/minecraft/client/renderer/RenderType for invalid dist DEDICATED_SERVER
[03Aug2025 02:09:38.029] [main/WARN] [Radium Class Analysis/]: Radium Class Analysis Error: Class net.darkhax.darkutilities.features.filters.BlockEntityFilter cannot be analysed, because getting declared methods crashes with RuntimeException: Attempted to load class net/minecraft/client/renderer/RenderType for invalid dist DEDICATED_SERVER. This is usually caused by modded entities declaring methods that have a return type or parameter type that is annotated with @OnlyIn(Dist.CLIENT). Loading the type is not possible, because it only exists in the CLIENT environment. The recommended fix is to annotate the method with this argument or return type with the same annotation. Lithium handles this error by assuming the class cannot be included in some optimizations.
[03Aug2025 02:09:38.030] [main/ERROR] [net.minecraftforge.fml.loading.RuntimeDistCleaner/DISTXFORM]: Attempted to load class net/minecraft/client/renderer/RenderType for invalid dist DEDICATED_SERVER
[03Aug2025 02:09:38.030] [main/WARN] [Radium Class Analysis/]: Radium Class Analysis Error: Class net.darkhax.darkutilities.features.filters.BlockEntityFilter cannot be analysed, because getting declared methods crashes with RuntimeException: Attempted to load class net/minecraft/client/renderer/RenderType for invalid dist DEDICATED_SERVER. This is usually caused by modded entities declaring methods that have a return type or parameter type that is annotated with @OnlyIn(Dist.CLIENT). Loading the type is not possible, because it only exists in the CLIENT environment. The recommended fix is to annotate the method with this argument or return type with the same annotation. Lithium handles this error by assuming the class cannot be included in some optimizations.
[03Aug2025 02:09:38.031] [main/ERROR] [net.minecraftforge.fml.loading.RuntimeDistCleaner/DISTXFORM]: Attempted to load class net/minecraft/client/renderer/RenderType for invalid dist DEDICATED_SERVER
[03Aug2025 02:09:38.031] [main/WARN] [Radium Class Analysis/]: Radium Class Analysis Error: Class net.darkhax.darkutilities.features.filters.BlockEntityFilter cannot be analysed, because getting declared methods crashes with RuntimeException: Attempted to load class net/minecraft/client/renderer/RenderType for invalid dist DEDICATED_SERVER. This is usually caused by modded entities declaring methods that have a return type or parameter type that is annotated with @OnlyIn(Dist.CLIENT). Loading the type is not possible, because it only exists in the CLIENT environment. The recommended fix is to annotate the method with this argument or return type with the same annotation. Lithium handles this error by assuming the class cannot be included in some optimizations.
[03Aug2025 02:09:38.032] [main/ERROR] [net.minecraftforge.fml.loading.RuntimeDistCleaner/DISTXFORM]: Attempted to load class net/minecraft/client/renderer/RenderType for invalid dist DEDICATED_SERVER
[03Aug2025 02:09:38.032] [main/WARN] [Radium Class Analysis/]: Radium Class Analysis Error: Class net.darkhax.darkutilities.features.filters.BlockEntityFilter cannot be analysed, because getting declared methods crashes with RuntimeException: Attempted to load class net/minecraft/client/renderer/RenderType for invalid dist DEDICATED_SERVER. This is usually caused by modded entities declaring methods that have a return type or parameter type that is annotated with @OnlyIn(Dist.CLIENT). Loading the type is not possible, because it only exists in the CLIENT environment. The recommended fix is to annotate the method with this argument or return type with the same annotation. Lithium handles this error by assuming the class cannot be included in some optimizations.
[03Aug2025 02:09:38.033] [main/ERROR] [net.minecraftforge.fml.loading.RuntimeDistCleaner/DISTXFORM]: Attempted to load class net/minecraft/client/renderer/RenderType for invalid dist DEDICATED_SERVER
[03Aug2025 02:09:38.033] [main/WARN] [Radium Class Analysis/]: Radium Class Analysis Error: Class net.darkhax.darkutilities.features.filters.BlockEntityFilter cannot be analysed, because getting declared methods crashes with RuntimeException: Attempted to load class net/minecraft/client/renderer/RenderType for invalid dist DEDICATED_SERVER. This is usually caused by modded entities declaring methods that have a return type or parameter type that is annotated with @OnlyIn(Dist.CLIENT). Loading the type is not possible, because it only exists in the CLIENT environment. The recommended fix is to annotate the method with this argument or return type with the same annotation. Lithium handles this error by assuming the class cannot be included in some optimizations.
[03Aug2025 02:09:38.034] [main/ERROR] [net.minecraftforge.fml.loading.RuntimeDistCleaner/DISTXFORM]: Attempted to load class net/minecraft/client/renderer/RenderType for invalid dist DEDICATED_SERVER
[03Aug2025 02:09:38.034] [main/WARN] [Radium Class Analysis/]: Radium Class Analysis Error: Class net.darkhax.darkutilities.features.filters.BlockEntityFilter cannot be analysed, because getting declared methods crashes with RuntimeException: Attempted to load class net/minecraft/client/renderer/RenderType for invalid dist DEDICATED_SERVER. This is usually caused by modded entities declaring methods that have a return type or parameter type that is annotated with @OnlyIn(Dist.CLIENT). Loading the type is not possible, because it only exists in the CLIENT environment. The recommended fix is to annotate the method with this argument or return type with the same annotation. Lithium handles this error by assuming the class cannot be included in some optimizations.
[03Aug2025 02:09:38.034] [main/ERROR] [net.minecraftforge.fml.loading.RuntimeDistCleaner/DISTXFORM]: Attempted to load class net/minecraft/client/renderer/RenderType for invalid dist DEDICATED_SERVER
[03Aug2025 02:09:38.035] [main/WARN] [Radium Class Analysis/]: Radium Class Analysis Error: Class net.darkhax.darkutilities.features.filters.BlockEntityFilter cannot be analysed, because getting declared methods crashes with RuntimeException: Attempted to load class net/minecraft/client/renderer/RenderType for invalid dist DEDICATED_SERVER. This is usually caused by modded entities declaring methods that have a return type or parameter type that is annotated with @OnlyIn(Dist.CLIENT). Loading the type is not possible, because it only exists in the CLIENT environment. The recommended fix is to annotate the method with this argument or return type with the same annotation. Lithium handles this error by assuming the class cannot be included in some optimizations.
[03Aug2025 02:09:38.035] [main/ERROR] [net.minecraftforge.fml.loading.RuntimeDistCleaner/DISTXFORM]: Attempted to load class net/minecraft/client/renderer/RenderType for invalid dist DEDICATED_SERVER
[03Aug2025 02:09:38.036] [main/WARN] [Radium Class Analysis/]: Radium Class Analysis Error: Class net.darkhax.darkutilities.features.filters.BlockEntityFilter cannot be analysed, because getting declared methods crashes with RuntimeException: Attempted to load class net/minecraft/client/renderer/RenderType for invalid dist DEDICATED_SERVER. This is usually caused by modded entities declaring methods that have a return type or parameter type that is annotated with @OnlyIn(Dist.CLIENT). Loading the type is not possible, because it only exists in the CLIENT environment. The recommended fix is to annotate the method with this argument or return type with the same annotation. Lithium handles this error by assuming the class cannot be included in some optimizations.
[03Aug2025 02:09:38.036] [main/ERROR] [net.minecraftforge.fml.loading.RuntimeDistCleaner/DISTXFORM]: Attempted to load class net/minecraft/client/renderer/RenderType for invalid dist DEDICATED_SERVER
[03Aug2025 02:09:38.037] [main/WARN] [Radium Class Analysis/]: Radium Class Analysis Error: Class net.darkhax.darkutilities.features.filters.BlockEntityFilter cannot be analysed, because getting declared methods crashes with RuntimeException: Attempted to load class net/minecraft/client/renderer/RenderType for invalid dist DEDICATED_SERVER. This is usually caused by modded entities declaring methods that have a return type or parameter type that is annotated with @OnlyIn(Dist.CLIENT). Loading the type is not possible, because it only exists in the CLIENT environment. The recommended fix is to annotate the method with this argument or return type with the same annotation. Lithium handles this error by assuming the class cannot be included in some optimizations.
[03Aug2025 02:09:38.037] [main/ERROR] [net.minecraftforge.fml.loading.RuntimeDistCleaner/DISTXFORM]: Attempted to load class net/minecraft/client/renderer/RenderType for invalid dist DEDICATED_SERVER
[03Aug2025 02:09:38.038] [main/WARN] [Radium Class Analysis/]: Radium Class Analysis Error: Class net.darkhax.darkutilities.features.filters.BlockEntityFilter cannot be analysed, because getting declared methods crashes with RuntimeException: Attempted to load class net/minecraft/client/renderer/RenderType for invalid dist DEDICATED_SERVER. This is usually caused by modded entities declaring methods that have a return type or parameter type that is annotated with @OnlyIn(Dist.CLIENT). Loading the type is not possible, because it only exists in the CLIENT environment. The recommended fix is to annotate the method with this argument or return type with the same annotation. Lithium handles this error by assuming the class cannot be included in some optimizations.
[03Aug2025 02:09:38.038] [main/ERROR] [net.minecraftforge.fml.loading.RuntimeDistCleaner/DISTXFORM]: Attempted to load class net/minecraft/client/renderer/RenderType for invalid dist DEDICATED_SERVER
[03Aug2025 02:09:38.039] [main/WARN] [Radium Class Analysis/]: Radium Class Analysis Error: Class net.darkhax.darkutilities.features.filters.BlockEntityFilter cannot be analysed, because getting declared methods crashes with RuntimeException: Attempted to load class net/minecraft/client/renderer/RenderType for invalid dist DEDICATED_SERVER. This is usually caused by modded entities declaring methods that have a return type or parameter type that is annotated with @OnlyIn(Dist.CLIENT). Loading the type is not possible, because it only exists in the CLIENT environment. The recommended fix is to annotate the method with this argument or return type with the same annotation. Lithium handles this error by assuming the class cannot be included in some optimizations.
[03Aug2025 02:09:38.039] [main/ERROR] [net.minecraftforge.fml.loading.RuntimeDistCleaner/DISTXFORM]: Attempted to load class net/minecraft/client/renderer/RenderType for invalid dist DEDICATED_SERVER
[03Aug2025 02:09:38.039] [main/WARN] [Radium Class Analysis/]: Radium Class Analysis Error: Class net.darkhax.darkutilities.features.filters.BlockEntityFilter cannot be analysed, because getting declared methods crashes with RuntimeException: Attempted to load class net/minecraft/client/renderer/RenderType for invalid dist DEDICATED_SERVER. This is usually caused by modded entities declaring methods that have a return type or parameter type that is annotated with @OnlyIn(Dist.CLIENT). Loading the type is not possible, because it only exists in the CLIENT environment. The recommended fix is to annotate the method with this argument or return type with the same annotation. Lithium handles this error by assuming the class cannot be included in some optimizations.
[03Aug2025 02:09:38.040] [main/ERROR] [net.minecraftforge.fml.loading.RuntimeDistCleaner/DISTXFORM]: Attempted to load class net/minecraft/client/renderer/RenderType for invalid dist DEDICATED_SERVER
[03Aug2025 02:09:38.041] [main/WARN] [Radium Class Analysis/]: Radium Class Analysis Error: Class net.darkhax.darkutilities.features.filters.BlockEntityFilter cannot be analysed, because getting declared methods crashes with RuntimeException: Attempted to load class net/minecraft/client/renderer/RenderType for invalid dist DEDICATED_SERVER. This is usually caused by modded entities declaring methods that have a return type or parameter type that is annotated with @OnlyIn(Dist.CLIENT). Loading the type is not possible, because it only exists in the CLIENT environment. The recommended fix is to annotate the method with this argument or return type with the same annotation. Lithium handles this error by assuming the class cannot be included in some optimizations.
[03Aug2025 02:09:38.041] [main/ERROR] [net.minecraftforge.fml.loading.RuntimeDistCleaner/DISTXFORM]: Attempted to load class net/minecraft/client/renderer/RenderType for invalid dist DEDICATED_SERVER
[03Aug2025 02:09:38.042] [main/WARN] [Radium Class Analysis/]: Radium Class Analysis Error: Class net.darkhax.darkutilities.features.filters.BlockEntityFilter cannot be analysed, because getting declared methods crashes with RuntimeException: Attempted to load class net/minecraft/client/renderer/RenderType for invalid dist DEDICATED_SERVER. This is usually caused by modded entities declaring methods that have a return type or parameter type that is annotated with @OnlyIn(Dist.CLIENT). Loading the type is not possible, because it only exists in the CLIENT environment. The recommended fix is to annotate the method with this argument or return type with the same annotation. Lithium handles this error by assuming the class cannot be included in some optimizations.
[03Aug2025 02:09:38.043] [main/ERROR] [net.minecraftforge.fml.loading.RuntimeDistCleaner/DISTXFORM]: Attempted to load class net/minecraft/client/renderer/RenderType for invalid dist DEDICATED_SERVER
[03Aug2025 02:09:38.043] [main/WARN] [Radium Class Analysis/]: Radium Class Analysis Error: Class net.darkhax.darkutilities.features.filters.BlockEntityFilter cannot be analysed, because getting declared methods crashes with RuntimeException: Attempted to load class net/minecraft/client/renderer/RenderType for invalid dist DEDICATED_SERVER. This is usually caused by modded entities declaring methods that have a return type or parameter type that is annotated with @OnlyIn(Dist.CLIENT). Loading the type is not possible, because it only exists in the CLIENT environment. The recommended fix is to annotate the method with this argument or return type with the same annotation. Lithium handles this error by assuming the class cannot be included in some optimizations.
[03Aug2025 02:09:38.043] [main/ERROR] [net.minecraftforge.fml.loading.RuntimeDistCleaner/DISTXFORM]: Attempted to load class net/minecraft/client/renderer/RenderType for invalid dist DEDICATED_SERVER
[03Aug2025 02:09:38.044] [main/WARN] [Radium Class Analysis/]: Radium Class Analysis Error: Class net.darkhax.darkutilities.features.filters.BlockEntityFilter cannot be analysed, because getting declared methods crashes with RuntimeException: Attempted to load class net/minecraft/client/renderer/RenderType for invalid dist DEDICATED_SERVER. This is usually caused by modded entities declaring methods that have a return type or parameter type that is annotated with @OnlyIn(Dist.CLIENT). Loading the type is not possible, because it only exists in the CLIENT environment. The recommended fix is to annotate the method with this argument or return type with the same annotation. Lithium handles this error by assuming the class cannot be included in some optimizations.
[03Aug2025 02:09:38.044] [main/ERROR] [net.minecraftforge.fml.loading.RuntimeDistCleaner/DISTXFORM]: Attempted to load class net/minecraft/client/renderer/RenderType for invalid dist DEDICATED_SERVER
[03Aug2025 02:09:38.044] [main/WARN] [Radium Class Analysis/]: Radium Class Analysis Error: Class net.darkhax.darkutilities.features.filters.BlockEntityFilter cannot be analysed, because getting declared methods crashes with RuntimeException: Attempted to load class net/minecraft/client/renderer/RenderType for invalid dist DEDICATED_SERVER. This is usually caused by modded entities declaring methods that have a return type or parameter type that is annotated with @OnlyIn(Dist.CLIENT). Loading the type is not possible, because it only exists in the CLIENT environment. The recommended fix is to annotate the method with this argument or return type with the same annotation. Lithium handles this error by assuming the class cannot be included in some optimizations.
[03Aug2025 02:09:38.045] [main/ERROR] [net.minecraftforge.fml.loading.RuntimeDistCleaner/DISTXFORM]: Attempted to load class net/minecraft/client/renderer/RenderType for invalid dist DEDICATED_SERVER
[03Aug2025 02:09:38.045] [main/WARN] [Radium Class Analysis/]: Radium Class Analysis Error: Class net.darkhax.darkutilities.features.filters.BlockEntityFilter cannot be analysed, because getting declared methods crashes with RuntimeException: Attempted to load class net/minecraft/client/renderer/RenderType for invalid dist DEDICATED_SERVER. This is usually caused by modded entities declaring methods that have a return type or parameter type that is annotated with @OnlyIn(Dist.CLIENT). Loading the type is not possible, because it only exists in the CLIENT environment. The recommended fix is to annotate the method with this argument or return type with the same annotation. Lithium handles this error by assuming the class cannot be included in some optimizations.
[03Aug2025 02:09:38.046] [main/ERROR] [net.minecraftforge.fml.loading.RuntimeDistCleaner/DISTXFORM]: Attempted to load class net/minecraft/client/renderer/RenderType for invalid dist DEDICATED_SERVER
[03Aug2025 02:09:38.046] [main/WARN] [Radium Class Analysis/]: Radium Class Analysis Error: Class net.darkhax.darkutilities.features.filters.BlockEntityFilter cannot be analysed, because getting declared methods crashes with RuntimeException: Attempted to load class net/minecraft/client/renderer/RenderType for invalid dist DEDICATED_SERVER. This is usually caused by modded entities declaring methods that have a return type or parameter type that is annotated with @OnlyIn(Dist.CLIENT). Loading the type is not possible, because it only exists in the CLIENT environment. The recommended fix is to annotate the method with this argument or return type with the same annotation. Lithium handles this error by assuming the class cannot be included in some optimizations.
[03Aug2025 02:09:38.047] [main/ERROR] [net.minecraftforge.fml.loading.RuntimeDistCleaner/DISTXFORM]: Attempted to load class net/minecraft/client/renderer/RenderType for invalid dist DEDICATED_SERVER
[03Aug2025 02:09:38.047] [main/WARN] [Radium Class Analysis/]: Radium Class Analysis Error: Class net.darkhax.darkutilities.features.filters.BlockEntityFilter cannot be analysed, because getting declared methods crashes with RuntimeException: Attempted to load class net/minecraft/client/renderer/RenderType for invalid dist DEDICATED_SERVER. This is usually caused by modded entities declaring methods that have a return type or parameter type that is annotated with @OnlyIn(Dist.CLIENT). Loading the type is not possible, because it only exists in the CLIENT environment. The recommended fix is to annotate the method with this argument or return type with the same annotation. Lithium handles this error by assuming the class cannot be included in some optimizations.
[03Aug2025 02:09:38.048] [main/ERROR] [net.minecraftforge.fml.loading.RuntimeDistCleaner/DISTXFORM]: Attempted to load class net/minecraft/client/renderer/RenderType for invalid dist DEDICATED_SERVER
[03Aug2025 02:09:38.048] [main/WARN] [Radium Class Analysis/]: Radium Class Analysis Error: Class net.darkhax.darkutilities.features.filters.BlockEntityFilter cannot be analysed, because getting declared methods crashes with RuntimeException: Attempted to load class net/minecraft/client/renderer/RenderType for invalid dist DEDICATED_SERVER. This is usually caused by modded entities declaring methods that have a return type or parameter type that is annotated with @OnlyIn(Dist.CLIENT). Loading the type is not possible, because it only exists in the CLIENT environment. The recommended fix is to annotate the method with this argument or return type with the same annotation. Lithium handles this error by assuming the class cannot be included in some optimizations.
[03Aug2025 02:09:38.049] [main/ERROR] [net.minecraftforge.fml.loading.RuntimeDistCleaner/DISTXFORM]: Attempted to load class net/minecraft/client/renderer/RenderType for invalid dist DEDICATED_SERVER
[03Aug2025 02:09:38.049] [main/WARN] [Radium Class Analysis/]: Radium Class Analysis Error: Class net.darkhax.darkutilities.features.filters.BlockEntityFilter cannot be analysed, because getting declared methods crashes with RuntimeException: Attempted to load class net/minecraft/client/renderer/RenderType for invalid dist DEDICATED_SERVER. This is usually caused by modded entities declaring methods that have a return type or parameter type that is annotated with @OnlyIn(Dist.CLIENT). Loading the type is not possible, because it only exists in the CLIENT environment. The recommended fix is to annotate the method with this argument or return type with the same annotation. Lithium handles this error by assuming the class cannot be included in some optimizations.
[03Aug2025 02:09:38.049] [main/ERROR] [net.minecraftforge.fml.loading.RuntimeDistCleaner/DISTXFORM]: Attempted to load class net/minecraft/client/renderer/RenderType for invalid dist DEDICATED_SERVER
[03Aug2025 02:09:38.050] [main/WARN] [Radium Class Analysis/]: Radium Class Analysis Error: Class net.darkhax.darkutilities.features.filters.BlockEntityFilter cannot be analysed, because getting declared methods crashes with RuntimeException: Attempted to load class net/minecraft/client/renderer/RenderType for invalid dist DEDICATED_SERVER. This is usually caused by modded entities declaring methods that have a return type or parameter type that is annotated with @OnlyIn(Dist.CLIENT). Loading the type is not possible, because it only exists in the CLIENT environment. The recommended fix is to annotate the method with this argument or return type with the same annotation. Lithium handles this error by assuming the class cannot be included in some optimizations.
[03Aug2025 02:09:38.050] [main/ERROR] [net.minecraftforge.fml.loading.RuntimeDistCleaner/DISTXFORM]: Attempted to load class net/minecraft/client/renderer/RenderType for invalid dist DEDICATED_SERVER
[03Aug2025 02:09:38.050] [main/WARN] [Radium Class Analysis/]: Radium Class Analysis Error: Class net.darkhax.darkutilities.features.filters.BlockEntityFilter cannot be analysed, because getting declared methods crashes with RuntimeException: Attempted to load class net/minecraft/client/renderer/RenderType for invalid dist DEDICATED_SERVER. This is usually caused by modded entities declaring methods that have a return type or parameter type that is annotated with @OnlyIn(Dist.CLIENT). Loading the type is not possible, because it only exists in the CLIENT environment. The recommended fix is to annotate the method with this argument or return type with the same annotation. Lithium handles this error by assuming the class cannot be included in some optimizations.
[03Aug2025 02:09:38.051] [main/ERROR] [net.minecraftforge.fml.loading.RuntimeDistCleaner/DISTXFORM]: Attempted to load class net/minecraft/client/renderer/RenderType for invalid dist DEDICATED_SERVER
[03Aug2025 02:09:38.051] [main/WARN] [Radium Class Analysis/]: Radium Class Analysis Error: Class net.darkhax.darkutilities.features.filters.BlockEntityFilter cannot be analysed, because getting declared methods crashes with RuntimeException: Attempted to load class net/minecraft/client/renderer/RenderType for invalid dist DEDICATED_SERVER. This is usually caused by modded entities declaring methods that have a return type or parameter type that is annotated with @OnlyIn(Dist.CLIENT). Loading the type is not possible, because it only exists in the CLIENT environment. The recommended fix is to annotate the method with this argument or return type with the same annotation. Lithium handles this error by assuming the class cannot be included in some optimizations.
[03Aug2025 02:09:38.052] [main/ERROR] [net.minecraftforge.fml.loading.RuntimeDistCleaner/DISTXFORM]: Attempted to load class net/minecraft/client/renderer/RenderType for invalid dist DEDICATED_SERVER
[03Aug2025 02:09:38.052] [main/WARN] [Radium Class Analysis/]: Radium Class Analysis Error: Class net.darkhax.darkutilities.features.filters.BlockEntityFilter cannot be analysed, because getting declared methods crashes with RuntimeException: Attempted to load class net/minecraft/client/renderer/RenderType for invalid dist DEDICATED_SERVER. This is usually caused by modded entities declaring methods that have a return type or parameter type that is annotated with @OnlyIn(Dist.CLIENT). Loading the type is not possible, because it only exists in the CLIENT environment. The recommended fix is to annotate the method with this argument or return type with the same annotation. Lithium handles this error by assuming the class cannot be included in some optimizations.
[03Aug2025 02:09:38.053] [main/ERROR] [net.minecraftforge.fml.loading.RuntimeDistCleaner/DISTXFORM]: Attempted to load class net/minecraft/client/renderer/RenderType for invalid dist DEDICATED_SERVER
[03Aug2025 02:09:38.053] [main/WARN] [Radium Class Analysis/]: Radium Class Analysis Error: Class net.darkhax.darkutilities.features.filters.BlockEntityFilter cannot be analysed, because getting declared methods crashes with RuntimeException: Attempted to load class net/minecraft/client/renderer/RenderType for invalid dist DEDICATED_SERVER. This is usually caused by modded entities declaring methods that have a return type or parameter type that is annotated with @OnlyIn(Dist.CLIENT). Loading the type is not possible, because it only exists in the CLIENT environment. The recommended fix is to annotate the method with this argument or return type with the same annotation. Lithium handles this error by assuming the class cannot be included in some optimizations.
[03Aug2025 02:09:38.054] [main/ERROR] [net.minecraftforge.fml.loading.RuntimeDistCleaner/DISTXFORM]: Attempted to load class net/minecraft/client/renderer/RenderType for invalid dist DEDICATED_SERVER
[03Aug2025 02:09:38.054] [main/WARN] [Radium Class Analysis/]: Radium Class Analysis Error: Class net.darkhax.darkutilities.features.filters.BlockEntityFilter cannot be analysed, because getting declared methods crashes with RuntimeException: Attempted to load class net/minecraft/client/renderer/RenderType for invalid dist DEDICATED_SERVER. This is usually caused by modded entities declaring methods that have a return type or parameter type that is annotated with @OnlyIn(Dist.CLIENT). Loading the type is not possible, because it only exists in the CLIENT environment. The recommended fix is to annotate the method with this argument or return type with the same annotation. Lithium handles this error by assuming the class cannot be included in some optimizations.
[03Aug2025 02:09:38.054] [main/ERROR] [net.minecraftforge.fml.loading.RuntimeDistCleaner/DISTXFORM]: Attempted to load class net/minecraft/client/renderer/RenderType for invalid dist DEDICATED_SERVER
[03Aug2025 02:09:38.054] [main/WARN] [Radium Class Analysis/]: Radium Class Analysis Error: Class net.darkhax.darkutilities.features.filters.BlockEntityFilter cannot be analysed, because getting declared methods crashes with RuntimeException: Attempted to load class net/minecraft/client/renderer/RenderType for invalid dist DEDICATED_SERVER. This is usually caused by modded entities declaring methods that have a return type or parameter type that is annotated with @OnlyIn(Dist.CLIENT). Loading the type is not possible, because it only exists in the CLIENT environment. The recommended fix is to annotate the method with this argument or return type with the same annotation. Lithium handles this error by assuming the class cannot be included in some optimizations.
[03Aug2025 02:09:38.055] [main/ERROR] [net.minecraftforge.fml.loading.RuntimeDistCleaner/DISTXFORM]: Attempted to load class net/minecraft/client/renderer/RenderType for invalid dist DEDICATED_SERVER
[03Aug2025 02:09:38.055] [main/WARN] [Radium Class Analysis/]: Radium Class Analysis Error: Class net.darkhax.darkutilities.features.filters.BlockEntityFilter cannot be analysed, because getting declared methods crashes with RuntimeException: Attempted to load class net/minecraft/client/renderer/RenderType for invalid dist DEDICATED_SERVER. This is usually caused by modded entities declaring methods that have a return type or parameter type that is annotated with @OnlyIn(Dist.CLIENT). Loading the type is not possible, because it only exists in the CLIENT environment. The recommended fix is to annotate the method with this argument or return type with the same annotation. Lithium handles this error by assuming the class cannot be included in some optimizations.
[03Aug2025 02:09:38.056] [main/ERROR] [net.minecraftforge.fml.loading.RuntimeDistCleaner/DISTXFORM]: Attempted to load class net/minecraft/client/renderer/RenderType for invalid dist DEDICATED_SERVER
[03Aug2025 02:09:38.056] [main/WARN] [Radium Class Analysis/]: Radium Class Analysis Error: Class net.darkhax.darkutilities.features.filters.BlockEntityFilter cannot be analysed, because getting declared methods crashes with RuntimeException: Attempted to load class net/minecraft/client/renderer/RenderType for invalid dist DEDICATED_SERVER. This is usually caused by modded entities declaring methods that have a return type or parameter type that is annotated with @OnlyIn(Dist.CLIENT). Loading the type is not possible, because it only exists in the CLIENT environment. The recommended fix is to annotate the method with this argument or return type with the same annotation. Lithium handles this error by assuming the class cannot be included in some optimizations.
[03Aug2025 02:09:38.056] [main/ERROR] [net.minecraftforge.fml.loading.RuntimeDistCleaner/DISTXFORM]: Attempted to load class net/minecraft/client/renderer/RenderType for invalid dist DEDICATED_SERVER
[03Aug2025 02:09:38.057] [main/WARN] [Radium Class Analysis/]: Radium Class Analysis Error: Class net.darkhax.darkutilities.features.filters.BlockEntityFilter cannot be analysed, because getting declared methods crashes with RuntimeException: Attempted to load class net/minecraft/client/renderer/RenderType for invalid dist DEDICATED_SERVER. This is usually caused by modded entities declaring methods that have a return type or parameter type that is annotated with @OnlyIn(Dist.CLIENT). Loading the type is not possible, because it only exists in the CLIENT environment. The recommended fix is to annotate the method with this argument or return type with the same annotation. Lithium handles this error by assuming the class cannot be included in some optimizations.
[03Aug2025 02:09:38.057] [main/ERROR] [net.minecraftforge.fml.loading.RuntimeDistCleaner/DISTXFORM]: Attempted to load class net/minecraft/client/renderer/RenderType for invalid dist DEDICATED_SERVER
[03Aug2025 02:09:38.057] [main/WARN] [Radium Class Analysis/]: Radium Class Analysis Error: Class net.darkhax.darkutilities.features.filters.BlockEntityFilter cannot be analysed, because getting declared methods crashes with RuntimeException: Attempted to load class net/minecraft/client/renderer/RenderType for invalid dist DEDICATED_SERVER. This is usually caused by modded entities declaring methods that have a return type or parameter type that is annotated with @OnlyIn(Dist.CLIENT). Loading the type is not possible, because it only exists in the CLIENT environment. The recommended fix is to annotate the method with this argument or return type with the same annotation. Lithium handles this error by assuming the class cannot be included in some optimizations.
[03Aug2025 02:09:38.058] [main/ERROR] [net.minecraftforge.fml.loading.RuntimeDistCleaner/DISTXFORM]: Attempted to load class net/minecraft/client/renderer/RenderType for invalid dist DEDICATED_SERVER
[03Aug2025 02:09:38.058] [main/WARN] [Radium Class Analysis/]: Radium Class Analysis Error: Class net.darkhax.darkutilities.features.filters.BlockEntityFilter cannot be analysed, because getting declared methods crashes with RuntimeException: Attempted to load class net/minecraft/client/renderer/RenderType for invalid dist DEDICATED_SERVER. This is usually caused by modded entities declaring methods that have a return type or parameter type that is annotated with @OnlyIn(Dist.CLIENT). Loading the type is not possible, because it only exists in the CLIENT environment. The recommended fix is to annotate the method with this argument or return type with the same annotation. Lithium handles this error by assuming the class cannot be included in some optimizations.
[03Aug2025 02:09:38.059] [main/ERROR] [net.minecraftforge.fml.loading.RuntimeDistCleaner/DISTXFORM]: Attempted to load class net/minecraft/client/renderer/RenderType for invalid dist DEDICATED_SERVER
[03Aug2025 02:09:38.059] [main/WARN] [Radium Class Analysis/]: Radium Class Analysis Error: Class net.darkhax.darkutilities.features.filters.BlockEntityFilter cannot be analysed, because getting declared methods crashes with RuntimeException: Attempted to load class net/minecraft/client/renderer/RenderType for invalid dist DEDICATED_SERVER. This is usually caused by modded entities declaring methods that have a return type or parameter type that is annotated with @OnlyIn(Dist.CLIENT). Loading the type is not possible, because it only exists in the CLIENT environment. The recommended fix is to annotate the method with this argument or return type with the same annotation. Lithium handles this error by assuming the class cannot be included in some optimizations.
[03Aug2025 02:09:38.060] [main/ERROR] [net.minecraftforge.fml.loading.RuntimeDistCleaner/DISTXFORM]: Attempted to load class net/minecraft/client/renderer/RenderType for invalid dist DEDICATED_SERVER
[03Aug2025 02:09:38.060] [main/WARN] [Radium Class Analysis/]: Radium Class Analysis Error: Class net.darkhax.darkutilities.features.filters.BlockEntityFilter cannot be analysed, because getting declared methods crashes with RuntimeException: Attempted to load class net/minecraft/client/renderer/RenderType for invalid dist DEDICATED_SERVER. This is usually caused by modded entities declaring methods that have a return type or parameter type that is annotated with @OnlyIn(Dist.CLIENT). Loading the type is not possible, because it only exists in the CLIENT environment. The recommended fix is to annotate the method with this argument or return type with the same annotation. Lithium handles this error by assuming the class cannot be included in some optimizations.
[03Aug2025 02:09:38.061] [main/ERROR] [net.minecraftforge.fml.loading.RuntimeDistCleaner/DISTXFORM]: Attempted to load class net/minecraft/client/renderer/RenderType for invalid dist DEDICATED_SERVER
[03Aug2025 02:09:38.061] [main/WARN] [Radium Class Analysis/]: Radium Class Analysis Error: Class net.darkhax.darkutilities.features.filters.BlockEntityFilter cannot be analysed, because getting declared methods crashes with RuntimeException: Attempted to load class net/minecraft/client/renderer/RenderType for invalid dist DEDICATED_SERVER. This is usually caused by modded entities declaring methods that have a return type or parameter type that is annotated with @OnlyIn(Dist.CLIENT). Loading the type is not possible, because it only exists in the CLIENT environment. The recommended fix is to annotate the method with this argument or return type with the same annotation. Lithium handles this error by assuming the class cannot be included in some optimizations.
[03Aug2025 02:09:38.062] [main/ERROR] [net.minecraftforge.fml.loading.RuntimeDistCleaner/DISTXFORM]: Attempted to load class net/minecraft/client/renderer/RenderType for invalid dist DEDICATED_SERVER
[03Aug2025 02:09:38.062] [main/WARN] [Radium Class Analysis/]: Radium Class Analysis Error: Class net.darkhax.darkutilities.features.filters.BlockEntityFilter cannot be analysed, because getting declared methods crashes with RuntimeException: Attempted to load class net/minecraft/client/renderer/RenderType for invalid dist DEDICATED_SERVER. This is usually caused by modded entities declaring methods that have a return type or parameter type that is annotated with @OnlyIn(Dist.CLIENT). Loading the type is not possible, because it only exists in the CLIENT environment. The recommended fix is to annotate the method with this argument or return type with the same annotation. Lithium handles this error by assuming the class cannot be included in some optimizations.
[03Aug2025 02:09:38.062] [main/ERROR] [net.minecraftforge.fml.loading.RuntimeDistCleaner/DISTXFORM]: Attempted to load class net/minecraft/client/renderer/RenderType for invalid dist DEDICATED_SERVER
[03Aug2025 02:09:38.063] [main/WARN] [Radium Class Analysis/]: Radium Class Analysis Error: Class net.darkhax.darkutilities.features.filters.BlockEntityFilter cannot be analysed, because getting declared methods crashes with RuntimeException: Attempted to load class net/minecraft/client/renderer/RenderType for invalid dist DEDICATED_SERVER. This is usually caused by modded entities declaring methods that have a return type or parameter type that is annotated with @OnlyIn(Dist.CLIENT). Loading the type is not possible, because it only exists in the CLIENT environment. The recommended fix is to annotate the method with this argument or return type with the same annotation. Lithium handles this error by assuming the class cannot be included in some optimizations.
[03Aug2025 02:09:38.063] [main/ERROR] [net.minecraftforge.fml.loading.RuntimeDistCleaner/DISTXFORM]: Attempted to load class net/minecraft/client/renderer/RenderType for invalid dist DEDICATED_SERVER
[03Aug2025 02:09:38.063] [main/WARN] [Radium Class Analysis/]: Radium Class Analysis Error: Class net.darkhax.darkutilities.features.filters.BlockEntityFilter cannot be analysed, because getting declared methods crashes with RuntimeException: Attempted to load class net/minecraft/client/renderer/RenderType for invalid dist DEDICATED_SERVER. This is usually caused by modded entities declaring methods that have a return type or parameter type that is annotated with @OnlyIn(Dist.CLIENT). Loading the type is not possible, because it only exists in the CLIENT environment. The recommended fix is to annotate the method with this argument or return type with the same annotation. Lithium handles this error by assuming the class cannot be included in some optimizations.
[03Aug2025 02:09:38.064] [main/ERROR] [net.minecraftforge.fml.loading.RuntimeDistCleaner/DISTXFORM]: Attempted to load class net/minecraft/client/renderer/RenderType for invalid dist DEDICATED_SERVER
[03Aug2025 02:09:38.064] [main/WARN] [Radium Class Analysis/]: Radium Class Analysis Error: Class net.darkhax.darkutilities.features.filters.BlockEntityFilter cannot be analysed, because getting declared methods crashes with RuntimeException: Attempted to load class net/minecraft/client/renderer/RenderType for invalid dist DEDICATED_SERVER. This is usually caused by modded entities declaring methods that have a return type or parameter type that is annotated with @OnlyIn(Dist.CLIENT). Loading the type is not possible, because it only exists in the CLIENT environment. The recommended fix is to annotate the method with this argument or return type with the same annotation. Lithium handles this error by assuming the class cannot be included in some optimizations.
[03Aug2025 02:09:38.065] [main/ERROR] [net.minecraftforge.fml.loading.RuntimeDistCleaner/DISTXFORM]: Attempted to load class net/minecraft/client/renderer/RenderType for invalid dist DEDICATED_SERVER
[03Aug2025 02:09:38.065] [main/WARN] [Radium Class Analysis/]: Radium Class Analysis Error: Class net.darkhax.darkutilities.features.filters.BlockEntityFilter cannot be analysed, because getting declared methods crashes with RuntimeException: Attempted to load class net/minecraft/client/renderer/RenderType for invalid dist DEDICATED_SERVER. This is usually caused by modded entities declaring methods that have a return type or parameter type that is annotated with @OnlyIn(Dist.CLIENT). Loading the type is not possible, because it only exists in the CLIENT environment. The recommended fix is to annotate the method with this argument or return type with the same annotation. Lithium handles this error by assuming the class cannot be included in some optimizations.
[03Aug2025 02:09:38.066] [main/ERROR] [net.minecraftforge.fml.loading.RuntimeDistCleaner/DISTXFORM]: Attempted to load class net/minecraft/client/renderer/RenderType for invalid dist DEDICATED_SERVER
[03Aug2025 02:09:38.066] [main/WARN] [Radium Class Analysis/]: Radium Class Analysis Error: Class net.darkhax.darkutilities.features.filters.BlockEntityFilter cannot be analysed, because getting declared methods crashes with RuntimeException: Attempted to load class net/minecraft/client/renderer/RenderType for invalid dist DEDICATED_SERVER. This is usually caused by modded entities declaring methods that have a return type or parameter type that is annotated with @OnlyIn(Dist.CLIENT). Loading the type is not possible, because it only exists in the CLIENT environment. The recommended fix is to annotate the method with this argument or return type with the same annotation. Lithium handles this error by assuming the class cannot be included in some optimizations.
[03Aug2025 02:09:38.067] [main/ERROR] [net.minecraftforge.fml.loading.RuntimeDistCleaner/DISTXFORM]: Attempted to load class net/minecraft/client/renderer/RenderType for invalid dist DEDICATED_SERVER
[03Aug2025 02:09:38.067] [main/WARN] [Radium Class Analysis/]: Radium Class Analysis Error: Class net.darkhax.darkutilities.features.filters.BlockEntityFilter cannot be analysed, because getting declared methods crashes with RuntimeException: Attempted to load class net/minecraft/client/renderer/RenderType for invalid dist DEDICATED_SERVER. This is usually caused by modded entities declaring methods that have a return type or parameter type that is annotated with @OnlyIn(Dist.CLIENT). Loading the type is not possible, because it only exists in the CLIENT environment. The recommended fix is to annotate the method with this argument or return type with the same annotation. Lithium handles this error by assuming the class cannot be included in some optimizations.
[03Aug2025 02:09:38.068] [main/ERROR] [net.minecraftforge.fml.loading.RuntimeDistCleaner/DISTXFORM]: Attempted to load class net/minecraft/client/renderer/RenderType for invalid dist DEDICATED_SERVER
[03Aug2025 02:09:38.068] [main/WARN] [Radium Class Analysis/]: Radium Class Analysis Error: Class net.darkhax.darkutilities.features.filters.BlockEntityFilter cannot be analysed, because getting declared methods crashes with RuntimeException: Attempted to load class net/minecraft/client/renderer/RenderType for invalid dist DEDICATED_SERVER. This is usually caused by modded entities declaring methods that have a return type or parameter type that is annotated with @OnlyIn(Dist.CLIENT). Loading the type is not possible, because it only exists in the CLIENT environment. The recommended fix is to annotate the method with this argument or return type with the same annotation. Lithium handles this error by assuming the class cannot be included in some optimizations.
[03Aug2025 02:09:38.068] [main/ERROR] [net.minecraftforge.fml.loading.RuntimeDistCleaner/DISTXFORM]: Attempted to load class net/minecraft/client/renderer/RenderType for invalid dist DEDICATED_SERVER
[03Aug2025 02:09:38.069] [main/WARN] [Radium Class Analysis/]: Radium Class Analysis Error: Class net.darkhax.darkutilities.features.filters.BlockEntityFilter cannot be analysed, because getting declared methods crashes with RuntimeException: Attempted to load class net/minecraft/client/renderer/RenderType for invalid dist DEDICATED_SERVER. This is usually caused by modded entities declaring methods that have a return type or parameter type that is annotated with @OnlyIn(Dist.CLIENT). Loading the type is not possible, because it only exists in the CLIENT environment. The recommended fix is to annotate the method with this argument or return type with the same annotation. Lithium handles this error by assuming the class cannot be included in some optimizations.
[03Aug2025 02:09:38.069] [main/ERROR] [net.minecraftforge.fml.loading.RuntimeDistCleaner/DISTXFORM]: Attempted to load class net/minecraft/client/renderer/RenderType for invalid dist DEDICATED_SERVER
[03Aug2025 02:09:38.069] [main/WARN] [Radium Class Analysis/]: Radium Class Analysis Error: Class net.darkhax.darkutilities.features.filters.BlockEntityFilter cannot be analysed, because getting declared methods crashes with RuntimeException: Attempted to load class net/minecraft/client/renderer/RenderType for invalid dist DEDICATED_SERVER. This is usually caused by modded entities declaring methods that have a return type or parameter type that is annotated with @OnlyIn(Dist.CLIENT). Loading the type is not possible, because it only exists in the CLIENT environment. The recommended fix is to annotate the method with this argument or return type with the same annotation. Lithium handles this error by assuming the class cannot be included in some optimizations.
[03Aug2025 02:09:38.070] [main/ERROR] [net.minecraftforge.fml.loading.RuntimeDistCleaner/DISTXFORM]: Attempted to load class net/minecraft/client/renderer/RenderType for invalid dist DEDICATED_SERVER
[03Aug2025 02:09:38.070] [main/WARN] [Radium Class Analysis/]: Radium Class Analysis Error: Class net.darkhax.darkutilities.features.filters.BlockEntityFilter cannot be analysed, because getting declared methods crashes with RuntimeException: Attempted to load class net/minecraft/client/renderer/RenderType for invalid dist DEDICATED_SERVER. This is usually caused by modded entities declaring methods that have a return type or parameter type that is annotated with @OnlyIn(Dist.CLIENT). Loading the type is not possible, because it only exists in the CLIENT environment. The recommended fix is to annotate the method with this argument or return type with the same annotation. Lithium handles this error by assuming the class cannot be included in some optimizations.
[03Aug2025 02:09:38.071] [main/ERROR] [net.minecraftforge.fml.loading.RuntimeDistCleaner/DISTXFORM]: Attempted to load class net/minecraft/client/renderer/RenderType for invalid dist DEDICATED_SERVER
[03Aug2025 02:09:38.071] [main/WARN] [Radium Class Analysis/]: Radium Class Analysis Error: Class net.darkhax.darkutilities.features.filters.BlockEntityFilter cannot be analysed, because getting declared methods crashes with RuntimeException: Attempted to load class net/minecraft/client/renderer/RenderType for invalid dist DEDICATED_SERVER. This is usually caused by modded entities declaring methods that have a return type or parameter type that is annotated with @OnlyIn(Dist.CLIENT). Loading the type is not possible, because it only exists in the CLIENT environment. The recommended fix is to annotate the method with this argument or return type with the same annotation. Lithium handles this error by assuming the class cannot be included in some optimizations.
[03Aug2025 02:09:38.071] [main/ERROR] [net.minecraftforge.fml.loading.RuntimeDistCleaner/DISTXFORM]: Attempted to load class net/minecraft/client/renderer/RenderType for invalid dist DEDICATED_SERVER
[03Aug2025 02:09:38.072] [main/WARN] [Radium Class Analysis/]: Radium Class Analysis Error: Class net.darkhax.darkutilities.features.filters.BlockEntityFilter cannot be analysed, because getting declared methods crashes with RuntimeException: Attempted to load class net/minecraft/client/renderer/RenderType for invalid dist DEDICATED_SERVER. This is usually caused by modded entities declaring methods that have a return type or parameter type that is annotated with @OnlyIn(Dist.CLIENT). Loading the type is not possible, because it only exists in the CLIENT environment. The recommended fix is to annotate the method with this argument or return type with the same annotation. Lithium handles this error by assuming the class cannot be included in some optimizations.
[03Aug2025 02:09:38.072] [main/ERROR] [net.minecraftforge.fml.loading.RuntimeDistCleaner/DISTXFORM]: Attempted to load class net/minecraft/client/renderer/RenderType for invalid dist DEDICATED_SERVER
[03Aug2025 02:09:38.072] [main/WARN] [Radium Class Analysis/]: Radium Class Analysis Error: Class net.darkhax.darkutilities.features.filters.BlockEntityFilter cannot be analysed, because getting declared methods crashes with RuntimeException: Attempted to load class net/minecraft/client/renderer/RenderType for invalid dist DEDICATED_SERVER. This is usually caused by modded entities declaring methods that have a return type or parameter type that is annotated with @OnlyIn(Dist.CLIENT). Loading the type is not possible, because it only exists in the CLIENT environment. The recommended fix is to annotate the method with this argument or return type with the same annotation. Lithium handles this error by assuming the class cannot be included in some optimizations.
[03Aug2025 02:09:38.073] [main/ERROR] [net.minecraftforge.fml.loading.RuntimeDistCleaner/DISTXFORM]: Attempted to load class net/minecraft/client/renderer/RenderType for invalid dist DEDICATED_SERVER
[03Aug2025 02:09:38.073] [main/WARN] [Radium Class Analysis/]: Radium Class Analysis Error: Class net.darkhax.darkutilities.features.filters.BlockEntityFilter cannot be analysed, because getting declared methods crashes with RuntimeException: Attempted to load class net/minecraft/client/renderer/RenderType for invalid dist DEDICATED_SERVER. This is usually caused by modded entities declaring methods that have a return type or parameter type that is annotated with @OnlyIn(Dist.CLIENT). Loading the type is not possible, because it only exists in the CLIENT environment. The recommended fix is to annotate the method with this argument or return type with the same annotation. Lithium handles this error by assuming the class cannot be included in some optimizations.
[03Aug2025 02:09:45.232] [main/ERROR] [net.minecraftforge.fml.loading.RuntimeDistCleaner/DISTXFORM]: Attempted to load class com/mojang/blaze3d/vertex/PoseStack for invalid dist DEDICATED_SERVER
[03Aug2025 02:09:45.233] [main/WARN] [Radium Class Analysis/]: Radium Class Analysis Error: Class net.mehvahdjukaar.supplementaries.common.block.blocks.CannonBlock cannot be analysed, because getting declared methods crashes with RuntimeException: Attempted to load class com/mojang/blaze3d/vertex/PoseStack for invalid dist DEDICATED_SERVER. This is usually caused by modded entities declaring methods that have a return type or parameter type that is annotated with @OnlyIn(Dist.CLIENT). Loading the type is not possible, because it only exists in the CLIENT environment. The recommended fix is to annotate the method with this argument or return type with the same annotation. Lithium handles this error by assuming the class cannot be included in some optimizations.
[03Aug2025 02:09:45.233] [main/ERROR] [net.minecraftforge.fml.loading.RuntimeDistCleaner/DISTXFORM]: Attempted to load class com/mojang/blaze3d/vertex/PoseStack for invalid dist DEDICATED_SERVER
[03Aug2025 02:09:45.233] [main/WARN] [Radium Class Analysis/]: Radium Class Analysis Error: Class net.mehvahdjukaar.supplementaries.common.block.blocks.CannonBlock cannot be analysed, because getting declared methods crashes with RuntimeException: Attempted to load class com/mojang/blaze3d/vertex/PoseStack for invalid dist DEDICATED_SERVER. This is usually caused by modded entities declaring methods that have a return type or parameter type that is annotated with @OnlyIn(Dist.CLIENT). Loading the type is not possible, because it only exists in the CLIENT environment. The recommended fix is to annotate the method with this argument or return type with the same annotation. Lithium handles this error by assuming the class cannot be included in some optimizations.
[03Aug2025 02:09:45.234] [main/ERROR] [net.minecraftforge.fml.loading.RuntimeDistCleaner/DISTXFORM]: Attempted to load class com/mojang/blaze3d/vertex/PoseStack for invalid dist DEDICATED_SERVER
[03Aug2025 02:09:45.234] [main/WARN] [Radium Class Analysis/]: Radium Class Analysis Error: Class net.mehvahdjukaar.supplementaries.common.block.blocks.CannonBlock cannot be analysed, because getting declared methods crashes with RuntimeException: Attempted to load class com/mojang/blaze3d/vertex/PoseStack for invalid dist DEDICATED_SERVER. This is usually caused by modded entities declaring methods that have a return type or parameter type that is annotated with @OnlyIn(Dist.CLIENT). Loading the type is not possible, because it only exists in the CLIENT environment. The recommended fix is to annotate the method with this argument or return type with the same annotation. Lithium handles this error by assuming the class cannot be included in some optimizations.
[03Aug2025 02:09:45.234] [main/ERROR] [net.minecraftforge.fml.loading.RuntimeDistCleaner/DISTXFORM]: Attempted to load class com/mojang/blaze3d/vertex/PoseStack for invalid dist DEDICATED_SERVER
[03Aug2025 02:09:45.234] [main/WARN] [Radium Class Analysis/]: Radium Class Analysis Error: Class net.mehvahdjukaar.supplementaries.common.block.blocks.CannonBlock cannot be analysed, because getting declared methods crashes with RuntimeException: Attempted to load class com/mojang/blaze3d/vertex/PoseStack for invalid dist DEDICATED_SERVER. This is usually caused by modded entities declaring methods that have a return type or parameter type that is annotated with @OnlyIn(Dist.CLIENT). Loading the type is not possible, because it only exists in the CLIENT environment. The recommended fix is to annotate the method with this argument or return type with the same annotation. Lithium handles this error by assuming the class cannot be included in some optimizations.
[03Aug2025 02:09:45.234] [main/ERROR] [net.minecraftforge.fml.loading.RuntimeDistCleaner/DISTXFORM]: Attempted to load class com/mojang/blaze3d/vertex/PoseStack for invalid dist DEDICATED_SERVER
[03Aug2025 02:09:45.235] [main/WARN] [Radium Class Analysis/]: Radium Class Analysis Error: Class net.mehvahdjukaar.supplementaries.common.block.blocks.CannonBlock cannot be analysed, because getting declared methods crashes with RuntimeException: Attempted to load class com/mojang/blaze3d/vertex/PoseStack for invalid dist DEDICATED_SERVER. This is usually caused by modded entities declaring methods that have a return type or parameter type that is annotated with @OnlyIn(Dist.CLIENT). Loading the type is not possible, because it only exists in the CLIENT environment. The recommended fix is to annotate the method with this argument or return type with the same annotation. Lithium handles this error by assuming the class cannot be included in some optimizations.
[03Aug2025 02:09:45.235] [main/ERROR] [net.minecraftforge.fml.loading.RuntimeDistCleaner/DISTXFORM]: Attempted to load class com/mojang/blaze3d/vertex/PoseStack for invalid dist DEDICATED_SERVER
[03Aug2025 02:09:45.235] [main/WARN] [Radium Class Analysis/]: Radium Class Analysis Error: Class net.mehvahdjukaar.supplementaries.common.block.blocks.CannonBlock cannot be analysed, because getting declared methods crashes with RuntimeException: Attempted to load class com/mojang/blaze3d/vertex/PoseStack for invalid dist DEDICATED_SERVER. This is usually caused by modded entities declaring methods that have a return type or parameter type that is annotated with @OnlyIn(Dist.CLIENT). Loading the type is not possible, because it only exists in the CLIENT environment. The recommended fix is to annotate the method with this argument or return type with the same annotation. Lithium handles this error by assuming the class cannot be included in some optimizations.
[03Aug2025 02:09:45.235] [main/ERROR] [net.minecraftforge.fml.loading.RuntimeDistCleaner/DISTXFORM]: Attempted to load class com/mojang/blaze3d/vertex/PoseStack for invalid dist DEDICATED_SERVER
[03Aug2025 02:09:45.236] [main/WARN] [Radium Class Analysis/]: Radium Class Analysis Error: Class net.mehvahdjukaar.supplementaries.common.block.blocks.CannonBlock cannot be analysed, because getting declared methods crashes with RuntimeException: Attempted to load class com/mojang/blaze3d/vertex/PoseStack for invalid dist DEDICATED_SERVER. This is usually caused by modded entities declaring methods that have a return type or parameter type that is annotated with @OnlyIn(Dist.CLIENT). Loading the type is not possible, because it only exists in the CLIENT environment. The recommended fix is to annotate the method with this argument or return type with the same annotation. Lithium handles this error by assuming the class cannot be included in some optimizations.
[03Aug2025 02:09:45.236] [main/ERROR] [net.minecraftforge.fml.loading.RuntimeDistCleaner/DISTXFORM]: Attempted to load class com/mojang/blaze3d/vertex/PoseStack for invalid dist DEDICATED_SERVER
[03Aug2025 02:09:45.236] [main/WARN] [Radium Class Analysis/]: Radium Class Analysis Error: Class net.mehvahdjukaar.supplementaries.common.block.blocks.CannonBlock cannot be analysed, because getting declared methods crashes with RuntimeException: Attempted to load class com/mojang/blaze3d/vertex/PoseStack for invalid dist DEDICATED_SERVER. This is usually caused by modded entities declaring methods that have a return type or parameter type that is annotated with @OnlyIn(Dist.CLIENT). Loading the type is not possible, because it only exists in the CLIENT environment. The recommended fix is to annotate the method with this argument or return type with the same annotation. Lithium handles this error by assuming the class cannot be included in some optimizations.
[03Aug2025 02:09:45.237] [main/ERROR] [net.minecraftforge.fml.loading.RuntimeDistCleaner/DISTXFORM]: Attempted to load class com/mojang/blaze3d/vertex/PoseStack for invalid dist DEDICATED_SERVER
[03Aug2025 02:09:45.237] [main/WARN] [Radium Class Analysis/]: Radium Class Analysis Error: Class net.mehvahdjukaar.supplementaries.common.block.blocks.CannonBlock cannot be analysed, because getting declared methods crashes with RuntimeException: Attempted to load class com/mojang/blaze3d/vertex/PoseStack for invalid dist DEDICATED_SERVER. This is usually caused by modded entities declaring methods that have a return type or parameter type that is annotated with @OnlyIn(Dist.CLIENT). Loading the type is not possible, because it only exists in the CLIENT environment. The recommended fix is to annotate the method with this argument or return type with the same annotation. Lithium handles this error by assuming the class cannot be included in some optimizations.
[03Aug2025 02:09:45.237] [main/ERROR] [net.minecraftforge.fml.loading.RuntimeDistCleaner/DISTXFORM]: Attempted to load class com/mojang/blaze3d/vertex/PoseStack for invalid dist DEDICATED_SERVER
[03Aug2025 02:09:45.237] [main/WARN] [Radium Class Analysis/]: Radium Class Analysis Error: Class net.mehvahdjukaar.supplementaries.common.block.blocks.CannonBlock cannot be analysed, because getting declared methods crashes with RuntimeException: Attempted to load class com/mojang/blaze3d/vertex/PoseStack for invalid dist DEDICATED_SERVER. This is usually caused by modded entities declaring methods that have a return type or parameter type that is annotated with @OnlyIn(Dist.CLIENT). Loading the type is not possible, because it only exists in the CLIENT environment. The recommended fix is to annotate the method with this argument or return type with the same annotation. Lithium handles this error by assuming the class cannot be included in some optimizations.
[03Aug2025 02:09:45.238] [main/ERROR] [net.minecraftforge.fml.loading.RuntimeDistCleaner/DISTXFORM]: Attempted to load class com/mojang/blaze3d/vertex/PoseStack for invalid dist DEDICATED_SERVER
[03Aug2025 02:09:45.238] [main/WARN] [Radium Class Analysis/]: Radium Class Analysis Error: Class net.mehvahdjukaar.supplementaries.common.block.blocks.CannonBlock cannot be analysed, because getting declared methods crashes with RuntimeException: Attempted to load class com/mojang/blaze3d/vertex/PoseStack for invalid dist DEDICATED_SERVER. This is usually caused by modded entities declaring methods that have a return type or parameter type that is annotated with @OnlyIn(Dist.CLIENT). Loading the type is not possible, because it only exists in the CLIENT environment. The recommended fix is to annotate the method with this argument or return type with the same annotation. Lithium handles this error by assuming the class cannot be included in some optimizations.
[03Aug2025 02:09:45.238] [main/ERROR] [net.minecraftforge.fml.loading.RuntimeDistCleaner/DISTXFORM]: Attempted to load class com/mojang/blaze3d/vertex/PoseStack for invalid dist DEDICATED_SERVER
[03Aug2025 02:09:45.238] [main/WARN] [Radium Class Analysis/]: Radium Class Analysis Error: Class net.mehvahdjukaar.supplementaries.common.block.blocks.CannonBlock cannot be analysed, because getting declared methods crashes with RuntimeException: Attempted to load class com/mojang/blaze3d/vertex/PoseStack for invalid dist DEDICATED_SERVER. This is usually caused by modded entities declaring methods that have a return type or parameter type that is annotated with @OnlyIn(Dist.CLIENT). Loading the type is not possible, because it only exists in the CLIENT environment. The recommended fix is to annotate the method with this argument or return type with the same annotation. Lithium handles this error by assuming the class cannot be included in some optimizations.
[03Aug2025 02:09:48.544] [main/INFO] [Moonlight/]: Applied 7 data villager trades
[03Aug2025 02:09:49.067] [main/INFO] [Supplementaries/]: Finished additional setup in 0 ms
[03Aug2025 02:09:49.345] [Server thread/INFO] [net.minecraft.server.dedicated.DedicatedServer/]: Starting minecraft server version 1.20.1
[03Aug2025 02:09:49.345] [Server thread/INFO] [net.minecraft.server.dedicated.DedicatedServer/]: Loading properties
[03Aug2025 02:09:49.346] [Server thread/INFO] [net.minecraft.server.dedicated.DedicatedServer/]: Default game type: SURVIVAL
[03Aug2025 02:09:49.347] [Server thread/INFO] [net.minecraft.server.MinecraftServer/]: Generating keypair
[03Aug2025 02:09:49.421] [Server thread/INFO] [net.minecraft.server.dedicated.DedicatedServer/]: Starting Minecraft server on *:25565
[03Aug2025 02:09:49.469] [Server thread/INFO] [net.minecraft.server.network.ServerConnectionListener/]: Using epoll channel type
[03Aug2025 02:09:49.597] [Thread-4/INFO] [com.dairymoose.modernlife.core.ModernLifeConfig/]: Using camera extension: .png
[03Aug2025 02:09:49.597] [Thread-4/INFO] [com.dairymoose.modernlife.core.ModernLifeConfig/]: Using easel extension: .png
[03Aug2025 02:09:49.598] [Thread-4/INFO] [com.dairymoose.modernlife.core.ModernLifeConfig/]: Using camera extension: .png
[03Aug2025 02:09:49.598] [Thread-4/INFO] [com.dairymoose.modernlife.core.ModernLifeConfig/]: Using easel extension: .png
[03Aug2025 02:09:49.632] [Server thread/INFO] [journeymap/]: Loading JourneyMap Forge Configs
[03Aug2025 02:09:49.632] [Thread-4/INFO] [journeymap/]: Loading JourneyMap Forge Configs
[03Aug2025 02:09:49.633] [Thread-4/INFO] [journeymap/]: Loading JourneyMap Forge Configs
[03Aug2025 02:09:50.139] [Server thread/INFO] [spark/]: Starting background profiler...
[03Aug2025 02:09:51.217] [Server thread/INFO] [Framework/]: Loading server configs...
[03Aug2025 02:09:51.280] [Server thread/INFO] [terrablender/]: Initialized TerraBlender biomes for level stem minecraft:the_nether
[03Aug2025 02:09:51.857] [Server thread/INFO] [terrablender/]: Initialized TerraBlender biomes for level stem minecraft:overworld
[03Aug2025 02:09:51.859] [Server thread/INFO] [net.minecraft.server.dedicated.DedicatedServer/]: Preparing level "Karma Calde"
[03Aug2025 02:09:52.025] [Server thread/WARN] [mixin/]: Method overwrite conflict for m_140184_ in lithium.mixins.json:world.player_chunk_tick.ThreadedAnvilChunkStorageMixin, previously written by me.steinborn.krypton.mixin.shared.network.flushconsolidation.ThreadedAnvilChunkStorageMixin. Skipping method.
[03Aug2025 02:09:52.456] [Server thread/INFO] [shetiphian.core.ShetiPhianCore/]: Loading Teams Data
[03Aug2025 02:09:52.458] [Server thread/INFO] [shetiphian.core.ShetiPhianCore/]: Finished Loading Teams Data
[03Aug2025 02:09:52.481] [Server thread/WARN] [yungsapi/]: WARNING: block Block{minecraft:coal_ore} added to BlockStateRandomizer exceeds max probabiltiy of 1!
[03Aug2025 02:09:53.531] [Server thread/WARN] [net.minecraft.network.syncher.SynchedEntityData/]: defineId called for: class forge.net.mca.entity.CribEntity from class forge.net.mca.util.network.datasync.CDataParameter
[03Aug2025 02:09:53.534] [Server thread/WARN] [net.minecraft.network.syncher.SynchedEntityData/]: defineId called for: class forge.net.mca.entity.CribEntity from class forge.net.mca.util.network.datasync.CEnumParameter
[03Aug2025 02:09:53.535] [Server thread/WARN] [net.minecraft.network.syncher.SynchedEntityData/]: defineId called for: class forge.net.mca.entity.CribEntity from class forge.net.mca.util.network.datasync.CEnumParameter
[03Aug2025 02:09:53.656] [Server thread/WARN] [net.minecraft.network.syncher.SynchedEntityData/]: defineId called for: class forge.net.mca.entity.ZombieVillagerEntityMCA from class forge.net.mca.util.network.datasync.CDataParameter
[03Aug2025 02:09:53.658] [Server thread/WARN] [net.minecraft.network.syncher.SynchedEntityData/]: defineId called for: class forge.net.mca.entity.ZombieVillagerEntityMCA from class forge.net.mca.util.network.datasync.CDataParameter
[03Aug2025 02:09:53.658] [Server thread/WARN] [net.minecraft.network.syncher.SynchedEntityData/]: defineId called for: class forge.net.mca.entity.ZombieVillagerEntityMCA from class forge.net.mca.util.network.datasync.CDataParameter
[03Aug2025 02:09:53.659] [Server thread/WARN] [net.minecraft.network.syncher.SynchedEntityData/]: defineId called for: class forge.net.mca.entity.ZombieVillagerEntityMCA from class forge.net.mca.util.network.datasync.CDataParameter
[03Aug2025 02:09:53.659] [Server thread/WARN] [net.minecraft.network.syncher.SynchedEntityData/]: defineId called for: class forge.net.mca.entity.ZombieVillagerEntityMCA from class forge.net.mca.util.network.datasync.CDataParameter
[03Aug2025 02:09:53.660] [Server thread/WARN] [net.minecraft.network.syncher.SynchedEntityData/]: defineId called for: class forge.net.mca.entity.ZombieVillagerEntityMCA from class forge.net.mca.util.network.datasync.CDataParameter
[03Aug2025 02:09:53.661] [Server thread/WARN] [net.minecraft.network.syncher.SynchedEntityData/]: defineId called for: class forge.net.mca.entity.ZombieVillagerEntityMCA from class forge.net.mca.util.network.datasync.CDataParameter
[03Aug2025 02:09:53.661] [Server thread/WARN] [net.minecraft.network.syncher.SynchedEntityData/]: defineId called for: class forge.net.mca.entity.ZombieVillagerEntityMCA from class forge.net.mca.util.network.datasync.CEnumParameter
[03Aug2025 02:09:53.662] [Server thread/WARN] [net.minecraft.network.syncher.SynchedEntityData/]: defineId called for: class forge.net.mca.entity.ZombieVillagerEntityMCA from class forge.net.mca.util.network.datasync.CDataParameter
[03Aug2025 02:09:53.663] [Server thread/WARN] [net.minecraft.network.syncher.SynchedEntityData/]: defineId called for: class forge.net.mca.entity.ZombieVillagerEntityMCA from class forge.net.mca.util.network.datasync.CDataParameter
[03Aug2025 02:09:53.664] [Server thread/WARN] [net.minecraft.network.syncher.SynchedEntityData/]: defineId called for: class forge.net.mca.entity.ZombieVillagerEntityMCA from class forge.net.mca.util.network.datasync.CDataParameter
[03Aug2025 02:09:53.665] [Server thread/WARN] [net.minecraft.network.syncher.SynchedEntityData/]: defineId called for: class forge.net.mca.entity.ZombieVillagerEntityMCA from class forge.net.mca.util.network.datasync.CDataParameter
[03Aug2025 02:09:53.666] [Server thread/WARN] [net.minecraft.network.syncher.SynchedEntityData/]: defineId called for: class forge.net.mca.entity.ZombieVillagerEntityMCA from class forge.net.mca.util.network.datasync.CDataParameter
[03Aug2025 02:09:53.666] [Server thread/WARN] [net.minecraft.network.syncher.SynchedEntityData/]: defineId called for: class forge.net.mca.entity.ZombieVillagerEntityMCA from class forge.net.mca.util.network.datasync.CDataParameter
[03Aug2025 02:09:53.667] [Server thread/WARN] [net.minecraft.network.syncher.SynchedEntityData/]: defineId called for: class forge.net.mca.entity.ZombieVillagerEntityMCA from class forge.net.mca.util.network.datasync.CDataParameter
[03Aug2025 02:09:53.667] [Server thread/WARN] [net.minecraft.network.syncher.SynchedEntityData/]: defineId called for: class forge.net.mca.entity.ZombieVillagerEntityMCA from class forge.net.mca.util.network.datasync.CDataParameter
[03Aug2025 02:09:53.668] [Server thread/WARN] [net.minecraft.network.syncher.SynchedEntityData/]: defineId called for: class forge.net.mca.entity.ZombieVillagerEntityMCA from class forge.net.mca.util.network.datasync.CDataParameter
[03Aug2025 02:09:53.669] [Server thread/WARN] [net.minecraft.network.syncher.SynchedEntityData/]: defineId called for: class forge.net.mca.entity.ZombieVillagerEntityMCA from class forge.net.mca.util.network.datasync.CDataParameter
[03Aug2025 02:09:53.670] [Server thread/WARN] [net.minecraft.network.syncher.SynchedEntityData/]: defineId called for: class forge.net.mca.entity.ZombieVillagerEntityMCA from class forge.net.mca.util.network.datasync.CDataParameter
[03Aug2025 02:09:53.671] [Server thread/WARN] [net.minecraft.network.syncher.SynchedEntityData/]: defineId called for: class forge.net.mca.entity.ZombieVillagerEntityMCA from class forge.net.mca.util.network.datasync.CEnumParameter
[03Aug2025 02:09:53.671] [Server thread/WARN] [net.minecraft.network.syncher.SynchedEntityData/]: defineId called for: class forge.net.mca.entity.ZombieVillagerEntityMCA from class forge.net.mca.util.network.datasync.CDataParameter
[03Aug2025 02:09:53.674] [Server thread/WARN] [net.minecraft.network.syncher.SynchedEntityData/]: defineId called for: class forge.net.mca.entity.ZombieVillagerEntityMCA from class forge.net.mca.util.network.datasync.CDataParameter
[03Aug2025 02:09:53.675] [Server thread/WARN] [net.minecraft.network.syncher.SynchedEntityData/]: defineId called for: class forge.net.mca.entity.ZombieVillagerEntityMCA from class forge.net.mca.util.network.datasync.CEnumParameter
[03Aug2025 02:09:53.675] [Server thread/WARN] [net.minecraft.network.syncher.SynchedEntityData/]: defineId called for: class forge.net.mca.entity.ZombieVillagerEntityMCA from class forge.net.mca.util.network.datasync.CDataParameter
[03Aug2025 02:09:53.675] [Server thread/WARN] [net.minecraft.network.syncher.SynchedEntityData/]: defineId called for: class forge.net.mca.entity.ZombieVillagerEntityMCA from class forge.net.mca.util.network.datasync.CEnumParameter
[03Aug2025 02:09:53.675] [Server thread/WARN] [net.minecraft.network.syncher.SynchedEntityData/]: defineId called for: class forge.net.mca.entity.ZombieVillagerEntityMCA from class forge.net.mca.util.network.datasync.CEnumParameter
[03Aug2025 02:09:53.676] [Server thread/WARN] [net.minecraft.network.syncher.SynchedEntityData/]: defineId called for: class forge.net.mca.entity.ZombieVillagerEntityMCA from class forge.net.mca.util.network.datasync.CDataParameter
[03Aug2025 02:09:53.676] [Server thread/WARN] [net.minecraft.network.syncher.SynchedEntityData/]: defineId called for: class forge.net.mca.entity.ZombieVillagerEntityMCA from class forge.net.mca.util.network.datasync.CDataParameter
[03Aug2025 02:09:53.677] [Server thread/WARN] [net.minecraft.network.syncher.SynchedEntityData/]: defineId called for: class forge.net.mca.entity.ZombieVillagerEntityMCA from class forge.net.mca.util.network.datasync.CDataParameter
[03Aug2025 02:09:53.677] [Server thread/WARN] [net.minecraft.network.syncher.SynchedEntityData/]: defineId called for: class forge.net.mca.entity.ZombieVillagerEntityMCA from class forge.net.mca.util.network.datasync.CDataParameter
[03Aug2025 02:09:53.677] [Server thread/WARN] [net.minecraft.network.syncher.SynchedEntityData/]: defineId called for: class forge.net.mca.entity.ZombieVillagerEntityMCA from class forge.net.mca.util.network.datasync.CDataParameter
[03Aug2025 02:09:53.678] [Server thread/WARN] [net.minecraft.network.syncher.SynchedEntityData/]: defineId called for: class forge.net.mca.entity.ZombieVillagerEntityMCA from class forge.net.mca.util.network.datasync.CDataParameter
[03Aug2025 02:09:53.681] [Server thread/WARN] [net.minecraft.network.syncher.SynchedEntityData/]: defineId called for: class forge.net.mca.entity.ZombieVillagerEntityMCA from class forge.net.mca.util.network.datasync.CDataParameter
[03Aug2025 02:09:53.682] [Server thread/WARN] [net.minecraft.network.syncher.SynchedEntityData/]: defineId called for: class forge.net.mca.entity.ZombieVillagerEntityMCA from class forge.net.mca.util.network.datasync.CDataParameter
[03Aug2025 02:09:53.682] [Server thread/WARN] [net.minecraft.network.syncher.SynchedEntityData/]: defineId called for: class forge.net.mca.entity.ZombieVillagerEntityMCA from class forge.net.mca.util.network.datasync.CDataParameter
[03Aug2025 02:09:53.682] [Server thread/WARN] [net.minecraft.network.syncher.SynchedEntityData/]: defineId called for: class forge.net.mca.entity.ZombieVillagerEntityMCA from class forge.net.mca.util.network.datasync.CDataParameter
[03Aug2025 02:09:53.682] [Server thread/WARN] [net.minecraft.network.syncher.SynchedEntityData/]: defineId called for: class forge.net.mca.entity.ZombieVillagerEntityMCA from class forge.net.mca.util.network.datasync.CDataParameter
[03Aug2025 02:09:59.206] [Server thread/WARN] [yungsapi/]: WARNING: block Block{minecraft:coal_ore} added to BlockStateRandomizer exceeds max probabiltiy of 1!
[03Aug2025 02:09:59.216] [Server thread/WARN] [yungsapi/]: WARNING: block Block{minecraft:coal_ore} added to BlockStateRandomizer exceeds max probabiltiy of 1!
[03Aug2025 02:09:59.235] [Server thread/WARN] [yungsapi/]: WARNING: block Block{minecraft:coal_ore} added to BlockStateRandomizer exceeds max probabiltiy of 1!
[03Aug2025 02:10:04.497] [Server thread/WARN] [yungsapi/]: WARNING: block Block{minecraft:coal_ore} added to BlockStateRandomizer exceeds max probabiltiy of 1!
[03Aug2025 02:10:04.506] [Server thread/WARN] [yungsapi/]: WARNING: block Block{minecraft:coal_ore} added to BlockStateRandomizer exceeds max probabiltiy of 1!
[03Aug2025 02:10:04.511] [Server thread/WARN] [com.structureessentials.StructureEssentials/]: Non-unique structure_set salt:0 potentially creating overlapping structures detected. Structure sets: [minecraft:mineshafts, witherstormmod:bowels, minecraft:strongholds, minecraft:buried_treasures]
[03Aug2025 02:10:04.511] [Server thread/WARN] [com.structureessentials.StructureEssentials/]: Non-unique structure_set salt:784827271 potentially creating overlapping structures detected. Structure sets: [betterfortresses:fortress, betteroceanmonuments:ocean_monument]
[03Aug2025 02:10:04.511] [Server thread/WARN] [com.structureessentials.StructureEssentials/]: Non-unique structure_set salt:10387313 potentially creating overlapping structures detected. Structure sets: [minecraft:ocean_monuments, dungeoncrawl:dungeons, minecraft:end_cities]
[03Aug2025 02:10:04.512] [Server thread/INFO] [net.minecraft.server.MinecraftServer/]: Preparing start region for dimension minecraft:overworld
[03Aug2025 02:10:06.848] [Worker-Main-3/INFO] [net.minecraft.server.level.progress.LoggerChunkProgressListener/]: Preparing spawn area: 0%
[03Aug2025 02:10:06.924] [Worker-Main-3/INFO] [net.minecraft.server.level.progress.LoggerChunkProgressListener/]: Preparing spawn area: 0%
[03Aug2025 02:10:06.926] [Worker-Main-2/INFO] [net.minecraft.server.level.progress.LoggerChunkProgressListener/]: Preparing spawn area: 0%
[03Aug2025 02:10:06.926] [Worker-Main-2/INFO] [net.minecraft.server.level.progress.LoggerChunkProgressListener/]: Preparing spawn area: 0%
[03Aug2025 02:10:06.927] [Worker-Main-2/INFO] [net.minecraft.server.level.progress.LoggerChunkProgressListener/]: Preparing spawn area: 0%
[03Aug2025 02:10:07.040] [Worker-Main-2/INFO] [net.minecraft.server.level.progress.LoggerChunkProgressListener/]: Preparing spawn area: 0%
[03Aug2025 02:10:07.515] [Worker-Main-3/INFO] [net.minecraft.server.level.progress.LoggerChunkProgressListener/]: Preparing spawn area: 0%
[03Aug2025 02:10:08.015] [Worker-Main-2/INFO] [net.minecraft.server.level.progress.LoggerChunkProgressListener/]: Preparing spawn area: 0%
[03Aug2025 02:10:08.514] [Worker-Main-3/INFO] [net.minecraft.server.level.progress.LoggerChunkProgressListener/]: Preparing spawn area: 0%
[03Aug2025 02:10:09.247] [Worker-Main-2/INFO] [net.minecraft.server.level.progress.LoggerChunkProgressListener/]: Preparing spawn area: 0%
[03Aug2025 02:10:09.311] [Server thread/INFO] [com.cupboard.Cupboard/]: Loaded config for: limitedchunks.json
[03Aug2025 02:10:09.514] [Worker-Main-1/INFO] [net.minecraft.server.level.progress.LoggerChunkProgressListener/]: Preparing spawn area: 10%
[03Aug2025 02:10:09.710] [Server thread/INFO] [com.cupboard.Cupboard/]: Loaded config for: brutalbosses.json
[03Aug2025 02:10:10.015] [Worker-Main-1/INFO] [net.minecraft.server.level.progress.LoggerChunkProgressListener/]: Preparing spawn area: 43%
[03Aug2025 02:10:10.408] [Server thread/WARN] [untamedwilds.UntamedWilds/]: There's no species provided for the EntityType
[03Aug2025 02:10:10.513] [Worker-Main-1/INFO] [net.minecraft.server.level.progress.LoggerChunkProgressListener/]: Preparing spawn area: 69%
[03Aug2025 02:10:10.907] [Server thread/WARN] [untamedwilds.UntamedWilds/]: There's no species provided for the EntityType
[03Aug2025 02:10:10.908] [Server thread/WARN] [untamedwilds.UntamedWilds/]: There's no species provided for the EntityType
[03Aug2025 02:10:11.088] [Worker-Main-2/INFO] [net.minecraft.server.level.progress.LoggerChunkProgressListener/]: Preparing spawn area: 88%
[03Aug2025 02:10:11.156] [Server thread/WARN] [untamedwilds.UntamedWilds/]: There's no species provided for the EntityType
[03Aug2025 02:10:11.157] [Server thread/WARN] [untamedwilds.UntamedWilds/]: There's no species provided for the EntityType
[03Aug2025 02:10:11.158] [Server thread/WARN] [untamedwilds.UntamedWilds/]: There's no species provided for the EntityType
[03Aug2025 02:10:11.160] [Server thread/WARN] [untamedwilds.UntamedWilds/]: There's no species provided for the EntityType
[03Aug2025 02:10:11.163] [Server thread/WARN] [untamedwilds.UntamedWilds/]: There's no species provided for the EntityType
[03Aug2025 02:10:11.195] [Server thread/INFO] [net.minecraft.server.level.progress.LoggerChunkProgressListener/]: Time elapsed: 6682 ms
[03Aug2025 02:10:11.195] [Server thread/INFO] [net.minecraft.server.dedicated.DedicatedServer/]: Done (21.601s)! For help, type "help"
[03Aug2025 02:10:11.511] [Server thread/INFO] [net.minecraftforge.server.permission.PermissionAPI/]: Successfully initialized permission handler forge:default_handler
[03Aug2025 02:10:11.516] [Server thread/INFO] [exclusive_weapons_armor_and_tools.Main/]: 服务器启动设置
[03Aug2025 02:10:11.517] [pool-5-thread-1/INFO] [com.dairymoose.modernlife.core.ModernLifeCommon/]: Start checksum threadpool for size=0
[03Aug2025 02:10:11.517] [Server thread/INFO] [super_ore_block.Main/]: 服务器启动设置
[03Aug2025 02:10:11.568] [Server thread/INFO] [K-Turrets/]: Cobble unit ammo:
[03Aug2025 02:10:11.569] [Server thread/INFO] [K-Turrets/]: minecraft:cobblestone
[03Aug2025 02:10:11.569] [Server thread/INFO] [K-Turrets/]: minecraft:blackstone
[03Aug2025 02:10:11.570] [Server thread/INFO] [K-Turrets/]: minecraft:cobbled_deepslate
[03Aug2025 02:10:11.570] [Server thread/INFO] [K-Turrets/]: bygonenether:cobbled_blackstone
[03Aug2025 02:10:11.570] [Server thread/INFO] [K-Turrets/]: witherstormmod:tainted_cobblestone
[03Aug2025 02:10:11.570] [Server thread/INFO] [K-Turrets/]: minecraft:diorite
[03Aug2025 02:10:11.570] [Server thread/INFO] [K-Turrets/]: minecraft:granite
[03Aug2025 02:10:11.570] [Server thread/INFO] [K-Turrets/]: minecraft:andesite
[03Aug2025 02:10:11.570] [Server thread/INFO] [K-Turrets/]: 
[03Aug2025 02:10:11.570] [Server thread/INFO] [K-Turrets/]: Bullet unit ammo:
[03Aug2025 02:10:11.571] [Server thread/INFO] [K-Turrets/]: k_turrets:bullet
[03Aug2025 02:10:11.571] [Server thread/INFO] [K-Turrets/]: 
[03Aug2025 02:10:11.571] [Server thread/INFO] [K-Turrets/]: Brick unit ammo:
[03Aug2025 02:10:11.571] [Server thread/INFO] [K-Turrets/]: minecraft:brick
[03Aug2025 02:10:11.572] [Server thread/INFO] [K-Turrets/]: supplementaries:ash_brick
[03Aug2025 02:10:11.572] [Server thread/INFO] [K-Turrets/]: minecraft:nether_brick
[03Aug2025 02:10:11.572] [Server thread/INFO] [K-Turrets/]: 
[03Aug2025 02:10:11.572] [Server thread/INFO] [K-Turrets/]: Gauss unit ammo:
[03Aug2025 02:10:11.572] [Server thread/INFO] [K-Turrets/]: k_turrets:gauss_bullet
[03Aug2025 02:10:11.572] [Server thread/INFO] [K-Turrets/]: 
[03Aug2025 02:10:11.572] [Server thread/INFO] [K-Turrets/]: Fireball unit ammo:
[03Aug2025 02:10:11.573] [Server thread/INFO] [K-Turrets/]: k_turrets:explosive_powder
[03Aug2025 02:10:11.573] [Server thread/INFO] [K-Turrets/]: minecraft:fire_charge
[03Aug2025 02:10:11.573] [Server thread/INFO] [K-Turrets/]: 
[03Aug2025 02:10:11.573] [Server thread/INFO] [K-Turrets/]: Arrow unit ammo:
[03Aug2025 02:10:11.573] [Server thread/INFO] [K-Turrets/]: minecraft:arrow
[03Aug2025 02:10:11.574] [Server thread/INFO] [K-Turrets/]: minecraft:spectral_arrow
[03Aug2025 02:10:11.574] [Server thread/INFO] [K-Turrets/]: minecraft:tipped_arrow
[03Aug2025 02:10:11.641] [Server thread/INFO] [atomicstryker.infernalmobs.common.InfernalMobsCore/]: item config parser finished, item count: 14
[03Aug2025 02:10:11.642] [Server thread/INFO] [atomicstryker.infernalmobs.common.InfernalMobsCore/]: item config parser finished, item count: 17
[03Aug2025 02:10:11.642] [Server thread/INFO] [atomicstryker.infernalmobs.common.InfernalMobsCore/]: item config parser finished, item count: 16
[03Aug2025 02:10:11.644] [Server thread/INFO] [atomicstryker.infernalmobs.common.InfernalMobsCore/]: InfernalMobsCore commonSetup completed! Modifiers ready: 28
[03Aug2025 02:10:11.644] [Server thread/INFO] [atomicstryker.infernalmobs.common.InfernalMobsCore/]: InfernalMobsCore commonSetup completed! config file at: /workspaces/KarmaCalde/servidor_minecraft/./config/infernalmobs.cfg
[03Aug2025 02:10:11.712] [Server thread/INFO] [com.cupboard.Cupboard/]: Loaded config for: betterfpsdist.json
[03Aug2025 02:10:11.713] [Server thread/INFO] [com.cupboard.Cupboard/]: Loaded config for: lootintegrations.json
[03Aug2025 02:10:11.713] [Server thread/INFO] [com.cupboard.Cupboard/]: Loaded config for: connectivity.json
[03Aug2025 02:10:11.713] [Server thread/INFO] [com.cupboard.Cupboard/]: Loaded config for: clickadv.json
[03Aug2025 02:10:11.714] [Server thread/INFO] [com.cupboard.Cupboard/]: Loaded config for: chunksending.json
[03Aug2025 02:10:11.714] [Server thread/INFO] [com.cupboard.Cupboard/]: Loaded config for: smoothchunk.json
[03Aug2025 02:10:11.764] [Server thread/WARN] [net.minecraft.network.syncher.SynchedEntityData/]: defineId called for: class net.minecraft.world.entity.player.Player from class tschipp.carryon.common.carry.CarryOnDataManager
[03Aug2025 02:10:11.967] [VoiceChatServerThread/INFO] [voicechat/]: [voicechat] Voice host is 'however-transactions.gl.at.ply.gg'
[03Aug2025 02:10:11.968] [Server thread/INFO] [patchouli/]: Sending reload packet to clients
[03Aug2025 02:10:11.969] [VoiceChatServerThread/INFO] [voicechat/]: [voicechat] Voice chat server started at port 4169
[03Aug2025 02:10:12.580] [pool-15-thread-1/INFO] [com.dairymoose.modernlife.core.ModernLifeCommon/]: Started PendingImageUpdateThread
